Period,Country,Number,Name,Ratio
202212,AT,AQT_3.1,Non-performing debt instruments (loans and advances & debt securities) other than held for trading to total gross debt instruments (NPE ratio),0.015876048998696598
202212,BE,AQT_3.1,Non-performing debt instruments (loans and advances & debt securities) other than held for trading to total gross debt instruments (NPE ratio),0.013132957037625896
202212,BG,AQT_3.1,Non-performing debt instruments (loans and advances & debt securities) other than held for trading to total gross debt instruments (NPE ratio),0.02259101582999159
202212,CY,AQT_3.1,Non-performing debt instruments (loans and advances & debt securities) other than held for trading to total gross debt instruments (NPE ratio),0.02570007889617543
202212,CZ,AQT_3.1,Non-performing debt instruments (loans and advances & debt securities) other than held for trading to total gross debt instruments (NPE ratio),0.011536845283157956
202212,DE,AQT_3.1,Non-performing debt instruments (loans and advances & debt securities) other than held for trading to total gross debt instruments (NPE ratio),0.009837705110520154
202212,DK,AQT_3.1,Non-performing debt instruments (loans and advances & debt securities) other than held for trading to total gross debt instruments (NPE ratio),0.012709491945957973
202212,EE,AQT_3.1,Non-performing debt instruments (loans and advances & debt securities) other than held for trading to total gross debt instruments (NPE ratio),0.005544941170923878
202212,ES,AQT_3.1,Non-performing debt instruments (loans and advances & debt securities) other than held for trading to total gross debt instruments (NPE ratio),0.024158210521420535
202212,EU,AQT_3.1,Non-performing debt instruments (loans and advances & debt securities) other than held for trading to total gross debt instruments (NPE ratio),0.016043969078247164
202212,FI,AQT_3.1,Non-performing debt instruments (loans and advances & debt securities) other than held for trading to total gross debt instruments (NPE ratio),0.008367733682507388
202212,FR,AQT_3.1,Non-performing debt instruments (loans and advances & debt securities) other than held for trading to total gross debt instruments (NPE ratio),0.01717369834109422
202212,GR,AQT_3.1,Non-performing debt instruments (loans and advances & debt securities) other than held for trading to total gross debt instruments (NPE ratio),0.037258938460787226
202212,HR,AQT_3.1,Non-performing debt instruments (loans and advances & debt securities) other than held for trading to total gross debt instruments (NPE ratio),0.0197019150471477
202212,HU,AQT_3.1,Non-performing debt instruments (loans and advances & debt securities) other than held for trading to total gross debt instruments (NPE ratio),0.0285750914081813
202212,IE,AQT_3.1,Non-performing debt instruments (loans and advances & debt securities) other than held for trading to total gross debt instruments (NPE ratio),0.016029636350450863
202212,IS,AQT_3.1,Non-performing debt instruments (loans and advances & debt securities) other than held for trading to total gross debt instruments (NPE ratio),0.012396822079375406
202212,IT,AQT_3.1,Non-performing debt instruments (loans and advances & debt securities) other than held for trading to total gross debt instruments (NPE ratio),0.019391917332598235
202212,LI,AQT_3.1,Non-performing debt instruments (loans and advances & debt securities) other than held for trading to total gross debt instruments (NPE ratio),0.0033974127247365714
202212,LT,AQT_3.1,Non-performing debt instruments (loans and advances & debt securities) other than held for trading to total gross debt instruments (NPE ratio),0.004147842319646391
202212,LU,AQT_3.1,Non-performing debt instruments (loans and advances & debt securities) other than held for trading to total gross debt instruments (NPE ratio),0.011039389107060718
202212,LV,AQT_3.1,Non-performing debt instruments (loans and advances & debt securities) other than held for trading to total gross debt instruments (NPE ratio),0.004408447983675696
202212,MT,AQT_3.1,Non-performing debt instruments (loans and advances & debt securities) other than held for trading to total gross debt instruments (NPE ratio),0.01567384555363364
202212,NL,AQT_3.1,Non-performing debt instruments (loans and advances & debt securities) other than held for trading to total gross debt instruments (NPE ratio),0.012912560755348553
202212,NO,AQT_3.1,Non-performing debt instruments (loans and advances & debt securities) other than held for trading to total gross debt instruments (NPE ratio),0.010276378322425618
202212,PL,AQT_3.1,Non-performing debt instruments (loans and advances & debt securities) other than held for trading to total gross debt instruments (NPE ratio),0.03194045930674392
202212,PT,AQT_3.1,Non-performing debt instruments (loans and advances & debt securities) other than held for trading to total gross debt instruments (NPE ratio),0.025429274945645616
202212,RO,AQT_3.1,Non-performing debt instruments (loans and advances & debt securities) other than held for trading to total gross debt instruments (NPE ratio),0.019115653774936896
202212,SE,AQT_3.1,Non-performing debt instruments (loans and advances & debt securities) other than held for trading to total gross debt instruments (NPE ratio),0.00217863019466431
202212,SI,AQT_3.1,Non-performing debt instruments (loans and advances & debt securities) other than held for trading to total gross debt instruments (NPE ratio),0.014438022183575906
202212,SK,AQT_3.1,Non-performing debt instruments (loans and advances & debt securities) other than held for trading to total gross debt instruments (NPE ratio),0.012603438828845128
202212,AT,AQT_3.2,"Share of non‐performing loans and advances
(NPL ratio)",0.01843143725944012
202212,BE,AQT_3.2,"Share of non‐performing loans and advances
(NPL ratio)",0.01494645876525807
202212,BG,AQT_3.2,"Share of non‐performing loans and advances
(NPL ratio)",0.025417234273402
202212,CY,AQT_3.2,"Share of non‐performing loans and advances
(NPL ratio)",0.030828731374432004
202212,CZ,AQT_3.2,"Share of non‐performing loans and advances
(NPL ratio)",0.014184313092945294
202212,DE,AQT_3.2,"Share of non‐performing loans and advances
(NPL ratio)",0.010807377337409744
202212,DK,AQT_3.2,"Share of non‐performing loans and advances
(NPL ratio)",0.014023397291044142
202212,EE,AQT_3.2,"Share of non‐performing loans and advances
(NPL ratio)",0.005827915147658279
202212,ES,AQT_3.2,"Share of non‐performing loans and advances
(NPL ratio)",0.027711106862541645
202212,EU,AQT_3.2,"Share of non‐performing loans and advances
(NPL ratio)",0.018016535317376715
202212,FI,AQT_3.2,"Share of non‐performing loans and advances
(NPL ratio)",0.009308048063507525
202212,FR,AQT_3.2,"Share of non‐performing loans and advances
(NPL ratio)",0.018554387740871908
202212,GR,AQT_3.2,"Share of non‐performing loans and advances
(NPL ratio)",0.045840825923288094
202212,HR,AQT_3.2,"Share of non‐performing loans and advances
(NPL ratio)",0.022225639625192084
202212,HU,AQT_3.2,"Share of non‐performing loans and advances
(NPL ratio)",0.03459251922352072
202212,IE,AQT_3.2,"Share of non‐performing loans and advances
(NPL ratio)",0.017853469376205394
202212,IS,AQT_3.2,"Share of non‐performing loans and advances
(NPL ratio)",0.012797677101043119
202212,IT,AQT_3.2,"Share of non‐performing loans and advances
(NPL ratio)",0.02450618187045799
202212,LI,AQT_3.2,"Share of non‐performing loans and advances
(NPL ratio)",0.0042593409370967296
202212,LT,AQT_3.2,"Share of non‐performing loans and advances
(NPL ratio)",0.0046745172085972935
202212,LU,AQT_3.2,"Share of non‐performing loans and advances
(NPL ratio)",0.012770436631134773
202212,LV,AQT_3.2,"Share of non‐performing loans and advances
(NPL ratio)",0.0047319626762606145
202212,MT,AQT_3.2,"Share of non‐performing loans and advances
(NPL ratio)",0.022174992423393786
202212,NL,AQT_3.2,"Share of non‐performing loans and advances
(NPL ratio)",0.013948391339922058
202212,NO,AQT_3.2,"Share of non‐performing loans and advances
(NPL ratio)",0.011694523153394015
202212,PL,AQT_3.2,"Share of non‐performing loans and advances
(NPL ratio)",0.04426949558740694
202212,PT,AQT_3.2,"Share of non‐performing loans and advances
(NPL ratio)",0.02979183087660642
202212,RO,AQT_3.2,"Share of non‐performing loans and advances
(NPL ratio)",0.027170477726577727
202212,SE,AQT_3.2,"Share of non‐performing loans and advances
(NPL ratio)",0.0023334743255865554
202212,SI,AQT_3.2,"Share of non‐performing loans and advances
(NPL ratio)",0.017854988698579755
202212,SK,AQT_3.2,"Share of non‐performing loans and advances
(NPL ratio)",0.014488930349761349
202212,AT,AQT_41.2,Coverage ratio of non-performing loans and advances,0.48580254105908044
202212,BE,AQT_41.2,Coverage ratio of non-performing loans and advances,0.4375682073728077
202212,BG,AQT_41.2,Coverage ratio of non-performing loans and advances,0.6647363438595172
202212,CY,AQT_41.2,Coverage ratio of non-performing loans and advances,0.3003603153588813
202212,CZ,AQT_41.2,Coverage ratio of non-performing loans and advances,0.5348977773683964
202212,DE,AQT_41.2,Coverage ratio of non-performing loans and advances,0.3468956519811111
202212,DK,AQT_41.2,Coverage ratio of non-performing loans and advances,0.28017827374065024
202212,EE,AQT_41.2,Coverage ratio of non-performing loans and advances,0.30478861875814856
202212,ES,AQT_41.2,Coverage ratio of non-performing loans and advances,0.4286929593672024
202212,EU,AQT_41.2,Coverage ratio of non-performing loans and advances,0.4350628314444807
202212,FI,AQT_41.2,Coverage ratio of non-performing loans and advances,0.29946170458870786
202212,FR,AQT_41.2,Coverage ratio of non-performing loans and advances,0.4668620058736595
202212,GR,AQT_41.2,Coverage ratio of non-performing loans and advances,0.44254616372116956
202212,HR,AQT_41.2,Coverage ratio of non-performing loans and advances,0.6584960665742778
202212,HU,AQT_41.2,Coverage ratio of non-performing loans and advances,0.5922825414379492
202212,IE,AQT_41.2,Coverage ratio of non-performing loans and advances,0.31277544672285973
202212,IS,AQT_41.2,Coverage ratio of non-performing loans and advances,0.22399647274847148
202212,IT,AQT_41.2,Coverage ratio of non-performing loans and advances,0.5325490436234668
202212,LI,AQT_41.2,Coverage ratio of non-performing loans and advances,0.34295744814657436
202212,LT,AQT_41.2,Coverage ratio of non-performing loans and advances,0.3745232462704582
202212,LU,AQT_41.2,Coverage ratio of non-performing loans and advances,0.40355595471665523
202212,LV,AQT_41.2,Coverage ratio of non-performing loans and advances,0.3465778890304187
202212,MT,AQT_41.2,Coverage ratio of non-performing loans and advances,0.3421233732982138
202212,NL,AQT_41.2,Coverage ratio of non-performing loans and advances,0.26556778863520564
202212,NO,AQT_41.2,Coverage ratio of non-performing loans and advances,0.24818727200591661
202212,PL,AQT_41.2,Coverage ratio of non-performing loans and advances,0.6344990094838366
202212,PT,AQT_41.2,Coverage ratio of non-performing loans and advances,0.5683114443918837
202212,RO,AQT_41.2,Coverage ratio of non-performing loans and advances,0.6835576206632928
202212,SE,AQT_41.2,Coverage ratio of non-performing loans and advances,0.40062743132713424
202212,SI,AQT_41.2,Coverage ratio of non-performing loans and advances,0.5129874240811806
202212,SK,AQT_41.2,Coverage ratio of non-performing loans and advances,0.6305974961393257
202212,AT,AQT_42.2,Forbearance ratio - Loans and advances (gross amount) (FBL),0.017586604012257298
202212,BE,AQT_42.2,Forbearance ratio - Loans and advances (gross amount) (FBL),0.01394402829284676
202212,BG,AQT_42.2,Forbearance ratio - Loans and advances (gross amount) (FBL),0.021988225373442062
202212,CY,AQT_42.2,Forbearance ratio - Loans and advances (gross amount) (FBL),0.05454253048714596
202212,CZ,AQT_42.2,Forbearance ratio - Loans and advances (gross amount) (FBL),0.009161888471556565
202212,DE,AQT_42.2,Forbearance ratio - Loans and advances (gross amount) (FBL),0.012302219596351827
202212,DK,AQT_42.2,Forbearance ratio - Loans and advances (gross amount) (FBL),0.005751985905342478
202212,EE,AQT_42.2,Forbearance ratio - Loans and advances (gross amount) (FBL),0.01726677048340593
202212,ES,AQT_42.2,Forbearance ratio - Loans and advances (gross amount) (FBL),0.02677924673908389
202212,EU,AQT_42.2,Forbearance ratio - Loans and advances (gross amount) (FBL),0.01591630154912895
202212,FI,AQT_42.2,Forbearance ratio - Loans and advances (gross amount) (FBL),0.012100265742306783
202212,FR,AQT_42.2,Forbearance ratio - Loans and advances (gross amount) (FBL),0.01030712994226781
202212,GR,AQT_42.2,Forbearance ratio - Loans and advances (gross amount) (FBL),0.05579554117472277
202212,HR,AQT_42.2,Forbearance ratio - Loans and advances (gross amount) (FBL),0.016088309805081226
202212,HU,AQT_42.2,Forbearance ratio - Loans and advances (gross amount) (FBL),0.03978124812625855
202212,IE,AQT_42.2,Forbearance ratio - Loans and advances (gross amount) (FBL),0.027524191036418035
202212,IS,AQT_42.2,Forbearance ratio - Loans and advances (gross amount) (FBL),0.04276854326345416
202212,IT,AQT_42.2,Forbearance ratio - Loans and advances (gross amount) (FBL),0.024735090968927443
202212,LI,AQT_42.2,Forbearance ratio - Loans and advances (gross amount) (FBL),0.003639303016595907
202212,LT,AQT_42.2,Forbearance ratio - Loans and advances (gross amount) (FBL),0.008703663826542078
202212,LU,AQT_42.2,Forbearance ratio - Loans and advances (gross amount) (FBL),0.008524700032307727
202212,LV,AQT_42.2,Forbearance ratio - Loans and advances (gross amount) (FBL),0.014159548434965351
202212,MT,AQT_42.2,Forbearance ratio - Loans and advances (gross amount) (FBL),0.02866855408388316
202212,NL,AQT_42.2,Forbearance ratio - Loans and advances (gross amount) (FBL),0.016766822679363625
202212,NO,AQT_42.2,Forbearance ratio - Loans and advances (gross amount) (FBL),0.014722998240557946
202212,PL,AQT_42.2,Forbearance ratio - Loans and advances (gross amount) (FBL),0.018638995687673115
202212,PT,AQT_42.2,Forbearance ratio - Loans and advances (gross amount) (FBL),0.02817043479697314
202212,RO,AQT_42.2,Forbearance ratio - Loans and advances (gross amount) (FBL),0.018103550961651366
202212,SE,AQT_42.2,Forbearance ratio - Loans and advances (gross amount) (FBL),0.00251417661900329
202212,SI,AQT_42.2,Forbearance ratio - Loans and advances (gross amount) (FBL),0.014340111326539954
202212,SK,AQT_42.2,Forbearance ratio - Loans and advances (gross amount) (FBL),0.014877101987104093
202212,AT,FND_32,Loans and advances-to-deposits ratio for households and non-financial corporations,0.9732994956705495
202212,BE,FND_32,Loans and advances-to-deposits ratio for households and non-financial corporations,0.9976294495307532
202212,BG,FND_32,Loans and advances-to-deposits ratio for households and non-financial corporations,0.7019124316183067
202212,CY,FND_32,Loans and advances-to-deposits ratio for households and non-financial corporations,0.4920888774233554
202212,CZ,FND_32,Loans and advances-to-deposits ratio for households and non-financial corporations,0.8124449533452898
202212,DE,FND_32,Loans and advances-to-deposits ratio for households and non-financial corporations,1.1923754388907546
202212,DK,FND_32,Loans and advances-to-deposits ratio for households and non-financial corporations,2.9340088072191572
202212,EE,FND_32,Loans and advances-to-deposits ratio for households and non-financial corporations,1.019193135565537
202212,ES,FND_32,Loans and advances-to-deposits ratio for households and non-financial corporations,0.9980742848552571
202212,EU,FND_32,Loans and advances-to-deposits ratio for households and non-financial corporations,1.081066589867174
202212,FI,FND_32,Loans and advances-to-deposits ratio for households and non-financial corporations,1.6507915410718204
202212,FR,FND_32,Loans and advances-to-deposits ratio for households and non-financial corporations,1.073482422025226
202212,GR,FND_32,Loans and advances-to-deposits ratio for households and non-financial corporations,0.6043039991729986
202212,HR,FND_32,Loans and advances-to-deposits ratio for households and non-financial corporations,0.6021794175526863
202212,HU,FND_32,Loans and advances-to-deposits ratio for households and non-financial corporations,0.7822573246033315
202212,IE,FND_32,Loans and advances-to-deposits ratio for households and non-financial corporations,0.6574471920853298
202212,IS,FND_32,Loans and advances-to-deposits ratio for households and non-financial corporations,1.7825772122180292
202212,IT,FND_32,Loans and advances-to-deposits ratio for households and non-financial corporations,0.8995501344745928
202212,LI,FND_32,Loans and advances-to-deposits ratio for households and non-financial corporations,0.6798643362232679
202212,LT,FND_32,Loans and advances-to-deposits ratio for households and non-financial corporations,0.4481861419422751
202212,LU,FND_32,Loans and advances-to-deposits ratio for households and non-financial corporations,1.4640699593807873
202212,LV,FND_32,Loans and advances-to-deposits ratio for households and non-financial corporations,0.6975306739915899
202212,MT,FND_32,Loans and advances-to-deposits ratio for households and non-financial corporations,0.5467602716929144
202212,NL,FND_32,Loans and advances-to-deposits ratio for households and non-financial corporations,1.1303104113394242
202212,NO,FND_32,Loans and advances-to-deposits ratio for households and non-financial corporations,1.597007236075897
202212,PL,FND_32,Loans and advances-to-deposits ratio for households and non-financial corporations,0.7659131101186801
202212,PT,FND_32,Loans and advances-to-deposits ratio for households and non-financial corporations,0.7212610819691756
202212,RO,FND_32,Loans and advances-to-deposits ratio for households and non-financial corporations,0.6205269458202954
202212,SE,FND_32,Loans and advances-to-deposits ratio for households and non-financial corporations,1.7487783907848613
202212,SI,FND_32,Loans and advances-to-deposits ratio for households and non-financial corporations,0.680761118741862
202212,SK,FND_32,Loans and advances-to-deposits ratio for households and non-financial corporations,1.0833577589930234
202212,AT,FND_33,Asset encumbrance ratio,0.19178940250557108
202212,BE,FND_33,Asset encumbrance ratio,0.13863970953962784
202212,BG,FND_33,Asset encumbrance ratio,0.0357743390932159
202212,CY,FND_33,Asset encumbrance ratio,0.1314167100847972
202212,CZ,FND_33,Asset encumbrance ratio,0.08388750261806345
202212,DE,FND_33,Asset encumbrance ratio,0.3285141469960884
202212,DK,FND_33,Asset encumbrance ratio,0.49178766169729715
202212,EE,FND_33,Asset encumbrance ratio,0.05859323803776055
202212,ES,FND_33,Asset encumbrance ratio,0.21102015152640913
202212,EU,FND_33,Asset encumbrance ratio,0.2584602716646576
202212,FI,FND_33,Asset encumbrance ratio,0.2859397845055789
202212,FR,FND_33,Asset encumbrance ratio,0.27550221908022143
202212,GR,FND_33,Asset encumbrance ratio,0.20122403486462534
202212,HR,FND_33,Asset encumbrance ratio,0.03896308664895235
202212,HU,FND_33,Asset encumbrance ratio,0.1270918439779094
202212,IE,FND_33,Asset encumbrance ratio,0.18693011496457324
202212,IS,FND_33,Asset encumbrance ratio,0.2130871386074054
202212,IT,FND_33,Asset encumbrance ratio,0.27689569353628185
202212,LI,FND_33,Asset encumbrance ratio,0.04536036281132864
202212,LT,FND_33,Asset encumbrance ratio,0.04244746181225234
202212,LU,FND_33,Asset encumbrance ratio,0.08096213165341089
202212,LV,FND_33,Asset encumbrance ratio,0.04340575116464208
202212,MT,FND_33,Asset encumbrance ratio,0.07884205083891428
202212,NL,FND_33,Asset encumbrance ratio,0.1726576630806423
202212,NO,FND_33,Asset encumbrance ratio,0.19562315922559298
202212,PL,FND_33,Asset encumbrance ratio,0.04056381117049419
202212,PT,FND_33,Asset encumbrance ratio,0.10964072404093655
202212,RO,FND_33,Asset encumbrance ratio,0.01361690350051651
202212,SE,FND_33,Asset encumbrance ratio,0.22224861834933507
202212,SI,FND_33,Asset encumbrance ratio,0.03225784766218224
202212,SK,FND_33,Asset encumbrance ratio,0.1984932630792923
202212,AT,LIQ_17,Liquidity coverage ratio,1.6217293912305026
202212,BE,LIQ_17,Liquidity coverage ratio,1.5663370798126024
202212,BG,LIQ_17,Liquidity coverage ratio,2.0357913352595114
202212,CY,LIQ_17,Liquidity coverage ratio,3.2195511761745803
202212,CZ,LIQ_17,Liquidity coverage ratio,1.673332589894206
202212,DE,LIQ_17,Liquidity coverage ratio,1.5266110077576043
202212,DK,LIQ_17,Liquidity coverage ratio,2.4353269913401303
202212,EE,LIQ_17,Liquidity coverage ratio,1.419840434951945
202212,ES,LIQ_17,Liquidity coverage ratio,1.7105775314093732
202212,EU,LIQ_17,Liquidity coverage ratio,1.6404209196554835
202212,FI,LIQ_17,Liquidity coverage ratio,1.7668041993299006
202212,FR,LIQ_17,Liquidity coverage ratio,1.5016708473080511
202212,GR,LIQ_17,Liquidity coverage ratio,1.9678961112065902
202212,HR,LIQ_17,Liquidity coverage ratio,2.476020653626854
202212,HU,LIQ_17,Liquidity coverage ratio,1.6124897899798616
202212,IE,LIQ_17,Liquidity coverage ratio,1.881596984478822
202212,IS,LIQ_17,Liquidity coverage ratio,1.6296009719867777
202212,IT,LIQ_17,Liquidity coverage ratio,1.8523875099125666
202212,LI,LIQ_17,Liquidity coverage ratio,2.1157270450472376
202212,LT,LIQ_17,Liquidity coverage ratio,3.9072011647258273
202212,LU,LIQ_17,Liquidity coverage ratio,1.5352343728747984
202212,LV,LIQ_17,Liquidity coverage ratio,1.8500659051677406
202212,MT,LIQ_17,Liquidity coverage ratio,4.15574064094178
202212,NL,LIQ_17,Liquidity coverage ratio,1.4964911063417314
202212,NO,LIQ_17,Liquidity coverage ratio,1.2655968166789546
202212,PL,LIQ_17,Liquidity coverage ratio,1.8363431365994747
202212,PT,LIQ_17,Liquidity coverage ratio,2.241818016141724
202212,RO,LIQ_17,Liquidity coverage ratio,2.2779046121604742
202212,SE,LIQ_17,Liquidity coverage ratio,1.6296859658799998
202212,SI,LIQ_17,Liquidity coverage ratio,2.4335416942093806
202212,SK,LIQ_17,Liquidity coverage ratio,1.6992212847395938
202212,AT,LIQ_20,Net Stable Funding Ratio,1.3394738387172025
202212,BE,LIQ_20,Net Stable Funding Ratio,1.3296417322285785
202212,BG,LIQ_20,Net Stable Funding Ratio,1.6588522705268092
202212,CY,LIQ_20,Net Stable Funding Ratio,1.7806418069640968
202212,CZ,LIQ_20,Net Stable Funding Ratio,1.5925240144575015
202212,DE,LIQ_20,Net Stable Funding Ratio,1.231848306926056
202212,DK,LIQ_20,Net Stable Funding Ratio,1.2640510847255853
202212,EE,LIQ_20,Net Stable Funding Ratio,1.3793995035682762
202212,ES,LIQ_20,Net Stable Funding Ratio,1.2982285616660454
202212,EU,LIQ_20,Net Stable Funding Ratio,1.2560156020634992
202212,FI,LIQ_20,Net Stable Funding Ratio,1.186838487472275
202212,FR,LIQ_20,Net Stable Funding Ratio,1.1532919689364542
202212,GR,LIQ_20,Net Stable Funding Ratio,1.3311915286977847
202212,HR,LIQ_20,Net Stable Funding Ratio,1.8975527885663628
202212,HU,LIQ_20,Net Stable Funding Ratio,1.3936625683608588
202212,IE,LIQ_20,Net Stable Funding Ratio,1.6118490955752443
202212,IS,LIQ_20,Net Stable Funding Ratio,1.1720728203766984
202212,IT,LIQ_20,Net Stable Funding Ratio,1.3207707014115697
202212,LI,LIQ_20,Net Stable Funding Ratio,1.7551264004225398
202212,LT,LIQ_20,Net Stable Funding Ratio,1.9949585346836558
202212,LU,LIQ_20,Net Stable Funding Ratio,1.2639973176468575
202212,LV,LIQ_20,Net Stable Funding Ratio,1.2811676588366803
202212,MT,LIQ_20,Net Stable Funding Ratio,1.869403841478312
202212,NL,LIQ_20,Net Stable Funding Ratio,1.329283221880756
202212,NO,LIQ_20,Net Stable Funding Ratio,1.1665006883969828
202212,PL,LIQ_20,Net Stable Funding Ratio,1.4257561923036792
202212,PT,LIQ_20,Net Stable Funding Ratio,1.4712097027682915
202212,RO,LIQ_20,Net Stable Funding Ratio,1.8888921086747934
202212,SE,LIQ_20,Net Stable Funding Ratio,1.1682602821809014
202212,SI,LIQ_20,Net Stable Funding Ratio,1.7295301251047304
202212,SK,LIQ_20,Net Stable Funding Ratio,1.3448832949235092
202212,AT,PFT_21,"Return on equity (numerator annualised, denominator as average)",0.12813203662938136
202212,BE,PFT_21,"Return on equity (numerator annualised, denominator as average)",0.09767620145109199
202212,BG,PFT_21,"Return on equity (numerator annualised, denominator as average)",0.13097142971650144
202212,CY,PFT_21,"Return on equity (numerator annualised, denominator as average)",0.02842777108554953
202212,CZ,PFT_21,"Return on equity (numerator annualised, denominator as average)",0.1423744831318294
202212,DE,PFT_21,"Return on equity (numerator annualised, denominator as average)",0.05974426817649838
202212,DK,PFT_21,"Return on equity (numerator annualised, denominator as average)",0.026850162651953065
202212,EE,PFT_21,"Return on equity (numerator annualised, denominator as average)",0.10652387062770145
202212,ES,PFT_21,"Return on equity (numerator annualised, denominator as average)",0.10381820647467162
202212,EU,PFT_21,"Return on equity (numerator annualised, denominator as average)",0.08059468547577345
202212,FI,PFT_21,"Return on equity (numerator annualised, denominator as average)",0.09565242365742455
202212,FR,PFT_21,"Return on equity (numerator annualised, denominator as average)",0.06099181620380305
202212,GR,PFT_21,"Return on equity (numerator annualised, denominator as average)",0.15264758597110295
202212,HR,PFT_21,"Return on equity (numerator annualised, denominator as average)",0.08846613296713296
202212,HU,PFT_21,"Return on equity (numerator annualised, denominator as average)",0.11323366736141091
202212,IE,PFT_21,"Return on equity (numerator annualised, denominator as average)",0.07246125166806068
202212,IS,PFT_21,"Return on equity (numerator annualised, denominator as average)",0.09665841309325807
202212,IT,PFT_21,"Return on equity (numerator annualised, denominator as average)",0.09211169538917457
202212,LI,PFT_21,"Return on equity (numerator annualised, denominator as average)",0.06676917730078881
202212,LT,PFT_21,"Return on equity (numerator annualised, denominator as average)",0.12174629416015108
202212,LU,PFT_21,"Return on equity (numerator annualised, denominator as average)",0.06834784461394236
202212,LV,PFT_21,"Return on equity (numerator annualised, denominator as average)",0.11467698096396134
202212,MT,PFT_21,"Return on equity (numerator annualised, denominator as average)",0.0404022475372861
202212,NL,PFT_21,"Return on equity (numerator annualised, denominator as average)",0.08050757653104285
202212,NO,PFT_21,"Return on equity (numerator annualised, denominator as average)",0.12559564827028946
202212,PL,PFT_21,"Return on equity (numerator annualised, denominator as average)",0.08950748496201737
202212,PT,PFT_21,"Return on equity (numerator annualised, denominator as average)",0.09490035836523936
202212,RO,PFT_21,"Return on equity (numerator annualised, denominator as average)",0.19380151517437164
202212,SE,PFT_21,"Return on equity (numerator annualised, denominator as average)",0.11515777242748516
202212,SI,PFT_21,"Return on equity (numerator annualised, denominator as average)",0.17198225768456551
202212,SK,PFT_21,"Return on equity (numerator annualised, denominator as average)",0.11128293780060743
202212,AT,PFT_23,Cost to income ratio,0.4715791465375668
202212,BE,PFT_23,Cost to income ratio,0.5590425326999788
202212,BG,PFT_23,Cost to income ratio,0.38065210453435827
202212,CY,PFT_23,Cost to income ratio,0.727303688060619
202212,CZ,PFT_23,Cost to income ratio,0.4278630740153881
202212,DE,PFT_23,Cost to income ratio,0.6524879084629632
202212,DK,PFT_23,Cost to income ratio,0.752872236684375
202212,EE,PFT_23,Cost to income ratio,0.46577205621572115
202212,ES,PFT_23,Cost to income ratio,0.46796041957303236
202212,EU,PFT_23,Cost to income ratio,0.5709265504612643
202212,FI,PFT_23,Cost to income ratio,0.4795559061493544
202212,FR,PFT_23,Cost to income ratio,0.6565316923889539
202212,GR,PFT_23,Cost to income ratio,0.34352636595716524
202212,HR,PFT_23,Cost to income ratio,0.4931938277603255
202212,HU,PFT_23,Cost to income ratio,0.5431251477400486
202212,IE,PFT_23,Cost to income ratio,0.5763453746665339
202212,IS,PFT_23,Cost to income ratio,0.4470180009938621
202212,IT,PFT_23,Cost to income ratio,0.5888954439754353
202212,LI,PFT_23,Cost to income ratio,0.772519008912415
202212,LT,PFT_23,Cost to income ratio,0.437611817980896
202212,LU,PFT_23,Cost to income ratio,0.6090733742302724
202212,LV,PFT_23,Cost to income ratio,0.43507377671850705
202212,MT,PFT_23,Cost to income ratio,0.869086261974463
202212,NL,PFT_23,Cost to income ratio,0.5571797484675766
202212,NO,PFT_23,Cost to income ratio,0.39554624372461267
202212,PL,PFT_23,Cost to income ratio,0.45671283887711117
202212,PT,PFT_23,Cost to income ratio,0.4132309365194101
202212,RO,PFT_23,Cost to income ratio,0.449375717121493
202212,SE,PFT_23,Cost to income ratio,0.4130883490370803
202212,SI,PFT_23,Cost to income ratio,0.5506284664901678
202212,SK,PFT_23,Cost to income ratio,0.45002040922251363
202212,AT,PFT_24,Return on assets,0.010451705595207366
202212,BE,PFT_24,Return on assets,0.0071857189243547965
202212,BG,PFT_24,Return on assets,0.016623126515602285
202212,CY,PFT_24,Return on assets,0.0019461554510368899
202212,CZ,PFT_24,Return on assets,0.011295538389289341
202212,DE,PFT_24,Return on assets,0.003459750399793925
202212,DK,PFT_24,Return on assets,0.0014376216509798226
202212,EE,PFT_24,Return on assets,0.0117142042705749
202212,ES,PFT_24,Return on assets,0.006441226131532455
202212,EU,PFT_24,Return on assets,0.0051900762493938815
202212,FI,PFT_24,Return on assets,0.006321100775697455
202212,FR,PFT_24,Return on assets,0.0037800213973735986
202212,GR,PFT_24,Return on assets,0.012062844175692125
202212,HR,PFT_24,Return on assets,0.01071235570802451
202212,HU,PFT_24,Return on assets,0.011091156182610983
202212,IE,PFT_24,Return on assets,0.00729295005168559
202212,IS,PFT_24,Return on assets,0.014223769737371519
202212,IT,PFT_24,Return on assets,0.0065091056042896524
202212,LI,PFT_24,Return on assets,0.006172262277142139
202212,LT,PFT_24,Return on assets,0.007637964661537979
202212,LU,PFT_24,Return on assets,0.0057815272391887945
202212,LV,PFT_24,Return on assets,0.011301324437141018
202212,MT,PFT_24,Return on assets,0.0029270843704235373
202212,NL,PFT_24,Return on assets,0.004883206811134612
202212,NO,PFT_24,Return on assets,0.010751942680701513
202212,PL,PFT_24,Return on assets,0.008455394779957985
202212,PT,PFT_24,Return on assets,0.007479163658273872
202212,RO,PFT_24,Return on assets,0.01847534155427793
202212,SE,PFT_24,Return on assets,0.0068573506124289555
202212,SI,PFT_24,Return on assets,0.018959752300609464
202212,SK,PFT_24,Return on assets,0.008909746962884095
202212,AT,PFT_25,Net interest income to total net operating income,0.6173082874100877
202212,BE,PFT_25,Net interest income to total net operating income,0.6746554029713522
202212,BG,PFT_25,Net interest income to total net operating income,0.6057469838049689
202212,CY,PFT_25,Net interest income to total net operating income,0.6338967208062902
202212,CZ,PFT_25,Net interest income to total net operating income,0.7372830224463025
202212,DE,PFT_25,Net interest income to total net operating income,0.5406231657730057
202212,DK,PFT_25,Net interest income to total net operating income,0.594421660575038
202212,EE,PFT_25,Net interest income to total net operating income,0.7261277318802702
202212,ES,PFT_25,Net interest income to total net operating income,0.7203914129126374
202212,EU,PFT_25,Net interest income to total net operating income,0.5791012886589337
202212,FI,PFT_25,Net interest income to total net operating income,0.6229654470292538
202212,FR,PFT_25,Net interest income to total net operating income,0.46078787270389576
202212,GR,PFT_25,Net interest income to total net operating income,0.5562633531656663
202212,HR,PFT_25,Net interest income to total net operating income,0.6017646849023738
202212,HU,PFT_25,Net interest income to total net operating income,0.6501549765756333
202212,IE,PFT_25,Net interest income to total net operating income,0.5893027119878066
202212,IS,PFT_25,Net interest income to total net operating income,0.7886779926995308
202212,IT,PFT_25,Net interest income to total net operating income,0.5093317031757599
202212,LI,PFT_25,Net interest income to total net operating income,0.20885240842785324
202212,LT,PFT_25,Net interest income to total net operating income,0.5848897105678781
202212,LU,PFT_25,Net interest income to total net operating income,0.5466724246790574
202212,LV,PFT_25,Net interest income to total net operating income,0.6650765207860926
202212,MT,PFT_25,Net interest income to total net operating income,0.7268035004848383
202212,NL,PFT_25,Net interest income to total net operating income,0.7010278664525816
202212,NO,PFT_25,Net interest income to total net operating income,0.7466948231330819
202212,PL,PFT_25,Net interest income to total net operating income,0.8102868587641403
202212,PT,PFT_25,Net interest income to total net operating income,0.6372200473086764
202212,RO,PFT_25,Net interest income to total net operating income,0.6822141160424722
202212,SE,PFT_25,Net interest income to total net operating income,0.6834422676982607
202212,SI,PFT_25,Net interest income to total net operating income,0.6320714656893728
202212,SK,PFT_25,Net interest income to total net operating income,0.6370828508767136
202212,AT,PFT_26,Net fee and comission income to total net operating income,0.34763150669539905
202212,BE,PFT_26,Net fee and comission income to total net operating income,0.2463246921607619
202212,BG,PFT_26,Net fee and comission income to total net operating income,0.2955470779916902
202212,CY,PFT_26,Net fee and comission income to total net operating income,0.257351333849077
202212,CZ,PFT_26,Net fee and comission income to total net operating income,0.19241199196702943
202212,DE,PFT_26,Net fee and comission income to total net operating income,0.34577204393334493
202212,DK,PFT_26,Net fee and comission income to total net operating income,0.20876511471109294
202212,EE,PFT_26,Net fee and comission income to total net operating income,0.2162934229893989
202212,ES,PFT_26,Net fee and comission income to total net operating income,0.25357685465850965
202212,EU,PFT_26,Net fee and comission income to total net operating income,0.30598950781888706
202212,FI,PFT_26,Net fee and comission income to total net operating income,0.2958436090360056
202212,FR,PFT_26,Net fee and comission income to total net operating income,0.35463184378376217
202212,GR,PFT_26,Net fee and comission income to total net operating income,0.16133432747753157
202212,HR,PFT_26,Net fee and comission income to total net operating income,0.3158099791973405
202212,HU,PFT_26,Net fee and comission income to total net operating income,0.3100477418929108
202212,IE,PFT_26,Net fee and comission income to total net operating income,0.23118180986413878
202212,IS,PFT_26,Net fee and comission income to total net operating income,0.24741672283620247
202212,IT,PFT_26,Net fee and comission income to total net operating income,0.37570329938789787
202212,LI,PFT_26,Net fee and comission income to total net operating income,0.619755706748088
202212,LT,PFT_26,Net fee and comission income to total net operating income,0.7499116748861453
202212,LU,PFT_26,Net fee and comission income to total net operating income,0.3056753813274049
202212,LV,PFT_26,Net fee and comission income to total net operating income,0.27477328744719565
202212,MT,PFT_26,Net fee and comission income to total net operating income,0.2064384653853999
202212,NL,PFT_26,Net fee and comission income to total net operating income,0.18046313997558244
202212,NO,PFT_26,Net fee and comission income to total net operating income,0.16381168185004352
202212,PL,PFT_26,Net fee and comission income to total net operating income,0.238398480686951
202212,PT,PFT_26,Net fee and comission income to total net operating income,0.27620288365519197
202212,RO,PFT_26,Net fee and comission income to total net operating income,0.20104664336944522
202212,SE,PFT_26,Net fee and comission income to total net operating income,0.24021294258051995
202212,SI,PFT_26,Net fee and comission income to total net operating income,0.3097943767693746
202212,SK,PFT_26,Net fee and comission income to total net operating income,0.29693141418160407
202212,AT,PFT_29,Net trading income to total net operating income,0.008043244347682428
202212,BE,PFT_29,Net trading income to total net operating income,0.041102531068375164
202212,BG,PFT_29,Net trading income to total net operating income,0.07638080123983423
202212,CY,PFT_29,Net trading income to total net operating income,0.009950278760023887
202212,CZ,PFT_29,Net trading income to total net operating income,0.07725595129809665
202212,DE,PFT_29,Net trading income to total net operating income,0.07153965636096973
202212,DK,PFT_29,Net trading income to total net operating income,0.07753750744566497
202212,EE,PFT_29,Net trading income to total net operating income,0.030930267214167036
202212,ES,PFT_29,Net trading income to total net operating income,0.033246441033008514
202212,EU,PFT_29,Net trading income to total net operating income,0.07243790491121442
202212,FI,PFT_29,Net trading income to total net operating income,0.13488715298854506
202212,FR,PFT_29,Net trading income to total net operating income,0.119679247602034
202212,GR,PFT_29,Net trading income to total net operating income,0.15323181490583385
202212,HR,PFT_29,Net trading income to total net operating income,0.09019746749485585
202212,HU,PFT_29,Net trading income to total net operating income,0.058951049105349596
202212,IE,PFT_29,Net trading income to total net operating income,0.04575111533992794
202212,IS,PFT_29,Net trading income to total net operating income,-0.0841590266902536
202212,IT,PFT_29,Net trading income to total net operating income,0.05826884338245477
202212,LI,PFT_29,Net trading income to total net operating income,0.09943945117230935
202212,LT,PFT_29,Net trading income to total net operating income,0.04116192292242393
202212,LU,PFT_29,Net trading income to total net operating income,0.04442725676419315
202212,LV,PFT_29,Net trading income to total net operating income,0.04379899472628318
202212,MT,PFT_29,Net trading income to total net operating income,0.04432992628526381
202212,NL,PFT_29,Net trading income to total net operating income,0.046259547595906725
202212,NO,PFT_29,Net trading income to total net operating income,0.04158126359316411
202212,PL,PFT_29,Net trading income to total net operating income,0.04321768140747871
202212,PT,PFT_29,Net trading income to total net operating income,0.03977280303546461
202212,RO,PFT_29,Net trading income to total net operating income,0.055897876858907625
202212,SE,PFT_29,Net trading income to total net operating income,0.07004034274618505
202212,SI,PFT_29,Net trading income to total net operating income,0.030699099951868248
202212,SK,PFT_29,Net trading income to total net operating income,0.01969271913483028
202212,AT,PFT_41,Net interest margin,0.019340160978670844
202212,BE,PFT_41,Net interest margin,0.013534627049849052
202212,BG,PFT_41,Net interest margin,0.023205162572598862
202212,CY,PFT_41,Net interest margin,0.016685444089017887
202212,CZ,PFT_41,Net interest margin,0.021879565761937125
202212,DE,PFT_41,Net interest margin,0.010769076604900594
202212,DK,PFT_41,Net interest margin,0.008416437980678003
202212,EE,PFT_41,Net interest margin,0.02016381612365163
202212,ES,PFT_41,Net interest margin,0.022648064135042036
202212,EU,PFT_41,Net interest margin,0.013932186152385975
202212,FI,PFT_41,Net interest margin,0.011580814966851996
202212,FR,PFT_41,Net interest margin,0.010184399488113111
202212,GR,PFT_41,Net interest margin,0.02140817604158801
202212,HR,PFT_41,Net interest margin,0.01881230722034277
202212,HU,PFT_41,Net interest margin,0.03529549878200031
202212,IE,PFT_41,Net interest margin,0.016378916513397093
202212,IS,PFT_41,Net interest margin,0.028838124580802846
202212,IT,PFT_41,Net interest margin,0.014295988340194918
202212,LI,PFT_41,Net interest margin,0.007439667616275362
202212,LT,PFT_41,Net interest margin,0.012295790275203496
202212,LU,PFT_41,Net interest margin,0.012532978987412485
202212,LV,PFT_41,Net interest margin,0.01734172500181486
202212,MT,PFT_41,Net interest margin,0.014973729303501689
202212,NL,PFT_41,Net interest margin,0.014375216712867685
202212,NO,PFT_41,Net interest margin,0.018302299212181277
202212,PL,PFT_41,Net interest margin,0.038098008591616446
202212,PT,PFT_41,Net interest margin,0.018108836583292782
202212,RO,PFT_41,Net interest margin,0.0330243334531304
202212,SE,PFT_41,Net interest margin,0.01194179985483763
202212,SI,PFT_41,Net interest margin,0.022348737439472778
202212,SK,PFT_41,Net interest margin,0.016736874218653136
202212,AT,PFT_43,Cost of risk,0.004873870221018891
202212,BE,PFT_43,Cost of risk,0.0017297894798041238
202212,BG,PFT_43,Cost of risk,0.008944251698497104
202212,CY,PFT_43,Cost of risk,0.0031424844333235915
202212,CZ,PFT_43,Cost of risk,0.002352807797225233
202212,DE,PFT_43,Cost of risk,0.0027455607276244635
202212,DK,PFT_43,Cost of risk,0.005007346910952535
202212,EE,PFT_43,Cost of risk,0.0008800447471740896
202212,ES,PFT_43,Cost of risk,0.009483547550925097
202212,EU,PFT_43,Cost of risk,0.004605262337421107
202212,FI,PFT_43,Cost of risk,0.0017675995407404762
202212,FR,PFT_43,Cost of risk,0.004475394062106327
202212,GR,PFT_43,Cost of risk,0.008691115779429033
202212,HR,PFT_43,Cost of risk,0.0035111073756718745
202212,HU,PFT_43,Cost of risk,0.013776133552150406
202212,IE,PFT_43,Cost of risk,0.004519351833285465
202212,IS,PFT_43,Cost of risk,0.002329623092478926
202212,IT,PFT_43,Cost of risk,0.005155663457216167
202212,LI,PFT_43,Cost of risk,1.6562860176168685e-05
202212,LT,PFT_43,Cost of risk,0.00544461155129356
202212,LU,PFT_43,Cost of risk,0.003326660443726934
202212,LV,PFT_43,Cost of risk,0.003945658620629322
202212,MT,PFT_43,Cost of risk,0.0037089385051648797
202212,NL,PFT_43,Cost of risk,0.002075166338759005
202212,NO,PFT_43,Cost of risk,0.0012184331416576597
202212,PL,PFT_43,Cost of risk,0.00882365624577262
202212,PT,PFT_43,Cost of risk,0.004072449121972604
202212,RO,PFT_43,Cost of risk,0.01445308070985536
202212,SE,PFT_43,Cost of risk,0.0010837234579396458
202212,SI,PFT_43,Cost of risk,0.0059769301872912685
202212,SK,PFT_43,Cost of risk,0.004811222219069572
202212,AT,SVC_1,Tier 1 capital ratio,0.1676349720120347
202212,BE,SVC_1,Tier 1 capital ratio,0.1952949822742836
202212,BG,SVC_1,Tier 1 capital ratio,0.21674177726743585
202212,CY,SVC_1,Tier 1 capital ratio,0.19601074045629416
202212,CZ,SVC_1,Tier 1 capital ratio,0.1944720253664184
202212,DE,SVC_1,Tier 1 capital ratio,0.1717249301336799
202212,DK,SVC_1,Tier 1 capital ratio,0.19418673562803454
202212,EE,SVC_1,Tier 1 capital ratio,0.22335963272480175
202212,ES,SVC_1,Tier 1 capital ratio,0.14135517190378086
202212,EU,SVC_1,Tier 1 capital ratio,0.16939315529831778
202212,FI,SVC_1,Tier 1 capital ratio,0.1880243565049348
202212,FR,SVC_1,Tier 1 capital ratio,0.16621250104353633
202212,GR,SVC_1,Tier 1 capital ratio,0.15283165310589988
202212,HR,SVC_1,Tier 1 capital ratio,0.2358775281860869
202212,HU,SVC_1,Tier 1 capital ratio,0.1683675586718216
202212,IE,SVC_1,Tier 1 capital ratio,0.20816456965263624
202212,IS,SVC_1,Tier 1 capital ratio,0.21130667409171752
202212,IT,SVC_1,Tier 1 capital ratio,0.17289644176395597
202212,LI,SVC_1,Tier 1 capital ratio,0.19371227775736197
202212,LT,SVC_1,Tier 1 capital ratio,0.20173681515493488
202212,LU,SVC_1,Tier 1 capital ratio,0.2200189467463417
202212,LV,SVC_1,Tier 1 capital ratio,0.24697294130540393
202212,MT,SVC_1,Tier 1 capital ratio,0.19762400879814276
202212,NL,SVC_1,Tier 1 capital ratio,0.17598665037031633
202212,NO,SVC_1,Tier 1 capital ratio,0.19636112350174514
202212,PL,SVC_1,Tier 1 capital ratio,0.17756913788723966
202212,PT,SVC_1,Tier 1 capital ratio,0.15578312598742455
202212,RO,SVC_1,Tier 1 capital ratio,0.19543641080761817
202212,SE,SVC_1,Tier 1 capital ratio,0.20374141410517502
202212,SI,SVC_1,Tier 1 capital ratio,0.15917236267029405
202212,SK,SVC_1,Tier 1 capital ratio,0.1735273820559589
202212,AT,SVC_13,Leverage ratio,0.06884784028380016
202212,BE,SVC_13,Leverage ratio,0.06107219717835031
202212,BG,SVC_13,Leverage ratio,0.094144553043365
202212,CY,SVC_13,Leverage ratio,0.06543406057419653
202212,CZ,SVC_13,Leverage ratio,0.05915689182104745
202212,DE,SVC_13,Leverage ratio,0.05349012182913738
202212,DK,SVC_13,Leverage ratio,0.049930396240029415
202212,EE,SVC_13,Leverage ratio,0.09527493312529671
202212,ES,SVC_13,Leverage ratio,0.05321240915632513
202212,EU,SVC_13,Leverage ratio,0.05643595001088303
202212,FI,SVC_13,Leverage ratio,0.05660775261880711
202212,FR,SVC_13,Leverage ratio,0.052286433870077156
202212,GR,SVC_13,Leverage ratio,0.06975070811351733
202212,HR,SVC_13,Leverage ratio,0.09792441846885291
202212,HU,SVC_13,Leverage ratio,0.08836802494913132
202212,IE,SVC_13,Leverage ratio,0.08676160715875784
202212,IS,SVC_13,Leverage ratio,0.12867436945263777
202212,IT,SVC_13,Leverage ratio,0.058754919246177664
202212,LI,SVC_13,Leverage ratio,0.07059046438165968
202212,LT,SVC_13,Leverage ratio,0.05798864670457108
202212,LU,SVC_13,Leverage ratio,0.0695404263631346
202212,LV,SVC_13,Leverage ratio,0.08511516939161141
202212,MT,SVC_13,Leverage ratio,0.06156835420348832
202212,NL,SVC_13,Leverage ratio,0.05801075114596232
202212,NO,SVC_13,Leverage ratio,0.06841566490838553
202212,PL,SVC_13,Leverage ratio,0.08783153611988338
202212,PT,SVC_13,Leverage ratio,0.06248928791749813
202212,RO,SVC_13,Leverage ratio,0.08240596887691062
202212,SE,SVC_13,Leverage ratio,0.05280940384855212
202212,SI,SVC_13,Leverage ratio,0.0908664839273736
202212,SK,SVC_13,Leverage ratio,0.06697702376968528
202212,AT,SVC_2,Total capital ratio,0.19120375122408795
202212,BE,SVC_2,Total capital ratio,0.21087591012945792
202212,BG,SVC_2,Total capital ratio,0.21807723862478398
202212,CY,SVC_2,Total capital ratio,0.21278146542157114
202212,CZ,SVC_2,Total capital ratio,0.1994326060636638
202212,DE,SVC_2,Total capital ratio,0.20823528458506332
202212,DK,SVC_2,Total capital ratio,0.22074639340033056
202212,EE,SVC_2,Total capital ratio,0.22735550703090027
202212,ES,SVC_2,Total capital ratio,0.16316948431004258
202212,EU,SVC_2,Total capital ratio,0.1955435313759857
202212,FI,SVC_2,Total capital ratio,0.20836547304749062
202212,FR,SVC_2,Total capital ratio,0.19207065407455634
202212,GR,SVC_2,Total capital ratio,0.17790316307702345
202212,HR,SVC_2,Total capital ratio,0.23759224208122504
202212,HU,SVC_2,Total capital ratio,0.18256296771347014
202212,IE,SVC_2,Total capital ratio,0.23194281552782556
202212,IS,SVC_2,Total capital ratio,0.23697920483980672
202212,IT,SVC_2,Total capital ratio,0.19848196057272244
202212,LI,SVC_2,Total capital ratio,0.19371227775736197
202212,LT,SVC_2,Total capital ratio,0.20367754824488635
202212,LU,SVC_2,Total capital ratio,0.22901977283434055
202212,LV,SVC_2,Total capital ratio,0.2504684160487877
202212,MT,SVC_2,Total capital ratio,0.2313325934982522
202212,NL,SVC_2,Total capital ratio,0.20729807125312483
202212,NO,SVC_2,Total capital ratio,0.21743240683212892
202212,PL,SVC_2,Total capital ratio,0.19251687973198572
202212,PT,SVC_2,Total capital ratio,0.17801698655528936
202212,RO,SVC_2,Total capital ratio,0.2231847398856497
202212,SE,SVC_2,Total capital ratio,0.2251206056314661
202212,SI,SVC_2,Total capital ratio,0.18395027082898507
202212,SK,SVC_2,Total capital ratio,0.1908219425781111
202212,AT,SVC_3,CET 1 capital ratio,0.1524656587779175
202212,BE,SVC_3,CET 1 capital ratio,0.18438644690177045
202212,BG,SVC_3,CET 1 capital ratio,0.21674177726743585
202212,CY,SVC_3,CET 1 capital ratio,0.17658864048541661
202212,CZ,SVC_3,CET 1 capital ratio,0.18867960443200993
202212,DE,SVC_3,CET 1 capital ratio,0.1578282720432029
202212,DK,SVC_3,CET 1 capital ratio,0.17934696902676445
202212,EE,SVC_3,CET 1 capital ratio,0.2204999593288854
202212,ES,SVC_3,CET 1 capital ratio,0.12598172926025672
202212,EU,SVC_3,CET 1 capital ratio,0.15608129267109175
202212,FI,SVC_3,CET 1 capital ratio,0.1730489383291266
202212,FR,SVC_3,CET 1 capital ratio,0.1550339164052922
202212,GR,SVC_3,CET 1 capital ratio,0.14865718638794898
202212,HR,SVC_3,CET 1 capital ratio,0.2358775281860869
202212,HU,SVC_3,CET 1 capital ratio,0.1683675586718216
202212,IE,SVC_3,CET 1 capital ratio,0.19698148266662413
202212,IS,SVC_3,CET 1 capital ratio,0.2036361092138431
202212,IT,SVC_3,CET 1 capital ratio,0.1569777398683673
202212,LI,SVC_3,CET 1 capital ratio,0.19371227775736197
202212,LT,SVC_3,CET 1 capital ratio,0.20173681515493488
202212,LU,SVC_3,CET 1 capital ratio,0.2163949530265003
202212,LV,SVC_3,CET 1 capital ratio,0.24697294130540393
202212,MT,SVC_3,CET 1 capital ratio,0.19762400879814276
202212,NL,SVC_3,CET 1 capital ratio,0.15680459213458395
202212,NO,SVC_3,CET 1 capital ratio,0.1823689278575991
202212,PL,SVC_3,CET 1 capital ratio,0.17756913788723966
202212,PT,SVC_3,CET 1 capital ratio,0.1477496840118672
202212,RO,SVC_3,CET 1 capital ratio,0.1902074143225801
202212,SE,SVC_3,CET 1 capital ratio,0.18715977265277986
202212,SI,SVC_3,CET 1 capital ratio,0.15592934672653905
202212,SK,SVC_3,CET 1 capital ratio,0.1562106439411251
202303,AT,AQT_3.1,Non-performing debt instruments (loans and advances & debt securities) other than held for trading to total gross debt instruments (NPE ratio),0.014987647069502001
202303,BE,AQT_3.1,Non-performing debt instruments (loans and advances & debt securities) other than held for trading to total gross debt instruments (NPE ratio),0.010163154172793317
202303,BG,AQT_3.1,Non-performing debt instruments (loans and advances & debt securities) other than held for trading to total gross debt instruments (NPE ratio),0.02020628985809638
202303,CY,AQT_3.1,Non-performing debt instruments (loans and advances & debt securities) other than held for trading to total gross debt instruments (NPE ratio),0.024206734988930906
202303,CZ,AQT_3.1,Non-performing debt instruments (loans and advances & debt securities) other than held for trading to total gross debt instruments (NPE ratio),0.010068941783590454
202303,DE,AQT_3.1,Non-performing debt instruments (loans and advances & debt securities) other than held for trading to total gross debt instruments (NPE ratio),0.009633727247959412
202303,DK,AQT_3.1,Non-performing debt instruments (loans and advances & debt securities) other than held for trading to total gross debt instruments (NPE ratio),0.011958901658273019
202303,EE,AQT_3.1,Non-performing debt instruments (loans and advances & debt securities) other than held for trading to total gross debt instruments (NPE ratio),0.005024826725594521
202303,ES,AQT_3.1,Non-performing debt instruments (loans and advances & debt securities) other than held for trading to total gross debt instruments (NPE ratio),0.023895327981380533
202303,EU,AQT_3.1,Non-performing debt instruments (loans and advances & debt securities) other than held for trading to total gross debt instruments (NPE ratio),0.01560211614113499
202303,FI,AQT_3.1,Non-performing debt instruments (loans and advances & debt securities) other than held for trading to total gross debt instruments (NPE ratio),0.00870969263870917
202303,FR,AQT_3.1,Non-performing debt instruments (loans and advances & debt securities) other than held for trading to total gross debt instruments (NPE ratio),0.017062570658623495
202303,GR,AQT_3.1,Non-performing debt instruments (loans and advances & debt securities) other than held for trading to total gross debt instruments (NPE ratio),0.037025553092627714
202303,HR,AQT_3.1,Non-performing debt instruments (loans and advances & debt securities) other than held for trading to total gross debt instruments (NPE ratio),0.01961673179582101
202303,HU,AQT_3.1,Non-performing debt instruments (loans and advances & debt securities) other than held for trading to total gross debt instruments (NPE ratio),0.027573099329553794
202303,IE,AQT_3.1,Non-performing debt instruments (loans and advances & debt securities) other than held for trading to total gross debt instruments (NPE ratio),0.015594585361250623
202303,IS,AQT_3.1,Non-performing debt instruments (loans and advances & debt securities) other than held for trading to total gross debt instruments (NPE ratio),0.011992064996161062
202303,IT,AQT_3.1,Non-performing debt instruments (loans and advances & debt securities) other than held for trading to total gross debt instruments (NPE ratio),0.01920952126027112
202303,LI,AQT_3.1,Non-performing debt instruments (loans and advances & debt securities) other than held for trading to total gross debt instruments (NPE ratio),0.0030465942213194273
202303,LT,AQT_3.1,Non-performing debt instruments (loans and advances & debt securities) other than held for trading to total gross debt instruments (NPE ratio),0.004491504885694772
202303,LU,AQT_3.1,Non-performing debt instruments (loans and advances & debt securities) other than held for trading to total gross debt instruments (NPE ratio),0.010960681355969653
202303,LV,AQT_3.1,Non-performing debt instruments (loans and advances & debt securities) other than held for trading to total gross debt instruments (NPE ratio),0.004475218255566518
202303,MT,AQT_3.1,Non-performing debt instruments (loans and advances & debt securities) other than held for trading to total gross debt instruments (NPE ratio),0.016923064128235327
202303,NL,AQT_3.1,Non-performing debt instruments (loans and advances & debt securities) other than held for trading to total gross debt instruments (NPE ratio),0.012052234763598391
202303,NO,AQT_3.1,Non-performing debt instruments (loans and advances & debt securities) other than held for trading to total gross debt instruments (NPE ratio),0.008654441284962996
202303,PL,AQT_3.1,Non-performing debt instruments (loans and advances & debt securities) other than held for trading to total gross debt instruments (NPE ratio),0.030829382066455066
202303,PT,AQT_3.1,Non-performing debt instruments (loans and advances & debt securities) other than held for trading to total gross debt instruments (NPE ratio),0.025643822583450177
202303,RO,AQT_3.1,Non-performing debt instruments (loans and advances & debt securities) other than held for trading to total gross debt instruments (NPE ratio),0.0189103331928839
202303,SE,AQT_3.1,Non-performing debt instruments (loans and advances & debt securities) other than held for trading to total gross debt instruments (NPE ratio),0.0021030664824712242
202303,SI,AQT_3.1,Non-performing debt instruments (loans and advances & debt securities) other than held for trading to total gross debt instruments (NPE ratio),0.01283187990759533
202303,SK,AQT_3.1,Non-performing debt instruments (loans and advances & debt securities) other than held for trading to total gross debt instruments (NPE ratio),0.012582226078855497
202303,AT,AQT_3.2,"Share of non‐performing loans and advances
(NPL ratio)",0.017421141738490725
202303,BE,AQT_3.2,"Share of non‐performing loans and advances
(NPL ratio)",0.011509307549175144
202303,BG,AQT_3.2,"Share of non‐performing loans and advances
(NPL ratio)",0.022258256175332
202303,CY,AQT_3.2,"Share of non‐performing loans and advances
(NPL ratio)",0.029420779131076283
202303,CZ,AQT_3.2,"Share of non‐performing loans and advances
(NPL ratio)",0.012278905376623165
202303,DE,AQT_3.2,"Share of non‐performing loans and advances
(NPL ratio)",0.01051679685920876
202303,DK,AQT_3.2,"Share of non‐performing loans and advances
(NPL ratio)",0.013161074718521506
202303,EE,AQT_3.2,"Share of non‐performing loans and advances
(NPL ratio)",0.005276133004422708
202303,ES,AQT_3.2,"Share of non‐performing loans and advances
(NPL ratio)",0.027519678957103815
202303,EU,AQT_3.2,"Share of non‐performing loans and advances
(NPL ratio)",0.017546168295032423
202303,FI,AQT_3.2,"Share of non‐performing loans and advances
(NPL ratio)",0.009792814207668922
202303,FR,AQT_3.2,"Share of non‐performing loans and advances
(NPL ratio)",0.018454397358697368
202303,GR,AQT_3.2,"Share of non‐performing loans and advances
(NPL ratio)",0.04668150868793534
202303,HR,AQT_3.2,"Share of non‐performing loans and advances
(NPL ratio)",0.022438973274401502
202303,HU,AQT_3.2,"Share of non‐performing loans and advances
(NPL ratio)",0.03353039692847055
202303,IE,AQT_3.2,"Share of non‐performing loans and advances
(NPL ratio)",0.01737479304899187
202303,IS,AQT_3.2,"Share of non‐performing loans and advances
(NPL ratio)",0.012392732306847577
202303,IT,AQT_3.2,"Share of non‐performing loans and advances
(NPL ratio)",0.02433139504099119
202303,LI,AQT_3.2,"Share of non‐performing loans and advances
(NPL ratio)",0.0037399419797230836
202303,LT,AQT_3.2,"Share of non‐performing loans and advances
(NPL ratio)",0.005119149702737404
202303,LU,AQT_3.2,"Share of non‐performing loans and advances
(NPL ratio)",0.012791829019595075
202303,LV,AQT_3.2,"Share of non‐performing loans and advances
(NPL ratio)",0.0048085055570393056
202303,MT,AQT_3.2,"Share of non‐performing loans and advances
(NPL ratio)",0.024248627091720282
202303,NL,AQT_3.2,"Share of non‐performing loans and advances
(NPL ratio)",0.012996475379593442
202303,NO,AQT_3.2,"Share of non‐performing loans and advances
(NPL ratio)",0.009634860514287925
202303,PL,AQT_3.2,"Share of non‐performing loans and advances
(NPL ratio)",0.04373844052878855
202303,PT,AQT_3.2,"Share of non‐performing loans and advances
(NPL ratio)",0.030689701554485173
202303,RO,AQT_3.2,"Share of non‐performing loans and advances
(NPL ratio)",0.02734618197770164
202303,SE,AQT_3.2,"Share of non‐performing loans and advances
(NPL ratio)",0.00234647691725497
202303,SI,AQT_3.2,"Share of non‐performing loans and advances
(NPL ratio)",0.0158613365980127
202303,SK,AQT_3.2,"Share of non‐performing loans and advances
(NPL ratio)",0.01442619434031375
202303,AT,AQT_41.2,Coverage ratio of non-performing loans and advances,0.485510972473926
202303,BE,AQT_41.2,Coverage ratio of non-performing loans and advances,0.48116707246015933
202303,BG,AQT_41.2,Coverage ratio of non-performing loans and advances,0.6523079394724423
202303,CY,AQT_41.2,Coverage ratio of non-performing loans and advances,0.3178190918311266
202303,CZ,AQT_41.2,Coverage ratio of non-performing loans and advances,0.5353763813360932
202303,DE,AQT_41.2,Coverage ratio of non-performing loans and advances,0.35062959083758005
202303,DK,AQT_41.2,Coverage ratio of non-performing loans and advances,0.2830177144832576
202303,EE,AQT_41.2,Coverage ratio of non-performing loans and advances,0.3100749876094291
202303,ES,AQT_41.2,Coverage ratio of non-performing loans and advances,0.4271990789683044
202303,EU,AQT_41.2,Coverage ratio of non-performing loans and advances,0.436382088727875
202303,FI,AQT_41.2,Coverage ratio of non-performing loans and advances,0.2996203174002511
202303,FR,AQT_41.2,Coverage ratio of non-performing loans and advances,0.46691153349990105
202303,GR,AQT_41.2,Coverage ratio of non-performing loans and advances,0.44239084118018746
202303,HR,AQT_41.2,Coverage ratio of non-performing loans and advances,0.666838557696814
202303,HU,AQT_41.2,Coverage ratio of non-performing loans and advances,0.583618722654173
202303,IE,AQT_41.2,Coverage ratio of non-performing loans and advances,0.30798465066286757
202303,IS,AQT_41.2,Coverage ratio of non-performing loans and advances,0.20438716095151954
202303,IT,AQT_41.2,Coverage ratio of non-performing loans and advances,0.5442098993164911
202303,LI,AQT_41.2,Coverage ratio of non-performing loans and advances,0.3874933274255773
202303,LT,AQT_41.2,Coverage ratio of non-performing loans and advances,0.3823297454396752
202303,LU,AQT_41.2,Coverage ratio of non-performing loans and advances,0.4244721318232919
202303,LV,AQT_41.2,Coverage ratio of non-performing loans and advances,0.34828932396646206
202303,MT,AQT_41.2,Coverage ratio of non-performing loans and advances,0.3216252841270234
202303,NL,AQT_41.2,Coverage ratio of non-performing loans and advances,0.2590303035784442
202303,NO,AQT_41.2,Coverage ratio of non-performing loans and advances,0.2605959234476215
202303,PL,AQT_41.2,Coverage ratio of non-performing loans and advances,0.6284165622718576
202303,PT,AQT_41.2,Coverage ratio of non-performing loans and advances,0.5809375393370267
202303,RO,AQT_41.2,Coverage ratio of non-performing loans and advances,0.6897020379166885
202303,SE,AQT_41.2,Coverage ratio of non-performing loans and advances,0.37312366625697174
202303,SI,AQT_41.2,Coverage ratio of non-performing loans and advances,0.5648247781532305
202303,SK,AQT_41.2,Coverage ratio of non-performing loans and advances,0.6234742385680085
202303,AT,AQT_42.2,Forbearance ratio - Loans and advances (gross amount) (FBL),0.015587633425243832
202303,BE,AQT_42.2,Forbearance ratio - Loans and advances (gross amount) (FBL),0.009611626192636861
202303,BG,AQT_42.2,Forbearance ratio - Loans and advances (gross amount) (FBL),0.018905076139651207
202303,CY,AQT_42.2,Forbearance ratio - Loans and advances (gross amount) (FBL),0.046770946169170456
202303,CZ,AQT_42.2,Forbearance ratio - Loans and advances (gross amount) (FBL),0.00525365685546332
202303,DE,AQT_42.2,Forbearance ratio - Loans and advances (gross amount) (FBL),0.011801027735310833
202303,DK,AQT_42.2,Forbearance ratio - Loans and advances (gross amount) (FBL),0.005466623249285843
202303,EE,AQT_42.2,Forbearance ratio - Loans and advances (gross amount) (FBL),0.016325332108756207
202303,ES,AQT_42.2,Forbearance ratio - Loans and advances (gross amount) (FBL),0.026508361335139445
202303,EU,AQT_42.2,Forbearance ratio - Loans and advances (gross amount) (FBL),0.01516546863486239
202303,FI,AQT_42.2,Forbearance ratio - Loans and advances (gross amount) (FBL),0.012714114251907795
202303,FR,AQT_42.2,Forbearance ratio - Loans and advances (gross amount) (FBL),0.010292199446092685
202303,GR,AQT_42.2,Forbearance ratio - Loans and advances (gross amount) (FBL),0.05601197116964097
202303,HR,AQT_42.2,Forbearance ratio - Loans and advances (gross amount) (FBL),0.01624134927001457
202303,HU,AQT_42.2,Forbearance ratio - Loans and advances (gross amount) (FBL),0.03437855435357649
202303,IE,AQT_42.2,Forbearance ratio - Loans and advances (gross amount) (FBL),0.024569893277216814
202303,IS,AQT_42.2,Forbearance ratio - Loans and advances (gross amount) (FBL),0.036722272948408755
202303,IT,AQT_42.2,Forbearance ratio - Loans and advances (gross amount) (FBL),0.022991002642087793
202303,LI,AQT_42.2,Forbearance ratio - Loans and advances (gross amount) (FBL),0.0031930677970080654
202303,LT,AQT_42.2,Forbearance ratio - Loans and advances (gross amount) (FBL),0.009309882980877635
202303,LU,AQT_42.2,Forbearance ratio - Loans and advances (gross amount) (FBL),0.008326562756801702
202303,LV,AQT_42.2,Forbearance ratio - Loans and advances (gross amount) (FBL),0.012261673546922282
202303,MT,AQT_42.2,Forbearance ratio - Loans and advances (gross amount) (FBL),0.028041441525455655
202303,NL,AQT_42.2,Forbearance ratio - Loans and advances (gross amount) (FBL),0.015316521872811784
202303,NO,AQT_42.2,Forbearance ratio - Loans and advances (gross amount) (FBL),0.012559568893302432
202303,PL,AQT_42.2,Forbearance ratio - Loans and advances (gross amount) (FBL),0.01784001992780715
202303,PT,AQT_42.2,Forbearance ratio - Loans and advances (gross amount) (FBL),0.029716714008628124
202303,RO,AQT_42.2,Forbearance ratio - Loans and advances (gross amount) (FBL),0.015901768032229365
202303,SE,AQT_42.2,Forbearance ratio - Loans and advances (gross amount) (FBL),0.0025945608539844956
202303,SI,AQT_42.2,Forbearance ratio - Loans and advances (gross amount) (FBL),0.01408198856511726
202303,SK,AQT_42.2,Forbearance ratio - Loans and advances (gross amount) (FBL),0.014282657830252177
202303,AT,FND_32,Loans and advances-to-deposits ratio for households and non-financial corporations,0.9743482780727631
202303,BE,FND_32,Loans and advances-to-deposits ratio for households and non-financial corporations,1.0032389094009926
202303,BG,FND_32,Loans and advances-to-deposits ratio for households and non-financial corporations,0.7057646784932654
202303,CY,FND_32,Loans and advances-to-deposits ratio for households and non-financial corporations,0.49627738828740486
202303,CZ,FND_32,Loans and advances-to-deposits ratio for households and non-financial corporations,0.7958300934703261
202303,DE,FND_32,Loans and advances-to-deposits ratio for households and non-financial corporations,1.2113841034019295
202303,DK,FND_32,Loans and advances-to-deposits ratio for households and non-financial corporations,2.9759502053487887
202303,EE,FND_32,Loans and advances-to-deposits ratio for households and non-financial corporations,0.9932033814051502
202303,ES,FND_32,Loans and advances-to-deposits ratio for households and non-financial corporations,1.0222912221638996
202303,EU,FND_32,Loans and advances-to-deposits ratio for households and non-financial corporations,1.0940959519964422
202303,FI,FND_32,Loans and advances-to-deposits ratio for households and non-financial corporations,1.6854460735489158
202303,FR,FND_32,Loans and advances-to-deposits ratio for households and non-financial corporations,1.081730385963767
202303,GR,FND_32,Loans and advances-to-deposits ratio for households and non-financial corporations,0.6057853953841292
202303,HR,FND_32,Loans and advances-to-deposits ratio for households and non-financial corporations,0.6330670955121389
202303,HU,FND_32,Loans and advances-to-deposits ratio for households and non-financial corporations,0.770479730805285
202303,IE,FND_32,Loans and advances-to-deposits ratio for households and non-financial corporations,0.6828180172099267
202303,IS,FND_32,Loans and advances-to-deposits ratio for households and non-financial corporations,1.7750630185684966
202303,IT,FND_32,Loans and advances-to-deposits ratio for households and non-financial corporations,0.9287541245987389
202303,LI,FND_32,Loans and advances-to-deposits ratio for households and non-financial corporations,0.669291314749724
202303,LT,FND_32,Loans and advances-to-deposits ratio for households and non-financial corporations,0.4540120127375526
202303,LU,FND_32,Loans and advances-to-deposits ratio for households and non-financial corporations,1.4603461426452233
202303,LV,FND_32,Loans and advances-to-deposits ratio for households and non-financial corporations,0.7071480650223142
202303,MT,FND_32,Loans and advances-to-deposits ratio for households and non-financial corporations,0.5647708758228077
202303,NL,FND_32,Loans and advances-to-deposits ratio for households and non-financial corporations,1.1299012117145557
202303,NO,FND_32,Loans and advances-to-deposits ratio for households and non-financial corporations,1.5582615292048256
202303,PL,FND_32,Loans and advances-to-deposits ratio for households and non-financial corporations,0.7398501546654208
202303,PT,FND_32,Loans and advances-to-deposits ratio for households and non-financial corporations,0.7340862662017947
202303,RO,FND_32,Loans and advances-to-deposits ratio for households and non-financial corporations,0.6087201118903087
202303,SE,FND_32,Loans and advances-to-deposits ratio for households and non-financial corporations,1.7524653977556306
202303,SI,FND_32,Loans and advances-to-deposits ratio for households and non-financial corporations,0.6649608599723549
202303,SK,FND_32,Loans and advances-to-deposits ratio for households and non-financial corporations,1.0949984976601248
202303,AT,FND_33,Asset encumbrance ratio,0.19995100028319215
202303,BE,FND_33,Asset encumbrance ratio,0.1392077793640505
202303,BG,FND_33,Asset encumbrance ratio,0.03541783976043208
202303,CY,FND_33,Asset encumbrance ratio,0.1259505165805171
202303,CZ,FND_33,Asset encumbrance ratio,0.10790425375506736
202303,DE,FND_33,Asset encumbrance ratio,0.33268458429388476
202303,DK,FND_33,Asset encumbrance ratio,0.5009310592975517
202303,EE,FND_33,Asset encumbrance ratio,0.058320783920028214
202303,ES,FND_33,Asset encumbrance ratio,0.22170247594225595
202303,EU,FND_33,Asset encumbrance ratio,0.2653127241222859
202303,FI,FND_33,Asset encumbrance ratio,0.2812804778918086
202303,FR,FND_33,Asset encumbrance ratio,0.2906527294333771
202303,GR,FND_33,Asset encumbrance ratio,0.17406212541642488
202303,HR,FND_33,Asset encumbrance ratio,0.01822359057906779
202303,HU,FND_33,Asset encumbrance ratio,0.12478676754311295
202303,IE,FND_33,Asset encumbrance ratio,0.2097167958286957
202303,IS,FND_33,Asset encumbrance ratio,0.22329699933067512
202303,IT,FND_33,Asset encumbrance ratio,0.28404252431912774
202303,LI,FND_33,Asset encumbrance ratio,0.04334624236169884
202303,LT,FND_33,Asset encumbrance ratio,0.042783645150122354
202303,LU,FND_33,Asset encumbrance ratio,0.0728658534176027
202303,LV,FND_33,Asset encumbrance ratio,0.03997087796069738
202303,MT,FND_33,Asset encumbrance ratio,0.08533031452933403
202303,NL,FND_33,Asset encumbrance ratio,0.1801807119825409
202303,NO,FND_33,Asset encumbrance ratio,0.1655695093027595
202303,PL,FND_33,Asset encumbrance ratio,0.03788128776043405
202303,PT,FND_33,Asset encumbrance ratio,0.10238549525718581
202303,RO,FND_33,Asset encumbrance ratio,0.012644841530216899
202303,SE,FND_33,Asset encumbrance ratio,0.21315751918878836
202303,SI,FND_33,Asset encumbrance ratio,0.0332411375972888
202303,SK,FND_33,Asset encumbrance ratio,0.1994722062881485
202303,AT,LIQ_17,Liquidity coverage ratio,1.6958465518991759
202303,BE,LIQ_17,Liquidity coverage ratio,1.798736107922955
202303,BG,LIQ_17,Liquidity coverage ratio,2.124542553523019
202303,CY,LIQ_17,Liquidity coverage ratio,3.3176741946637107
202303,CZ,LIQ_17,Liquidity coverage ratio,1.6106009911134087
202303,DE,LIQ_17,Liquidity coverage ratio,1.4855104531629262
202303,DK,LIQ_17,Liquidity coverage ratio,1.8116055924104848
202303,EE,LIQ_17,Liquidity coverage ratio,1.6198260432671618
202303,ES,LIQ_17,Liquidity coverage ratio,1.6598014483813681
202303,EU,LIQ_17,Liquidity coverage ratio,1.631468835499577
202303,FI,LIQ_17,Liquidity coverage ratio,1.7416548425361618
202303,FR,LIQ_17,Liquidity coverage ratio,1.5687265899743374
202303,GR,LIQ_17,Liquidity coverage ratio,2.0506886273262035
202303,HR,LIQ_17,Liquidity coverage ratio,2.294163018362015
202303,HU,LIQ_17,Liquidity coverage ratio,1.7448968028608045
202303,IE,LIQ_17,Liquidity coverage ratio,1.7570463392786662
202303,IS,LIQ_17,Liquidity coverage ratio,1.8904426676159387
202303,IT,LIQ_17,Liquidity coverage ratio,1.8680057382203454
202303,LI,LIQ_17,Liquidity coverage ratio,2.1619553274696486
202303,LT,LIQ_17,Liquidity coverage ratio,4.197182281926132
202303,LU,LIQ_17,Liquidity coverage ratio,1.4770076809903252
202303,LV,LIQ_17,Liquidity coverage ratio,1.7743987792440035
202303,MT,LIQ_17,Liquidity coverage ratio,4.260102162660283
202303,NL,LIQ_17,Liquidity coverage ratio,1.52333363233583
202303,NO,LIQ_17,Liquidity coverage ratio,1.2816179599518758
202303,PL,LIQ_17,Liquidity coverage ratio,1.9831076039281903
202303,PT,LIQ_17,Liquidity coverage ratio,2.0928959965736116
202303,RO,LIQ_17,Liquidity coverage ratio,2.4551408065346156
202303,SE,LIQ_17,Liquidity coverage ratio,1.5683582789349535
202303,SI,LIQ_17,Liquidity coverage ratio,2.7288497648805197
202303,SK,LIQ_17,Liquidity coverage ratio,1.8273821867853544
202303,AT,LIQ_20,Net Stable Funding Ratio,1.354620750915635
202303,BE,LIQ_20,Net Stable Funding Ratio,1.3277368226296153
202303,BG,LIQ_20,Net Stable Funding Ratio,1.5927280227285747
202303,CY,LIQ_20,Net Stable Funding Ratio,1.7498596959209487
202303,CZ,LIQ_20,Net Stable Funding Ratio,1.629271493966793
202303,DE,LIQ_20,Net Stable Funding Ratio,1.2366769178499333
202303,DK,LIQ_20,Net Stable Funding Ratio,1.3075847480592921
202303,EE,LIQ_20,Net Stable Funding Ratio,1.3975952359831991
202303,ES,LIQ_20,Net Stable Funding Ratio,1.2869214161481926
202303,EU,LIQ_20,Net Stable Funding Ratio,1.2601460540112734
202303,FI,LIQ_20,Net Stable Funding Ratio,1.1932035845410314
202303,FR,LIQ_20,Net Stable Funding Ratio,1.1577040047118514
202303,GR,LIQ_20,Net Stable Funding Ratio,1.3198735460112196
202303,HR,LIQ_20,Net Stable Funding Ratio,1.8093226177400346
202303,HU,LIQ_20,Net Stable Funding Ratio,1.3921281204280074
202303,IE,LIQ_20,Net Stable Funding Ratio,1.5590446670403437
202303,IS,LIQ_20,Net Stable Funding Ratio,1.1820324029888891
202303,IT,LIQ_20,Net Stable Funding Ratio,1.318914363372219
202303,LI,LIQ_20,Net Stable Funding Ratio,1.7569598124383172
202303,LT,LIQ_20,Net Stable Funding Ratio,1.9755292211047395
202303,LU,LIQ_20,Net Stable Funding Ratio,1.2521691220857494
202303,LV,LIQ_20,Net Stable Funding Ratio,1.3047110965021804
202303,MT,LIQ_20,Net Stable Funding Ratio,1.8093497339101074
202303,NL,LIQ_20,Net Stable Funding Ratio,1.3560604720302514
202303,NO,LIQ_20,Net Stable Funding Ratio,1.2061057718645665
202303,PL,LIQ_20,Net Stable Funding Ratio,1.473102359071153
202303,PT,LIQ_20,Net Stable Funding Ratio,1.443971133866735
202303,RO,LIQ_20,Net Stable Funding Ratio,1.898172624567427
202303,SE,LIQ_20,Net Stable Funding Ratio,1.1845021581515913
202303,SI,LIQ_20,Net Stable Funding Ratio,1.7527471658629223
202303,SK,LIQ_20,Net Stable Funding Ratio,1.3340075558328448
202303,AT,PFT_21,"Return on equity (numerator annualised, denominator as average)",0.1316757610445453
202303,BE,PFT_21,"Return on equity (numerator annualised, denominator as average)",0.10341948533972697
202303,BG,PFT_21,"Return on equity (numerator annualised, denominator as average)",0.1675413215465907
202303,CY,PFT_21,"Return on equity (numerator annualised, denominator as average)",0.26666019106282624
202303,CZ,PFT_21,"Return on equity (numerator annualised, denominator as average)",0.11553311603877153
202303,DE,PFT_21,"Return on equity (numerator annualised, denominator as average)",0.06551002912787965
202303,DK,PFT_21,"Return on equity (numerator annualised, denominator as average)",0.12323367564033245
202303,EE,PFT_21,"Return on equity (numerator annualised, denominator as average)",0.20319911120260492
202303,ES,PFT_21,"Return on equity (numerator annualised, denominator as average)",0.11396655074095915
202303,EU,PFT_21,"Return on equity (numerator annualised, denominator as average)",0.1038958576339485
202303,FI,PFT_21,"Return on equity (numerator annualised, denominator as average)",0.1433518552234685
202303,FR,PFT_21,"Return on equity (numerator annualised, denominator as average)",0.0782037318942733
202303,GR,PFT_21,"Return on equity (numerator annualised, denominator as average)",0.11623776948491274
202303,HR,PFT_21,"Return on equity (numerator annualised, denominator as average)",0.216823484420622
202303,HU,PFT_21,"Return on equity (numerator annualised, denominator as average)",0.19545840376366494
202303,IE,PFT_21,"Return on equity (numerator annualised, denominator as average)",0.12232483464986353
202303,IS,PFT_21,"Return on equity (numerator annualised, denominator as average)",0.12090418728817952
202303,IT,PFT_21,"Return on equity (numerator annualised, denominator as average)",0.13195386318228003
202303,LI,PFT_21,"Return on equity (numerator annualised, denominator as average)",0.0804664666407963
202303,LT,PFT_21,"Return on equity (numerator annualised, denominator as average)",0.24926036921870326
202303,LU,PFT_21,"Return on equity (numerator annualised, denominator as average)",0.06273646924848883
202303,LV,PFT_21,"Return on equity (numerator annualised, denominator as average)",0.25253904492770307
202303,MT,PFT_21,"Return on equity (numerator annualised, denominator as average)",0.10282453487980697
202303,NL,PFT_21,"Return on equity (numerator annualised, denominator as average)",0.11243908880825468
202303,NO,PFT_21,"Return on equity (numerator annualised, denominator as average)",0.14286448120247577
202303,PL,PFT_21,"Return on equity (numerator annualised, denominator as average)",0.17802930755562854
202303,PT,PFT_21,"Return on equity (numerator annualised, denominator as average)",0.1555913745068333
202303,RO,PFT_21,"Return on equity (numerator annualised, denominator as average)",0.2417126094559785
202303,SE,PFT_21,"Return on equity (numerator annualised, denominator as average)",0.15525151649459537
202303,SI,PFT_21,"Return on equity (numerator annualised, denominator as average)",0.13607909699590603
202303,SK,PFT_21,"Return on equity (numerator annualised, denominator as average)",0.11921283215398262
202303,AT,PFT_23,Cost to income ratio,0.46302143968395104
202303,BE,PFT_23,Cost to income ratio,0.564264124380378
202303,BG,PFT_23,Cost to income ratio,0.3381724263004516
202303,CY,PFT_23,Cost to income ratio,0.34406662089109763
202303,CZ,PFT_23,Cost to income ratio,0.4698518126513216
202303,DE,PFT_23,Cost to income ratio,0.5850462161857444
202303,DK,PFT_23,Cost to income ratio,0.45219938915730423
202303,EE,PFT_23,Cost to income ratio,0.37068501363126405
202303,ES,PFT_23,Cost to income ratio,0.4607669374333082
202303,EU,PFT_23,Cost to income ratio,0.5325333824212025
202303,FI,PFT_23,Cost to income ratio,0.39302380877501397
202303,FR,PFT_23,Cost to income ratio,0.6838485054121298
202303,GR,PFT_23,Cost to income ratio,0.36183776409996105
202303,HR,PFT_23,Cost to income ratio,0.33628625478094837
202303,HU,PFT_23,Cost to income ratio,0.7113993462905426
202303,IE,PFT_23,Cost to income ratio,0.45201029881395643
202303,IS,PFT_23,Cost to income ratio,0.39194420074077996
202303,IT,PFT_23,Cost to income ratio,0.48518814824782186
202303,LI,PFT_23,Cost to income ratio,0.7268797958633599
202303,LT,PFT_23,Cost to income ratio,0.31052789111359663
202303,LU,PFT_23,Cost to income ratio,0.5898168264852743
202303,LV,PFT_23,Cost to income ratio,0.29308707126323924
202303,MT,PFT_23,Cost to income ratio,0.5153317637151672
202303,NL,PFT_23,Cost to income ratio,0.4868406708346909
202303,NO,PFT_23,Cost to income ratio,0.35535264248194504
202303,PL,PFT_23,Cost to income ratio,0.4081826529311124
202303,PT,PFT_23,Cost to income ratio,0.30781088585461525
202303,RO,PFT_23,Cost to income ratio,0.4325859677383689
202303,SE,PFT_23,Cost to income ratio,0.3647092519421516
202303,SI,PFT_23,Cost to income ratio,0.4636167354909793
202303,SK,PFT_23,Cost to income ratio,0.4243663715679718
202303,AT,PFT_24,Return on assets,0.011009233922663536
202303,BE,PFT_24,Return on assets,0.007484053077556994
202303,BG,PFT_24,Return on assets,0.018962417334613357
202303,CY,PFT_24,Return on assets,0.018521415469395758
202303,CZ,PFT_24,Return on assets,0.008525786186685393
202303,DE,PFT_24,Return on assets,0.003829789154580098
202303,DK,PFT_24,Return on assets,0.006501037331302235
202303,EE,PFT_24,Return on assets,0.022554112993769262
202303,ES,PFT_24,Return on assets,0.006987121535753755
202303,EU,PFT_24,Return on assets,0.006707535204672232
202303,FI,PFT_24,Return on assets,0.008903434012747296
202303,FR,PFT_24,Return on assets,0.004882290117421916
202303,GR,PFT_24,Return on assets,0.010042353863417544
202303,HR,PFT_24,Return on assets,0.025215080304032696
202303,HU,PFT_24,Return on assets,0.018881717427335975
202303,IE,PFT_24,Return on assets,0.012182219216087312
202303,IS,PFT_24,Return on assets,0.016724969674175805
202303,IT,PFT_24,Return on assets,0.009666391458309033
202303,LI,PFT_24,Return on assets,0.0075924456503441975
202303,LT,PFT_24,Return on assets,0.016146535676049192
202303,LU,PFT_24,Return on assets,0.005492320891361017
202303,LV,PFT_24,Return on assets,0.025120542681493364
202303,MT,PFT_24,Return on assets,0.0075144454605738705
202303,NL,PFT_24,Return on assets,0.006754333130678519
202303,NO,PFT_24,Return on assets,0.01198880220331785
202303,PL,PFT_24,Return on assets,0.016783086094127844
202303,PT,PFT_24,Return on assets,0.012308482363274137
202303,RO,PFT_24,Return on assets,0.021974656969680536
202303,SE,PFT_24,Return on assets,0.008933890865340447
202303,SI,PFT_24,Return on assets,0.015040990319384513
202303,SK,PFT_24,Return on assets,0.00959861368620609
202303,AT,PFT_25,Net interest income to total net operating income,0.6601881128820356
202303,BE,PFT_25,Net interest income to total net operating income,0.7018621666061942
202303,BG,PFT_25,Net interest income to total net operating income,0.6660700661638713
202303,CY,PFT_25,Net interest income to total net operating income,0.6617307574803534
202303,CZ,PFT_25,Net interest income to total net operating income,0.7049764955500959
202303,DE,PFT_25,Net interest income to total net operating income,0.5320412474371341
202303,DK,PFT_25,Net interest income to total net operating income,0.5806881029449141
202303,EE,PFT_25,Net interest income to total net operating income,0.8071177572236311
202303,ES,PFT_25,Net interest income to total net operating income,0.7730364710437061
202303,EU,PFT_25,Net interest income to total net operating income,0.6035442203993797
202303,FI,PFT_25,Net interest income to total net operating income,0.6305729700807897
202303,FR,PFT_25,Net interest income to total net operating income,0.4215289974037002
202303,GR,PFT_25,Net interest income to total net operating income,0.7858534709628682
202303,HR,PFT_25,Net interest income to total net operating income,0.5842091863369032
202303,HU,PFT_25,Net interest income to total net operating income,0.6884724797795596
202303,IE,PFT_25,Net interest income to total net operating income,0.6771402974203927
202303,IS,PFT_25,Net interest income to total net operating income,0.6949576140614675
202303,IT,PFT_25,Net interest income to total net operating income,0.563059518686767
202303,LI,PFT_25,Net interest income to total net operating income,0.2591291348065877
202303,LT,PFT_25,Net interest income to total net operating income,0.8721073110792545
202303,LU,PFT_25,Net interest income to total net operating income,0.593545947214049
202303,LV,PFT_25,Net interest income to total net operating income,0.7855329506022211
202303,MT,PFT_25,Net interest income to total net operating income,0.8156672000193607
202303,NL,PFT_25,Net interest income to total net operating income,0.7259338768397898
202303,NO,PFT_25,Net interest income to total net operating income,0.7535079139621625
202303,PL,PFT_25,Net interest income to total net operating income,0.8661856472814875
202303,PT,PFT_25,Net interest income to total net operating income,0.6944163373712552
202303,RO,PFT_25,Net interest income to total net operating income,0.6979068618929501
202303,SE,PFT_25,Net interest income to total net operating income,0.7490410537664723
202303,SI,PFT_25,Net interest income to total net operating income,0.7812281728694276
202303,SK,PFT_25,Net interest income to total net operating income,0.692427054954455
202303,AT,PFT_26,Net fee and comission income to total net operating income,0.32664634608497256
202303,BE,PFT_26,Net fee and comission income to total net operating income,0.25576147765629176
202303,BG,PFT_26,Net fee and comission income to total net operating income,0.238178679974485
202303,CY,PFT_26,Net fee and comission income to total net operating income,0.16026228793229788
202303,CZ,PFT_26,Net fee and comission income to total net operating income,0.2179941983314488
202303,DE,PFT_26,Net fee and comission income to total net operating income,0.29925299297922225
202303,DK,PFT_26,Net fee and comission income to total net operating income,0.16285053664246998
202303,EE,PFT_26,Net fee and comission income to total net operating income,0.1416791561442989
202303,ES,PFT_26,Net fee and comission income to total net operating income,0.24408817702822558
202303,EU,PFT_26,Net fee and comission income to total net operating income,0.28121525050856044
202303,FI,PFT_26,Net fee and comission income to total net operating income,0.22739168247272898
202303,FR,PFT_26,Net fee and comission income to total net operating income,0.36152201180729443
202303,GR,PFT_26,Net fee and comission income to total net operating income,0.16209177519023257
202303,HR,PFT_26,Net fee and comission income to total net operating income,0.19948648239891234
202303,HU,PFT_26,Net fee and comission income to total net operating income,0.27495685622399635
202303,IE,PFT_26,Net fee and comission income to total net operating income,0.18228915517355934
202303,IS,PFT_26,Net fee and comission income to total net operating income,0.2069325162746625
202303,IT,PFT_26,Net fee and comission income to total net operating income,0.3244409749243462
202303,LI,PFT_26,Net fee and comission income to total net operating income,0.5366257461540832
202303,LT,PFT_26,Net fee and comission income to total net operating income,0.5605278911135966
202303,LU,PFT_26,Net fee and comission income to total net operating income,0.2940832326752064
202303,LV,PFT_26,Net fee and comission income to total net operating income,0.17103609891387003
202303,MT,PFT_26,Net fee and comission income to total net operating income,0.1422537170853693
202303,NL,PFT_26,Net fee and comission income to total net operating income,0.15310548200401247
202303,NO,PFT_26,Net fee and comission income to total net operating income,0.13963580972056583
202303,PL,PFT_26,Net fee and comission income to total net operating income,0.21549327681179484
202303,PT,PFT_26,Net fee and comission income to total net operating income,0.20819438130007648
202303,RO,PFT_26,Net fee and comission income to total net operating income,0.17113379163416878
202303,SE,PFT_26,Net fee and comission income to total net operating income,0.19005289241118678
202303,SI,PFT_26,Net fee and comission income to total net operating income,0.2557130288086132
202303,SK,PFT_26,Net fee and comission income to total net operating income,0.2707304277397118
202303,AT,PFT_29,Net trading income to total net operating income,-0.04567306925457272
202303,BE,PFT_29,Net trading income to total net operating income,0.05189924351597386
202303,BG,PFT_29,Net trading income to total net operating income,-0.09223293685039959
202303,CY,PFT_29,Net trading income to total net operating income,0.010275511506587506
202303,CZ,PFT_29,Net trading income to total net operating income,0.12806216352581187
202303,DE,PFT_29,Net trading income to total net operating income,0.1259815594861267
202303,DK,PFT_29,Net trading income to total net operating income,0.14977094400368873
202303,EE,PFT_29,Net trading income to total net operating income,0.0003602159845390258
202303,ES,PFT_29,Net trading income to total net operating income,0.03908175273836685
202303,EU,PFT_29,Net trading income to total net operating income,0.0826087312827151
202303,FI,PFT_29,Net trading income to total net operating income,0.15351693157484528
202303,FR,PFT_29,Net trading income to total net operating income,0.17701573544669563
202303,GR,PFT_29,Net trading income to total net operating income,0.00030168200205930526
202303,HR,PFT_29,Net trading income to total net operating income,0.01325279960401751
202303,HU,PFT_29,Net trading income to total net operating income,-0.07460819297856586
202303,IE,PFT_29,Net trading income to total net operating income,0.055552385156674995
202303,IS,PFT_29,Net trading income to total net operating income,0.07901240667914797
202303,IT,PFT_29,Net trading income to total net operating income,0.022015302422653586
202303,LI,PFT_29,Net trading income to total net operating income,0.13266828361779195
202303,LT,PFT_29,Net trading income to total net operating income,0.0516824461632981
202303,LU,PFT_29,Net trading income to total net operating income,0.07490920143191906
202303,LV,PFT_29,Net trading income to total net operating income,0.01592435301457759
202303,MT,PFT_29,Net trading income to total net operating income,0.01694665627066303
202303,NL,PFT_29,Net trading income to total net operating income,0.04424301140507717
202303,NO,PFT_29,Net trading income to total net operating income,0.07559612462823204
202303,PL,PFT_29,Net trading income to total net operating income,-0.004275249091062197
202303,PT,PFT_29,Net trading income to total net operating income,0.0046151775088098266
202303,RO,PFT_29,Net trading income to total net operating income,0.03158812859251297
202303,SE,PFT_29,Net trading income to total net operating income,0.037634120969791615
202303,SI,PFT_29,Net trading income to total net operating income,0.021240614490430722
202303,SK,PFT_29,Net trading income to total net operating income,0.018599236940091576
202303,AT,PFT_41,Net interest margin,0.021998365210325173
202303,BE,PFT_41,Net interest margin,0.015917481850868564
202303,BG,PFT_41,Net interest margin,0.0282276933823171
202303,CY,PFT_41,Net interest margin,0.02603965442134051
202303,CZ,PFT_41,Net interest margin,0.018429748448700736
202303,DE,PFT_41,Net interest margin,0.011490470212418709
202303,DK,PFT_41,Net interest margin,0.010191567531243988
202303,EE,PFT_41,Net interest margin,0.03427349443236774
202303,ES,PFT_41,Net interest margin,0.025362795682780458
202303,EU,PFT_41,Net interest margin,0.01553515046465032
202303,FI,PFT_41,Net interest margin,0.014664425415630863
202303,FR,PFT_41,Net interest margin,0.008918568924495685
202303,GR,PFT_41,Net interest margin,0.02902352368554606
202303,HR,PFT_41,Net interest margin,0.02624609107568933
202303,HU,PFT_41,Net interest margin,0.04362934221861158
202303,IE,PFT_41,Net interest margin,0.023696943733287096
202303,IS,PFT_41,Net interest margin,0.03131495631428004
202303,IT,PFT_41,Net interest margin,0.018720493392006023
202303,LI,PFT_41,Net interest margin,0.009969740223511808
202303,LT,PFT_41,Net interest margin,0.02914218165865044
202303,LU,PFT_41,Net interest margin,0.014896696926317156
202303,LV,PFT_41,Net interest margin,0.03296959888575457
202303,MT,PFT_41,Net interest margin,0.021463391438206962
202303,NL,PFT_41,Net interest margin,0.016861422229205506
202303,NO,PFT_41,Net interest margin,0.020450992281089243
202303,PL,PFT_41,Net interest margin,0.04329677361930083
202303,PT,PFT_41,Net interest margin,0.02651403082229087
202303,RO,PFT_41,Net interest margin,0.03639285729257182
202303,SE,PFT_41,Net interest margin,0.015035483025423287
202303,SI,PFT_41,Net interest margin,0.03055293133697855
202303,SK,PFT_41,Net interest margin,0.019883653860826734
202303,AT,PFT_43,Cost of risk,0.005043364873341407
202303,BE,PFT_43,Cost of risk,0.0013382549358923954
202303,BG,PFT_43,Cost of risk,0.00955483527072993
202303,CY,PFT_43,Cost of risk,0.0017068358025927465
202303,CZ,PFT_43,Cost of risk,0.0010535821153985691
202303,DE,PFT_43,Cost of risk,0.004027772813338563
202303,DK,PFT_43,Cost of risk,0.00810493941673
202303,EE,PFT_43,Cost of risk,-0.0006185323570229802
202303,ES,PFT_43,Cost of risk,0.011345512469692806
202303,EU,PFT_43,Cost of risk,0.004605790430951571
202303,FI,PFT_43,Cost of risk,0.00188281687616026
202303,FR,PFT_43,Cost of risk,0.004005477636297986
202303,GR,PFT_43,Cost of risk,0.006350769717227433
202303,HR,PFT_43,Cost of risk,-0.0012195713142378916
202303,HU,PFT_43,Cost of risk,0.010170551836424574
202303,IE,PFT_43,Cost of risk,0.002317721663581566
202303,IS,PFT_43,Cost of risk,0.0051406647783365685
202303,IT,PFT_43,Cost of risk,0.003378645400474689
202303,LI,PFT_43,Cost of risk,3.681890932983264e-05
202303,LT,PFT_43,Cost of risk,0.005222549491860167
202303,LU,PFT_43,Cost of risk,0.002258208659757773
202303,LV,PFT_43,Cost of risk,0.0005086406251846688
202303,MT,PFT_43,Cost of risk,0.016979380253308758
202303,NL,PFT_43,Cost of risk,0.0009655771832685981
202303,NO,PFT_43,Cost of risk,0.0007776223367400384
202303,PL,PFT_43,Cost of risk,0.00845998300525564
202303,PT,PFT_43,Cost of risk,0.007928721163617971
202303,RO,PFT_43,Cost of risk,0.008765842581998045
202303,SE,PFT_43,Cost of risk,0.001159489554691276
202303,SI,PFT_43,Cost of risk,0.0048481336040070615
202303,SK,PFT_43,Cost of risk,0.00410986825874511
202303,AT,SVC_1,Tier 1 capital ratio,0.16602987206275502
202303,BE,SVC_1,Tier 1 capital ratio,0.19648183384166715
202303,BG,SVC_1,Tier 1 capital ratio,0.21824931121529814
202303,CY,SVC_1,Tier 1 capital ratio,0.1915217524278888
202303,CZ,SVC_1,Tier 1 capital ratio,0.19453727853763908
202303,DE,SVC_1,Tier 1 capital ratio,0.1735948811414635
202303,DK,SVC_1,Tier 1 capital ratio,0.1968961964026693
202303,EE,SVC_1,Tier 1 capital ratio,0.22821422255541193
202303,ES,SVC_1,Tier 1 capital ratio,0.14312774634674064
202303,EU,SVC_1,Tier 1 capital ratio,0.17180888209743983
202303,FI,SVC_1,Tier 1 capital ratio,0.18616266819278157
202303,FR,SVC_1,Tier 1 capital ratio,0.1727376853976714
202303,GR,SVC_1,Tier 1 capital ratio,0.14552538119845754
202303,HR,SVC_1,Tier 1 capital ratio,0.22204580766792717
202303,HU,SVC_1,Tier 1 capital ratio,0.15140156918391054
202303,IE,SVC_1,Tier 1 capital ratio,0.2041366894176052
202303,IS,SVC_1,Tier 1 capital ratio,0.21080730011149118
202303,IT,SVC_1,Tier 1 capital ratio,0.17041921033717924
202303,LI,SVC_1,Tier 1 capital ratio,0.20626950583541176
202303,LT,SVC_1,Tier 1 capital ratio,0.20010621487648597
202303,LU,SVC_1,Tier 1 capital ratio,0.22485312794056642
202303,LV,SVC_1,Tier 1 capital ratio,0.23343688292633835
202303,MT,SVC_1,Tier 1 capital ratio,0.19265193417938525
202303,NL,SVC_1,Tier 1 capital ratio,0.17846178115290431
202303,NO,SVC_1,Tier 1 capital ratio,0.19652670694962596
202303,PL,SVC_1,Tier 1 capital ratio,0.18130495024034668
202303,PT,SVC_1,Tier 1 capital ratio,0.1590060034557347
202303,RO,SVC_1,Tier 1 capital ratio,0.1743655675235511
202303,SE,SVC_1,Tier 1 capital ratio,0.20601937861552752
202303,SI,SVC_1,Tier 1 capital ratio,0.16253985509659652
202303,SK,SVC_1,Tier 1 capital ratio,0.17295136141245313
202303,AT,SVC_13,Leverage ratio,0.06575252556606172
202303,BE,SVC_13,Leverage ratio,0.06237323782897751
202303,BG,SVC_13,Leverage ratio,0.09390104743039919
202303,CY,SVC_13,Leverage ratio,0.06381826022621316
202303,CZ,SVC_13,Leverage ratio,0.05528090694537686
202303,DE,SVC_13,Leverage ratio,0.051909976052019996
202303,DK,SVC_13,Leverage ratio,0.04909541004411327
202303,EE,SVC_13,Leverage ratio,0.09476383449044708
202303,ES,SVC_13,Leverage ratio,0.053876990025472776
202303,EU,SVC_13,Leverage ratio,0.05556664517277291
202303,FI,SVC_13,Leverage ratio,0.05624371763787528
202303,FR,SVC_13,Leverage ratio,0.05249369780289157
202303,GR,SVC_13,Leverage ratio,0.06871286573677732
202303,HR,SVC_13,Leverage ratio,0.09621972111051709
202303,HU,SVC_13,Leverage ratio,0.08033653960270737
202303,IE,SVC_13,Leverage ratio,0.08121623080130996
202303,IS,SVC_13,Leverage ratio,0.12638039341288015
202303,IT,SVC_13,Leverage ratio,0.056871538726723535
202303,LI,SVC_13,Leverage ratio,0.07523964691608588
202303,LT,SVC_13,Leverage ratio,0.06089263007961179
202303,LU,SVC_13,Leverage ratio,0.071015968622014
202303,LV,SVC_13,Leverage ratio,0.08648099193212308
202303,MT,SVC_13,Leverage ratio,0.06088576656822738
202303,NL,SVC_13,Leverage ratio,0.05475378487778424
202303,NO,SVC_13,Leverage ratio,0.06407459372500736
202303,PL,SVC_13,Leverage ratio,0.08445197426170417
202303,PT,SVC_13,Leverage ratio,0.06439261687652714
202303,RO,SVC_13,Leverage ratio,0.07495611025512813
202303,SE,SVC_13,Leverage ratio,0.05093915419339607
202303,SI,SVC_13,Leverage ratio,0.09185428833896996
202303,SK,SVC_13,Leverage ratio,0.06898546330349524
202303,AT,SVC_2,Total capital ratio,0.18981875138495605
202303,BE,SVC_2,Total capital ratio,0.21219102970313025
202303,BG,SVC_2,Total capital ratio,0.2256763207194929
202303,CY,SVC_2,Total capital ratio,0.21906550934192048
202303,CZ,SVC_2,Total capital ratio,0.19935238376579958
202303,DE,SVC_2,Total capital ratio,0.20903334898779743
202303,DK,SVC_2,Total capital ratio,0.22369972224853343
202303,EE,SVC_2,Total capital ratio,0.23224456773680408
202303,ES,SVC_2,Total capital ratio,0.1648081341463582
202303,EU,SVC_2,Total capital ratio,0.19801750062644863
202303,FI,SVC_2,Total capital ratio,0.20691485818137298
202303,FR,SVC_2,Total capital ratio,0.19880042260662628
202303,GR,SVC_2,Total capital ratio,0.16978726676202313
202303,HR,SVC_2,Total capital ratio,0.2236905811923797
202303,HU,SVC_2,Total capital ratio,0.17439101310795263
202303,IE,SVC_2,Total capital ratio,0.22761311672861878
202303,IS,SVC_2,Total capital ratio,0.23976517975426487
202303,IT,SVC_2,Total capital ratio,0.19835118062277993
202303,LI,SVC_2,Total capital ratio,0.20626950583541176
202303,LT,SVC_2,Total capital ratio,0.20221801820873103
202303,LU,SVC_2,Total capital ratio,0.23499828592946628
202303,LV,SVC_2,Total capital ratio,0.23667789831329206
202303,MT,SVC_2,Total capital ratio,0.2257207325549564
202303,NL,SVC_2,Total capital ratio,0.2063204765661645
202303,NO,SVC_2,Total capital ratio,0.21529056513987763
202303,PL,SVC_2,Total capital ratio,0.1963055272749298
202303,PT,SVC_2,Total capital ratio,0.18142127738686872
202303,RO,SVC_2,Total capital ratio,0.20116811394234935
202303,SE,SVC_2,Total capital ratio,0.22809667459988586
202303,SI,SVC_2,Total capital ratio,0.1875742867380978
202303,SK,SVC_2,Total capital ratio,0.18954904030396397
202303,AT,SVC_3,CET 1 capital ratio,0.15101395680168697
202303,BE,SVC_3,CET 1 capital ratio,0.1880801765220024
202303,BG,SVC_3,CET 1 capital ratio,0.21824931121529814
202303,CY,SVC_3,CET 1 capital ratio,0.17216331342782187
202303,CZ,SVC_3,CET 1 capital ratio,0.1887922727695248
202303,DE,SVC_3,CET 1 capital ratio,0.1602010227120038
202303,DK,SVC_3,CET 1 capital ratio,0.18201013917388256
202303,EE,SVC_3,CET 1 capital ratio,0.2253275379783366
202303,ES,SVC_3,CET 1 capital ratio,0.12708995190975114
202303,EU,SVC_3,CET 1 capital ratio,0.15790968444758074
202303,FI,SVC_3,CET 1 capital ratio,0.17123084059942342
202303,FR,SVC_3,CET 1 capital ratio,0.1603185907785993
202303,GR,SVC_3,CET 1 capital ratio,0.13861213665959435
202303,HR,SVC_3,CET 1 capital ratio,0.22204580766792717
202303,HU,SVC_3,CET 1 capital ratio,0.15140156918391054
202303,IE,SVC_3,CET 1 capital ratio,0.19304346828504404
202303,IS,SVC_3,CET 1 capital ratio,0.20356355951465602
202303,IT,SVC_3,CET 1 capital ratio,0.15437022516867469
202303,LI,SVC_3,CET 1 capital ratio,0.20626950583541176
202303,LT,SVC_3,CET 1 capital ratio,0.20010621487648597
202303,LU,SVC_3,CET 1 capital ratio,0.22122392694881032
202303,LV,SVC_3,CET 1 capital ratio,0.23343688292633835
202303,MT,SVC_3,CET 1 capital ratio,0.19265193417938523
202303,NL,SVC_3,CET 1 capital ratio,0.15815106484598715
202303,NO,SVC_3,CET 1 capital ratio,0.1807446462329925
202303,PL,SVC_3,CET 1 capital ratio,0.18130495024034668
202303,PT,SVC_3,CET 1 capital ratio,0.15088071947196707
202303,RO,SVC_3,CET 1 capital ratio,0.16933330457399656
202303,SE,SVC_3,CET 1 capital ratio,0.18789151964353829
202303,SI,SVC_3,CET 1 capital ratio,0.1592209669136221
202303,SK,SVC_3,CET 1 capital ratio,0.1564881893357403
202306,AT,AQT_3.1,Non-performing debt instruments (loans and advances & debt securities) other than held for trading to total gross debt instruments (NPE ratio),0.015164588357672365
202306,BE,AQT_3.1,Non-performing debt instruments (loans and advances & debt securities) other than held for trading to total gross debt instruments (NPE ratio),0.010126944579058638
202306,BG,AQT_3.1,Non-performing debt instruments (loans and advances & debt securities) other than held for trading to total gross debt instruments (NPE ratio),0.018865610827955556
202306,CY,AQT_3.1,Non-performing debt instruments (loans and advances & debt securities) other than held for trading to total gross debt instruments (NPE ratio),0.02298752386693949
202306,CZ,AQT_3.1,Non-performing debt instruments (loans and advances & debt securities) other than held for trading to total gross debt instruments (NPE ratio),0.009136870383550575
202306,DE,AQT_3.1,Non-performing debt instruments (loans and advances & debt securities) other than held for trading to total gross debt instruments (NPE ratio),0.010464759953379569
202306,DK,AQT_3.1,Non-performing debt instruments (loans and advances & debt securities) other than held for trading to total gross debt instruments (NPE ratio),0.011891082443842887
202306,EE,AQT_3.1,Non-performing debt instruments (loans and advances & debt securities) other than held for trading to total gross debt instruments (NPE ratio),0.005559575759658618
202306,ES,AQT_3.1,Non-performing debt instruments (loans and advances & debt securities) other than held for trading to total gross debt instruments (NPE ratio),0.024216989498291396
202306,EU,AQT_3.1,Non-performing debt instruments (loans and advances & debt securities) other than held for trading to total gross debt instruments (NPE ratio),0.015939912642269457
202306,FI,AQT_3.1,Non-performing debt instruments (loans and advances & debt securities) other than held for trading to total gross debt instruments (NPE ratio),0.00906799888156346
202306,FR,AQT_3.1,Non-performing debt instruments (loans and advances & debt securities) other than held for trading to total gross debt instruments (NPE ratio),0.017653903949992344
202306,GR,AQT_3.1,Non-performing debt instruments (loans and advances & debt securities) other than held for trading to total gross debt instruments (NPE ratio),0.03641749438386814
202306,HR,AQT_3.1,Non-performing debt instruments (loans and advances & debt securities) other than held for trading to total gross debt instruments (NPE ratio),0.017988349678670863
202306,HU,AQT_3.1,Non-performing debt instruments (loans and advances & debt securities) other than held for trading to total gross debt instruments (NPE ratio),0.025532583773119517
202306,IE,AQT_3.1,Non-performing debt instruments (loans and advances & debt securities) other than held for trading to total gross debt instruments (NPE ratio),0.015950334692730394
202306,IS,AQT_3.1,Non-performing debt instruments (loans and advances & debt securities) other than held for trading to total gross debt instruments (NPE ratio),0.012844232415360089
202306,IT,AQT_3.1,Non-performing debt instruments (loans and advances & debt securities) other than held for trading to total gross debt instruments (NPE ratio),0.018823873006787534
202306,LI,AQT_3.1,Non-performing debt instruments (loans and advances & debt securities) other than held for trading to total gross debt instruments (NPE ratio),0.003252287101471557
202306,LT,AQT_3.1,Non-performing debt instruments (loans and advances & debt securities) other than held for trading to total gross debt instruments (NPE ratio),0.00495770968463091
202306,LU,AQT_3.1,Non-performing debt instruments (loans and advances & debt securities) other than held for trading to total gross debt instruments (NPE ratio),0.012032084979482214
202306,LV,AQT_3.1,Non-performing debt instruments (loans and advances & debt securities) other than held for trading to total gross debt instruments (NPE ratio),0.00435640452034572
202306,MT,AQT_3.1,Non-performing debt instruments (loans and advances & debt securities) other than held for trading to total gross debt instruments (NPE ratio),0.01636850371448085
202306,NL,AQT_3.1,Non-performing debt instruments (loans and advances & debt securities) other than held for trading to total gross debt instruments (NPE ratio),0.012398513881884479
202306,NO,AQT_3.1,Non-performing debt instruments (loans and advances & debt securities) other than held for trading to total gross debt instruments (NPE ratio),0.008717488271220297
202306,PL,AQT_3.1,Non-performing debt instruments (loans and advances & debt securities) other than held for trading to total gross debt instruments (NPE ratio),0.03010475219372773
202306,PT,AQT_3.1,Non-performing debt instruments (loans and advances & debt securities) other than held for trading to total gross debt instruments (NPE ratio),0.02521371540533604
202306,RO,AQT_3.1,Non-performing debt instruments (loans and advances & debt securities) other than held for trading to total gross debt instruments (NPE ratio),0.017455751904685263
202306,SE,AQT_3.1,Non-performing debt instruments (loans and advances & debt securities) other than held for trading to total gross debt instruments (NPE ratio),0.002114760001056308
202306,SI,AQT_3.1,Non-performing debt instruments (loans and advances & debt securities) other than held for trading to total gross debt instruments (NPE ratio),0.012789885890039068
202306,SK,AQT_3.1,Non-performing debt instruments (loans and advances & debt securities) other than held for trading to total gross debt instruments (NPE ratio),0.013900631478559133
202306,AT,AQT_3.2,"Share of non‐performing loans and advances
(NPL ratio)",0.017809469067367318
202306,BE,AQT_3.2,"Share of non‐performing loans and advances
(NPL ratio)",0.011471627174814326
202306,BG,AQT_3.2,"Share of non‐performing loans and advances
(NPL ratio)",0.020604623687708344
202306,CY,AQT_3.2,"Share of non‐performing loans and advances
(NPL ratio)",0.028233525447743577
202306,CZ,AQT_3.2,"Share of non‐performing loans and advances
(NPL ratio)",0.011104728056158576
202306,DE,AQT_3.2,"Share of non‐performing loans and advances
(NPL ratio)",0.011421540892830711
202306,DK,AQT_3.2,"Share of non‐performing loans and advances
(NPL ratio)",0.01313041259350199
202306,EE,AQT_3.2,"Share of non‐performing loans and advances
(NPL ratio)",0.0058305830600180976
202306,ES,AQT_3.2,"Share of non‐performing loans and advances
(NPL ratio)",0.027900496310943143
202306,EU,AQT_3.2,"Share of non‐performing loans and advances
(NPL ratio)",0.01797995333801623
202306,FI,AQT_3.2,"Share of non‐performing loans and advances
(NPL ratio)",0.01011955907579364
202306,FR,AQT_3.2,"Share of non‐performing loans and advances
(NPL ratio)",0.019155388984789423
202306,GR,AQT_3.2,"Share of non‐performing loans and advances
(NPL ratio)",0.04634383072637976
202306,HR,AQT_3.2,"Share of non‐performing loans and advances
(NPL ratio)",0.020682847308796572
202306,HU,AQT_3.2,"Share of non‐performing loans and advances
(NPL ratio)",0.03104892208634515
202306,IE,AQT_3.2,"Share of non‐performing loans and advances
(NPL ratio)",0.0177715043722231
202306,IS,AQT_3.2,"Share of non‐performing loans and advances
(NPL ratio)",0.01335325379625095
202306,IT,AQT_3.2,"Share of non‐performing loans and advances
(NPL ratio)",0.024149919785844843
202306,LI,AQT_3.2,"Share of non‐performing loans and advances
(NPL ratio)",0.004104296108441688
202306,LT,AQT_3.2,"Share of non‐performing loans and advances
(NPL ratio)",0.005657885558500382
202306,LU,AQT_3.2,"Share of non‐performing loans and advances
(NPL ratio)",0.013984034704361529
202306,LV,AQT_3.2,"Share of non‐performing loans and advances
(NPL ratio)",0.0046275866483707585
202306,MT,AQT_3.2,"Share of non‐performing loans and advances
(NPL ratio)",0.022743563981313976
202306,NL,AQT_3.2,"Share of non‐performing loans and advances
(NPL ratio)",0.013407483948089716
202306,NO,AQT_3.2,"Share of non‐performing loans and advances
(NPL ratio)",0.009634191703866415
202306,PL,AQT_3.2,"Share of non‐performing loans and advances
(NPL ratio)",0.04430029852413076
202306,PT,AQT_3.2,"Share of non‐performing loans and advances
(NPL ratio)",0.030284079093492556
202306,RO,AQT_3.2,"Share of non‐performing loans and advances
(NPL ratio)",0.0248366639393088
202306,SE,AQT_3.2,"Share of non‐performing loans and advances
(NPL ratio)",0.00235908465289483
202306,SI,AQT_3.2,"Share of non‐performing loans and advances
(NPL ratio)",0.015701149878299677
202306,SK,AQT_3.2,"Share of non‐performing loans and advances
(NPL ratio)",0.016084265264965147
202306,AT,AQT_41.2,Coverage ratio of non-performing loans and advances,0.4780766169920668
202306,BE,AQT_41.2,Coverage ratio of non-performing loans and advances,0.474321063937034
202306,BG,AQT_41.2,Coverage ratio of non-performing loans and advances,0.6479915466007204
202306,CY,AQT_41.2,Coverage ratio of non-performing loans and advances,0.3421031835983193
202306,CZ,AQT_41.2,Coverage ratio of non-performing loans and advances,0.5327234618653623
202306,DE,AQT_41.2,Coverage ratio of non-performing loans and advances,0.3303998849629188
202306,DK,AQT_41.2,Coverage ratio of non-performing loans and advances,0.2894445921130852
202306,EE,AQT_41.2,Coverage ratio of non-performing loans and advances,0.31289112997856205
202306,ES,AQT_41.2,Coverage ratio of non-performing loans and advances,0.4279827803766519
202306,EU,AQT_41.2,Coverage ratio of non-performing loans and advances,0.4292376991654179
202306,FI,AQT_41.2,Coverage ratio of non-performing loans and advances,0.2865590820829216
202306,FR,AQT_41.2,Coverage ratio of non-performing loans and advances,0.45645805608572354
202306,GR,AQT_41.2,Coverage ratio of non-performing loans and advances,0.4303593472992211
202306,HR,AQT_41.2,Coverage ratio of non-performing loans and advances,0.6781901112502249
202306,HU,AQT_41.2,Coverage ratio of non-performing loans and advances,0.5772274073898382
202306,IE,AQT_41.2,Coverage ratio of non-performing loans and advances,0.307027008329466
202306,IS,AQT_41.2,Coverage ratio of non-performing loans and advances,0.1930347751208778
202306,IT,AQT_41.2,Coverage ratio of non-performing loans and advances,0.5407746943591926
202306,LI,AQT_41.2,Coverage ratio of non-performing loans and advances,0.3836926321148443
202306,LT,AQT_41.2,Coverage ratio of non-performing loans and advances,0.4038123710418224
202306,LU,AQT_41.2,Coverage ratio of non-performing loans and advances,0.40567667116224665
202306,LV,AQT_41.2,Coverage ratio of non-performing loans and advances,0.3679746250637785
202306,MT,AQT_41.2,Coverage ratio of non-performing loans and advances,0.3129414268024323
202306,NL,AQT_41.2,Coverage ratio of non-performing loans and advances,0.25887963139368314
202306,NO,AQT_41.2,Coverage ratio of non-performing loans and advances,0.2530003706844919
202306,PL,AQT_41.2,Coverage ratio of non-performing loans and advances,0.6351254208109633
202306,PT,AQT_41.2,Coverage ratio of non-performing loans and advances,0.5905672565762204
202306,RO,AQT_41.2,Coverage ratio of non-performing loans and advances,0.6741314271636082
202306,SE,AQT_41.2,Coverage ratio of non-performing loans and advances,0.3475624893410582
202306,SI,AQT_41.2,Coverage ratio of non-performing loans and advances,0.5617620662374156
202306,SK,AQT_41.2,Coverage ratio of non-performing loans and advances,0.5681823414886928
202306,AT,AQT_42.2,Forbearance ratio - Loans and advances (gross amount) (FBL),0.015253177992234926
202306,BE,AQT_42.2,Forbearance ratio - Loans and advances (gross amount) (FBL),0.009154540695474174
202306,BG,AQT_42.2,Forbearance ratio - Loans and advances (gross amount) (FBL),0.01742215627435254
202306,CY,AQT_42.2,Forbearance ratio - Loans and advances (gross amount) (FBL),0.03712759368311923
202306,CZ,AQT_42.2,Forbearance ratio - Loans and advances (gross amount) (FBL),0.004475822188383345
202306,DE,AQT_42.2,Forbearance ratio - Loans and advances (gross amount) (FBL),0.011395813657924846
202306,DK,AQT_42.2,Forbearance ratio - Loans and advances (gross amount) (FBL),0.005722546415641223
202306,EE,AQT_42.2,Forbearance ratio - Loans and advances (gross amount) (FBL),0.0145511691413134
202306,ES,AQT_42.2,Forbearance ratio - Loans and advances (gross amount) (FBL),0.02518182590393326
202306,EU,AQT_42.2,Forbearance ratio - Loans and advances (gross amount) (FBL),0.014500589103999168
202306,FI,AQT_42.2,Forbearance ratio - Loans and advances (gross amount) (FBL),0.013067215537850717
202306,FR,AQT_42.2,Forbearance ratio - Loans and advances (gross amount) (FBL),0.010002214255742353
202306,GR,AQT_42.2,Forbearance ratio - Loans and advances (gross amount) (FBL),0.05359563184012007
202306,HR,AQT_42.2,Forbearance ratio - Loans and advances (gross amount) (FBL),0.015229196102155982
202306,HU,AQT_42.2,Forbearance ratio - Loans and advances (gross amount) (FBL),0.030720676586755605
202306,IE,AQT_42.2,Forbearance ratio - Loans and advances (gross amount) (FBL),0.021968133976667883
202306,IS,AQT_42.2,Forbearance ratio - Loans and advances (gross amount) (FBL),0.027986905035161984
202306,IT,AQT_42.2,Forbearance ratio - Loans and advances (gross amount) (FBL),0.021278915491139416
202306,LI,AQT_42.2,Forbearance ratio - Loans and advances (gross amount) (FBL),0.003272979080839621
202306,LT,AQT_42.2,Forbearance ratio - Loans and advances (gross amount) (FBL),0.007975282735250076
202306,LU,AQT_42.2,Forbearance ratio - Loans and advances (gross amount) (FBL),0.008459423099665228
202306,LV,AQT_42.2,Forbearance ratio - Loans and advances (gross amount) (FBL),0.010515658415497944
202306,MT,AQT_42.2,Forbearance ratio - Loans and advances (gross amount) (FBL),0.024054785888942925
202306,NL,AQT_42.2,Forbearance ratio - Loans and advances (gross amount) (FBL),0.01467844700677581
202306,NO,AQT_42.2,Forbearance ratio - Loans and advances (gross amount) (FBL),0.011391294434294045
202306,PL,AQT_42.2,Forbearance ratio - Loans and advances (gross amount) (FBL),0.018162261477811376
202306,PT,AQT_42.2,Forbearance ratio - Loans and advances (gross amount) (FBL),0.029227004182817443
202306,RO,AQT_42.2,Forbearance ratio - Loans and advances (gross amount) (FBL),0.015138237171436801
202306,SE,AQT_42.2,Forbearance ratio - Loans and advances (gross amount) (FBL),0.0025915589459688205
202306,SI,AQT_42.2,Forbearance ratio - Loans and advances (gross amount) (FBL),0.013446523040061916
202306,SK,AQT_42.2,Forbearance ratio - Loans and advances (gross amount) (FBL),0.014922925953535638
202306,AT,FND_32,Loans and advances-to-deposits ratio for households and non-financial corporations,0.9884792534259117
202306,BE,FND_32,Loans and advances-to-deposits ratio for households and non-financial corporations,1.0048689133002464
202306,BG,FND_32,Loans and advances-to-deposits ratio for households and non-financial corporations,0.7391005283910985
202306,CY,FND_32,Loans and advances-to-deposits ratio for households and non-financial corporations,0.4947962751363466
202306,CZ,FND_32,Loans and advances-to-deposits ratio for households and non-financial corporations,0.8124835296478983
202306,DE,FND_32,Loans and advances-to-deposits ratio for households and non-financial corporations,1.2286870718916425
202306,DK,FND_32,Loans and advances-to-deposits ratio for households and non-financial corporations,3.0249769781446827
202306,EE,FND_32,Loans and advances-to-deposits ratio for households and non-financial corporations,1.0077660322432596
202306,ES,FND_32,Loans and advances-to-deposits ratio for households and non-financial corporations,1.018476360029383
202306,EU,FND_32,Loans and advances-to-deposits ratio for households and non-financial corporations,1.0933388370830794
202306,FI,FND_32,Loans and advances-to-deposits ratio for households and non-financial corporations,1.7334917389068087
202306,FR,FND_32,Loans and advances-to-deposits ratio for households and non-financial corporations,1.07869994453395
202306,GR,FND_32,Loans and advances-to-deposits ratio for households and non-financial corporations,0.596364859012311
202306,HR,FND_32,Loans and advances-to-deposits ratio for households and non-financial corporations,0.6447772327325029
202306,HU,FND_32,Loans and advances-to-deposits ratio for households and non-financial corporations,0.8071554390663923
202306,IE,FND_32,Loans and advances-to-deposits ratio for households and non-financial corporations,0.7054985594175416
202306,IS,FND_32,Loans and advances-to-deposits ratio for households and non-financial corporations,1.7705954587265997
202306,IT,FND_32,Loans and advances-to-deposits ratio for households and non-financial corporations,0.9280787754278643
202306,LI,FND_32,Loans and advances-to-deposits ratio for households and non-financial corporations,0.6652595461340024
202306,LT,FND_32,Loans and advances-to-deposits ratio for households and non-financial corporations,0.45197993252645796
202306,LU,FND_32,Loans and advances-to-deposits ratio for households and non-financial corporations,1.474409540614967
202306,LV,FND_32,Loans and advances-to-deposits ratio for households and non-financial corporations,0.719386409151434
202306,MT,FND_32,Loans and advances-to-deposits ratio for households and non-financial corporations,0.5642727111695115
202306,NL,FND_32,Loans and advances-to-deposits ratio for households and non-financial corporations,1.1123558761874406
202306,NO,FND_32,Loans and advances-to-deposits ratio for households and non-financial corporations,1.6786068938174017
202306,PL,FND_32,Loans and advances-to-deposits ratio for households and non-financial corporations,0.7237809968536593
202306,PT,FND_32,Loans and advances-to-deposits ratio for households and non-financial corporations,0.7325247890310463
202306,RO,FND_32,Loans and advances-to-deposits ratio for households and non-financial corporations,0.6126629107208879
202306,SE,FND_32,Loans and advances-to-deposits ratio for households and non-financial corporations,1.7603821729267934
202306,SI,FND_32,Loans and advances-to-deposits ratio for households and non-financial corporations,0.6643799700826734
202306,SK,FND_32,Loans and advances-to-deposits ratio for households and non-financial corporations,1.1273766978158122
202306,AT,FND_33,Asset encumbrance ratio,0.18365404894765944
202306,BE,FND_33,Asset encumbrance ratio,0.13841012076551631
202306,BG,FND_33,Asset encumbrance ratio,0.026533547157377164
202306,CY,FND_33,Asset encumbrance ratio,0.1198599161709263
202306,CZ,FND_33,Asset encumbrance ratio,0.1202138213208695
202306,DE,FND_33,Asset encumbrance ratio,0.33349966526095903
202306,DK,FND_33,Asset encumbrance ratio,0.5135237667504114
202306,EE,FND_33,Asset encumbrance ratio,0.03775718042478291
202306,ES,FND_33,Asset encumbrance ratio,0.20827781666626383
202306,EU,FND_33,Asset encumbrance ratio,0.2542527669004103
202306,FI,FND_33,Asset encumbrance ratio,0.2855277267061644
202306,FR,FND_33,Asset encumbrance ratio,0.27608450891302155
202306,GR,FND_33,Asset encumbrance ratio,0.1414563386658583
202306,HR,FND_33,Asset encumbrance ratio,0.01776957084760801
202306,HU,FND_33,Asset encumbrance ratio,0.13292781060742268
202306,IE,FND_33,Asset encumbrance ratio,0.21448513988244375
202306,IS,FND_33,Asset encumbrance ratio,0.23706355987060668
202306,IT,FND_33,Asset encumbrance ratio,0.2508132208337174
202306,LI,FND_33,Asset encumbrance ratio,0.043825072669239594
202306,LT,FND_33,Asset encumbrance ratio,0.03783389575693336
202306,LU,FND_33,Asset encumbrance ratio,0.07459029562326129
202306,LV,FND_33,Asset encumbrance ratio,0.03359040240335656
202306,MT,FND_33,Asset encumbrance ratio,0.08404310674225797
202306,NL,FND_33,Asset encumbrance ratio,0.1683630333424994
202306,NO,FND_33,Asset encumbrance ratio,0.15897631107313592
202306,PL,FND_33,Asset encumbrance ratio,0.032851710529248804
202306,PT,FND_33,Asset encumbrance ratio,0.09875375900301353
202306,RO,FND_33,Asset encumbrance ratio,0.009440966889207519
202306,SE,FND_33,Asset encumbrance ratio,0.208894255338795
202306,SI,FND_33,Asset encumbrance ratio,0.030746524397152704
202306,SK,FND_33,Asset encumbrance ratio,0.20043699278321586
202306,AT,LIQ_17,Liquidity coverage ratio,1.5904977106987088
202306,BE,LIQ_17,Liquidity coverage ratio,1.766858011848027
202306,BG,LIQ_17,Liquidity coverage ratio,2.074891399683013
202306,CY,LIQ_17,Liquidity coverage ratio,3.410794980216138
202306,CZ,LIQ_17,Liquidity coverage ratio,1.6666300065327027
202306,DE,LIQ_17,Liquidity coverage ratio,1.4566770151932384
202306,DK,LIQ_17,Liquidity coverage ratio,1.6394568523345883
202306,EE,LIQ_17,Liquidity coverage ratio,1.688256504915959
202306,ES,LIQ_17,Liquidity coverage ratio,1.6977064414528624
202306,EU,LIQ_17,Liquidity coverage ratio,1.6050926040262383
202306,FI,LIQ_17,Liquidity coverage ratio,1.720336480488792
202306,FR,LIQ_17,Liquidity coverage ratio,1.5030205301059474
202306,GR,LIQ_17,Liquidity coverage ratio,2.089140810290329
202306,HR,LIQ_17,Liquidity coverage ratio,2.2995754291133728
202306,HU,LIQ_17,Liquidity coverage ratio,1.79323104578375
202306,IE,LIQ_17,Liquidity coverage ratio,1.644239311432363
202306,IS,LIQ_17,Liquidity coverage ratio,1.8648435790668303
202306,IT,LIQ_17,Liquidity coverage ratio,1.664295132211836
202306,LI,LIQ_17,Liquidity coverage ratio,2.05074906975427
202306,LT,LIQ_17,Liquidity coverage ratio,3.832400860540751
202306,LU,LIQ_17,Liquidity coverage ratio,1.523536898092643
202306,LV,LIQ_17,Liquidity coverage ratio,1.8560380072273739
202306,MT,LIQ_17,Liquidity coverage ratio,4.380880716970312
202306,NL,LIQ_17,Liquidity coverage ratio,1.5966305409605355
202306,NO,LIQ_17,Liquidity coverage ratio,1.3568381349374186
202306,PL,LIQ_17,Liquidity coverage ratio,2.271029809548493
202306,PT,LIQ_17,Liquidity coverage ratio,2.011682468153454
202306,RO,LIQ_17,Liquidity coverage ratio,2.722636759692233
202306,SE,LIQ_17,Liquidity coverage ratio,1.6167966357361874
202306,SI,LIQ_17,Liquidity coverage ratio,3.112544745816035
202306,SK,LIQ_17,Liquidity coverage ratio,1.8417438299743374
202306,AT,LIQ_20,Net Stable Funding Ratio,1.3814181775210457
202306,BE,LIQ_20,Net Stable Funding Ratio,1.3393858903204274
202306,BG,LIQ_20,Net Stable Funding Ratio,1.510570735667365
202306,CY,LIQ_20,Net Stable Funding Ratio,1.887327029626597
202306,CZ,LIQ_20,Net Stable Funding Ratio,1.640401788433444
202306,DE,LIQ_20,Net Stable Funding Ratio,1.2253374455488009
202306,DK,LIQ_20,Net Stable Funding Ratio,1.2807041233804601
202306,EE,LIQ_20,Net Stable Funding Ratio,1.4258380670626445
202306,ES,LIQ_20,Net Stable Funding Ratio,1.2954508218094505
202306,EU,LIQ_20,Net Stable Funding Ratio,1.2660263713756308
202306,FI,LIQ_20,Net Stable Funding Ratio,1.2194758942921817
202306,FR,LIQ_20,Net Stable Funding Ratio,1.1551172485858823
202306,GR,LIQ_20,Net Stable Funding Ratio,1.3496472193253362
202306,HR,LIQ_20,Net Stable Funding Ratio,1.80342096279137
202306,HU,LIQ_20,Net Stable Funding Ratio,1.4143819972618112
202306,IE,LIQ_20,Net Stable Funding Ratio,1.5407454873602042
202306,IS,LIQ_20,Net Stable Funding Ratio,1.186198398742256
202306,IT,LIQ_20,Net Stable Funding Ratio,1.3323482845159749
202306,LI,LIQ_20,Net Stable Funding Ratio,1.7405895893167271
202306,LT,LIQ_20,Net Stable Funding Ratio,1.9801438432727385
202306,LU,LIQ_20,Net Stable Funding Ratio,1.2659088039371171
202306,LV,LIQ_20,Net Stable Funding Ratio,1.296574084858022
202306,MT,LIQ_20,Net Stable Funding Ratio,1.8069121122237122
202306,NL,LIQ_20,Net Stable Funding Ratio,1.3766940438053603
202306,NO,LIQ_20,Net Stable Funding Ratio,1.184071375104426
202306,PL,LIQ_20,Net Stable Funding Ratio,1.5309203333289867
202306,PT,LIQ_20,Net Stable Funding Ratio,1.4579356868484359
202306,RO,LIQ_20,Net Stable Funding Ratio,1.989561865970172
202306,SE,LIQ_20,Net Stable Funding Ratio,1.208930994307407
202306,SI,LIQ_20,Net Stable Funding Ratio,1.7991731353899256
202306,SK,LIQ_20,Net Stable Funding Ratio,1.3439522753193351
202306,AT,PFT_21,"Return on equity (numerator annualised, denominator as average)",0.14349647941259686
202306,BE,PFT_21,"Return on equity (numerator annualised, denominator as average)",0.1440161870695851
202306,BG,PFT_21,"Return on equity (numerator annualised, denominator as average)",0.21774289679947748
202306,CY,PFT_21,"Return on equity (numerator annualised, denominator as average)",0.2633867930574934
202306,CZ,PFT_21,"Return on equity (numerator annualised, denominator as average)",0.15045377574626456
202306,DE,PFT_21,"Return on equity (numerator annualised, denominator as average)",0.06826450609896698
202306,DK,PFT_21,"Return on equity (numerator annualised, denominator as average)",0.1186331026750573
202306,EE,PFT_21,"Return on equity (numerator annualised, denominator as average)",0.20816927130969606
202306,ES,PFT_21,"Return on equity (numerator annualised, denominator as average)",0.12267653648674987
202306,EU,PFT_21,"Return on equity (numerator annualised, denominator as average)",0.10960263797375829
202306,FI,PFT_21,"Return on equity (numerator annualised, denominator as average)",0.1442535817950672
202306,FR,PFT_21,"Return on equity (numerator annualised, denominator as average)",0.07778727863052017
202306,GR,PFT_21,"Return on equity (numerator annualised, denominator as average)",0.1325857047434849
202306,HR,PFT_21,"Return on equity (numerator annualised, denominator as average)",0.20046550644503824
202306,HU,PFT_21,"Return on equity (numerator annualised, denominator as average)",0.28733148079249304
202306,IE,PFT_21,"Return on equity (numerator annualised, denominator as average)",0.12982008411433288
202306,IS,PFT_21,"Return on equity (numerator annualised, denominator as average)",0.11820694444598316
202306,IT,PFT_21,"Return on equity (numerator annualised, denominator as average)",0.13865705664099368
202306,LI,PFT_21,"Return on equity (numerator annualised, denominator as average)",0.07356341050655764
202306,LT,PFT_21,"Return on equity (numerator annualised, denominator as average)",0.2534429881004212
202306,LU,PFT_21,"Return on equity (numerator annualised, denominator as average)",0.08725537195700117
202306,LV,PFT_21,"Return on equity (numerator annualised, denominator as average)",0.2576816175524681
202306,MT,PFT_21,"Return on equity (numerator annualised, denominator as average)",0.12309804627414986
202306,NL,PFT_21,"Return on equity (numerator annualised, denominator as average)",0.12912826904689825
202306,NO,PFT_21,"Return on equity (numerator annualised, denominator as average)",0.14010172070020063
202306,PL,PFT_21,"Return on equity (numerator annualised, denominator as average)",0.16320926711665323
202306,PT,PFT_21,"Return on equity (numerator annualised, denominator as average)",0.15763049745524285
202306,RO,PFT_21,"Return on equity (numerator annualised, denominator as average)",0.23307222060321184
202306,SE,PFT_21,"Return on equity (numerator annualised, denominator as average)",0.1566568643948487
202306,SI,PFT_21,"Return on equity (numerator annualised, denominator as average)",0.1640614209269502
202306,SK,PFT_21,"Return on equity (numerator annualised, denominator as average)",0.12999838484752402
202306,AT,PFT_23,Cost to income ratio,0.47167792960384824
202306,BE,PFT_23,Cost to income ratio,0.4873543086535595
202306,BG,PFT_23,Cost to income ratio,0.3315599551013274
202306,CY,PFT_23,Cost to income ratio,0.33204276899202845
202306,CZ,PFT_23,Cost to income ratio,0.46625837284860067
202306,DE,PFT_23,Cost to income ratio,0.5919809813125795
202306,DK,PFT_23,Cost to income ratio,0.4555324749097923
202306,EE,PFT_23,Cost to income ratio,0.3697469571251571
202306,ES,PFT_23,Cost to income ratio,0.4445606213701791
202306,EU,PFT_23,Cost to income ratio,0.523273820017052
202306,FI,PFT_23,Cost to income ratio,0.3984942970853292
202306,FR,PFT_23,Cost to income ratio,0.6698803502594327
202306,GR,PFT_23,Cost to income ratio,0.34225789188960964
202306,HR,PFT_23,Cost to income ratio,0.3591118569740473
202306,HU,PFT_23,Cost to income ratio,0.5393266722756223
202306,IE,PFT_23,Cost to income ratio,0.4506546320443587
202306,IS,PFT_23,Cost to income ratio,0.3918768347761495
202306,IT,PFT_23,Cost to income ratio,0.4870182224232122
202306,LI,PFT_23,Cost to income ratio,0.7482132173110017
202306,LT,PFT_23,Cost to income ratio,0.34437121501056855
202306,LU,PFT_23,Cost to income ratio,0.5675241031086748
202306,LV,PFT_23,Cost to income ratio,0.3034601454637922
202306,MT,PFT_23,Cost to income ratio,0.49372786837782695
202306,NL,PFT_23,Cost to income ratio,0.4767076130080921
202306,NO,PFT_23,Cost to income ratio,0.35733714636005126
202306,PL,PFT_23,Cost to income ratio,0.4365984795788334
202306,PT,PFT_23,Cost to income ratio,0.3054599046244772
202306,RO,PFT_23,Cost to income ratio,0.43692319754377207
202306,SE,PFT_23,Cost to income ratio,0.36414401368770827
202306,SI,PFT_23,Cost to income ratio,0.43553143783650494
202306,SK,PFT_23,Cost to income ratio,0.4162431805442408
202306,AT,PFT_24,Return on assets,0.012181165404685562
202306,BE,PFT_24,Return on assets,0.010284014700599064
202306,BG,PFT_24,Return on assets,0.025321559398229675
202306,CY,PFT_24,Return on assets,0.01878760855523893
202306,CZ,PFT_24,Return on assets,0.010644922228278618
202306,DE,PFT_24,Return on assets,0.0039991331706792105
202306,DK,PFT_24,Return on assets,0.006393103321880495
202306,EE,PFT_24,Return on assets,0.023695277576457122
202306,ES,PFT_24,Return on assets,0.007564579311776704
202306,EU,PFT_24,Return on assets,0.007096949132389559
202306,FI,PFT_24,Return on assets,0.009094994465633081
202306,FR,PFT_24,Return on assets,0.004854122832636273
202306,GR,PFT_24,Return on assets,0.011713033262209243
202306,HR,PFT_24,Return on assets,0.02254377096777839
202306,HU,PFT_24,Return on assets,0.02851552022841453
202306,IE,PFT_24,Return on assets,0.012861237517492418
202306,IS,PFT_24,Return on assets,0.016508899296619303
202306,IT,PFT_24,Return on assets,0.010353141915895734
202306,LI,PFT_24,Return on assets,0.006900607638647883
202306,LT,PFT_24,Return on assets,0.016673749655905984
202306,LU,PFT_24,Return on assets,0.00764246495529005
202306,LV,PFT_24,Return on assets,0.02645451051348334
202306,MT,PFT_24,Return on assets,0.009009423363921049
202306,NL,PFT_24,Return on assets,0.0077922583055336225
202306,NO,PFT_24,Return on assets,0.011543630691263896
202306,PL,PFT_24,Return on assets,0.01561662123425166
202306,PT,PFT_24,Return on assets,0.012662405890903611
202306,RO,PFT_24,Return on assets,0.02126973686175976
202306,SE,PFT_24,Return on assets,0.008945808173511179
202306,SI,PFT_24,Return on assets,0.018244427150654496
202306,SK,PFT_24,Return on assets,0.01074153681989854
202306,AT,PFT_25,Net interest income to total net operating income,0.667051224669262
202306,BE,PFT_25,Net interest income to total net operating income,0.701704008038937
202306,BG,PFT_25,Net interest income to total net operating income,0.6864232057904968
202306,CY,PFT_25,Net interest income to total net operating income,0.7037773243675337
202306,CZ,PFT_25,Net interest income to total net operating income,0.7030513917131785
202306,DE,PFT_25,Net interest income to total net operating income,0.5608667055996387
202306,DK,PFT_25,Net interest income to total net operating income,0.5727241605391075
202306,EE,PFT_25,Net interest income to total net operating income,0.8138982634749505
202306,ES,PFT_25,Net interest income to total net operating income,0.7550416529658771
202306,EU,PFT_25,Net interest income to total net operating income,0.6111265645027507
202306,FI,PFT_25,Net interest income to total net operating income,0.6611293675819556
202306,FR,PFT_25,Net interest income to total net operating income,0.4270909967987528
202306,GR,PFT_25,Net interest income to total net operating income,0.7798231350310341
202306,HR,PFT_25,Net interest income to total net operating income,0.6536035863257504
202306,HU,PFT_25,Net interest income to total net operating income,0.6535073028219263
202306,IE,PFT_25,Net interest income to total net operating income,0.6847923011489011
202306,IS,PFT_25,Net interest income to total net operating income,0.7402624736655992
202306,IT,PFT_25,Net interest income to total net operating income,0.5825945833792007
202306,LI,PFT_25,Net interest income to total net operating income,0.25807386400196247
202306,LT,PFT_25,Net interest income to total net operating income,0.8862872439395614
202306,LU,PFT_25,Net interest income to total net operating income,0.5928676740748052
202306,LV,PFT_25,Net interest income to total net operating income,0.7955848930405525
202306,MT,PFT_25,Net interest income to total net operating income,0.8311606794394756
202306,NL,PFT_25,Net interest income to total net operating income,0.7126461642261468
202306,NO,PFT_25,Net interest income to total net operating income,0.7600954808508337
202306,PL,PFT_25,Net interest income to total net operating income,0.9347337256340789
202306,PT,PFT_25,Net interest income to total net operating income,0.7241386257700263
202306,RO,PFT_25,Net interest income to total net operating income,0.6798672673662493
202306,SE,PFT_25,Net interest income to total net operating income,0.744384918358121
202306,SI,PFT_25,Net interest income to total net operating income,0.7551013044035403
202306,SK,PFT_25,Net interest income to total net operating income,0.6917988548149783
202306,AT,PFT_26,Net fee and comission income to total net operating income,0.3017217176460759
202306,BE,PFT_26,Net fee and comission income to total net operating income,0.2416305945877988
202306,BG,PFT_26,Net fee and comission income to total net operating income,0.2411745256893273
202306,CY,PFT_26,Net fee and comission income to total net operating income,0.15740057580577102
202306,CZ,PFT_26,Net fee and comission income to total net operating income,0.21839707913946269
202306,DE,PFT_26,Net fee and comission income to total net operating income,0.29478386533782225
202306,DK,PFT_26,Net fee and comission income to total net operating income,0.15751649018940014
202306,EE,PFT_26,Net fee and comission income to total net operating income,0.13641461984838596
202306,ES,PFT_26,Net fee and comission income to total net operating income,0.23410568633300297
202306,EU,PFT_26,Net fee and comission income to total net operating income,0.2757283154783758
202306,FI,PFT_26,Net fee and comission income to total net operating income,0.22361605599522713
202306,FR,PFT_26,Net fee and comission income to total net operating income,0.3551628136096307
202306,GR,PFT_26,Net fee and comission income to total net operating income,0.16327495290035557
202306,HR,PFT_26,Net fee and comission income to total net operating income,0.2097238340878599
202306,HU,PFT_26,Net fee and comission income to total net operating income,0.27706128419353626
202306,IE,PFT_26,Net fee and comission income to total net operating income,0.17784592214325545
202306,IS,PFT_26,Net fee and comission income to total net operating income,0.21174099836692334
202306,IT,PFT_26,Net fee and comission income to total net operating income,0.319710778446135
202306,LI,PFT_26,Net fee and comission income to total net operating income,0.5372357686819096
202306,LT,PFT_26,Net fee and comission income to total net operating income,0.52305479613187
202306,LU,PFT_26,Net fee and comission income to total net operating income,0.2756152620393384
202306,LV,PFT_26,Net fee and comission income to total net operating income,0.16604557937556225
202306,MT,PFT_26,Net fee and comission income to total net operating income,0.13380794035267468
202306,NL,PFT_26,Net fee and comission income to total net operating income,0.15060662329207844
202306,NO,PFT_26,Net fee and comission income to total net operating income,0.14437873850053662
202306,PL,PFT_26,Net fee and comission income to total net operating income,0.23025477338563713
202306,PT,PFT_26,Net fee and comission income to total net operating income,0.2016731422712692
202306,RO,PFT_26,Net fee and comission income to total net operating income,0.172902372309184
202306,SE,PFT_26,Net fee and comission income to total net operating income,0.19289854696609426
202306,SI,PFT_26,Net fee and comission income to total net operating income,0.23924364148830699
202306,SK,PFT_26,Net fee and comission income to total net operating income,0.2693233279936395
202306,AT,PFT_29,Net trading income to total net operating income,-0.021572667890599848
202306,BE,PFT_29,Net trading income to total net operating income,0.024438789151263164
202306,BG,PFT_29,Net trading income to total net operating income,-0.025148100335476476
202306,CY,PFT_29,Net trading income to total net operating income,0.005505648096886884
202306,CZ,PFT_29,Net trading income to total net operating income,0.06716434436922822
202306,DE,PFT_29,Net trading income to total net operating income,0.11472646289929062
202306,DK,PFT_29,Net trading income to total net operating income,0.16570304760477284
202306,EE,PFT_29,Net trading income to total net operating income,0.025076526021381294
202306,ES,PFT_29,Net trading income to total net operating income,0.009914629419768303
202306,EU,PFT_29,Net trading income to total net operating income,0.06843678465481373
202306,FI,PFT_29,Net trading income to total net operating income,0.14233507448413038
202306,FR,PFT_29,Net trading income to total net operating income,0.1252471167703286
202306,GR,PFT_29,Net trading income to total net operating income,0.0008953378683959347
202306,HR,PFT_29,Net trading income to total net operating income,0.023969224195873492
202306,HU,PFT_29,Net trading income to total net operating income,-0.026652760280539495
202306,IE,PFT_29,Net trading income to total net operating income,0.06265468636846908
202306,IS,PFT_29,Net trading income to total net operating income,0.017927284910611786
202306,IT,PFT_29,Net trading income to total net operating income,0.03787348777803414
202306,LI,PFT_29,Net trading income to total net operating income,0.13159311656499148
202306,LT,PFT_29,Net trading income to total net operating income,0.06830357620237464
202306,LU,PFT_29,Net trading income to total net operating income,0.019652321925793116
202306,LV,PFT_29,Net trading income to total net operating income,0.030944286819534705
202306,MT,PFT_29,Net trading income to total net operating income,0.01600956718323767
202306,NL,PFT_29,Net trading income to total net operating income,0.06843787484027168
202306,NO,PFT_29,Net trading income to total net operating income,0.06238420572366864
202306,PL,PFT_29,Net trading income to total net operating income,-0.016245874199015516
202306,PT,PFT_29,Net trading income to total net operating income,0.0026258100389081394
202306,RO,PFT_29,Net trading income to total net operating income,0.04191013707539676
202306,SE,PFT_29,Net trading income to total net operating income,0.060934772980161554
202306,SI,PFT_29,Net trading income to total net operating income,0.02378273357237059
202306,SK,PFT_29,Net trading income to total net operating income,0.016955435358745947
202306,AT,PFT_41,Net interest margin,0.02245247693428009
202306,BE,PFT_41,Net interest margin,0.01668987292640767
202306,BG,PFT_41,Net interest margin,0.031765398615480146
202306,CY,PFT_41,Net interest margin,0.028468979982033352
202306,CZ,PFT_41,Net interest margin,0.01822880872811473
202306,DE,PFT_41,Net interest margin,0.012065351842903221
202306,DK,PFT_41,Net interest margin,0.010173769891374657
202306,EE,PFT_41,Net interest margin,0.03651678142399281
202306,ES,PFT_41,Net interest margin,0.02566743860709497
202306,EU,PFT_41,Net interest margin,0.015987958961305327
202306,FI,PFT_41,Net interest margin,0.015238479428619032
202306,FR,PFT_41,Net interest margin,0.009168966278921827
202306,GR,PFT_41,Net interest margin,0.030266099504421936
202306,HR,PFT_41,Net interest margin,0.027599562503528144
202306,HU,PFT_41,Net interest margin,0.043827774718937486
202306,IE,PFT_41,Net interest margin,0.025066096626497777
202306,IS,PFT_41,Net interest margin,0.03192383481495047
202306,IT,PFT_41,Net interest margin,0.01993269872274005
202306,LI,PFT_41,Net interest margin,0.010025676466038615
202306,LT,PFT_41,Net interest margin,0.032156027869842105
202306,LU,PFT_41,Net interest margin,0.015316807516599976
202306,LV,PFT_41,Net interest margin,0.03562782301852895
202306,MT,PFT_41,Net interest margin,0.02306330255481888
202306,NL,PFT_41,Net interest margin,0.01699572598107869
202306,NO,PFT_41,Net interest margin,0.020397515257170065
202306,PL,PFT_41,Net interest margin,0.04492645331800005
202306,PT,PFT_41,Net interest margin,0.028194644075548028
202306,RO,PFT_41,Net interest margin,0.035388920579183206
202306,SE,PFT_41,Net interest margin,0.014708323941331779
202306,SI,PFT_41,Net interest margin,0.031742008746753744
202306,SK,PFT_41,Net interest margin,0.02052281357016912
202306,AT,PFT_43,Cost of risk,0.003783527919147819
202306,BE,PFT_43,Cost of risk,0.0010775235333267247
202306,BG,PFT_43,Cost of risk,0.006198286456266016
202306,CY,PFT_43,Cost of risk,0.0018551438625557229
202306,CZ,PFT_43,Cost of risk,0.000555916934174649
202306,DE,PFT_43,Cost of risk,0.0035448187467770034
202306,DK,PFT_43,Cost of risk,0.005807470624978603
202306,EE,PFT_43,Cost of risk,0.00013590195291961207
202306,ES,PFT_43,Cost of risk,0.010718042235326035
202306,EU,PFT_43,Cost of risk,0.004481927997795138
202306,FI,PFT_43,Cost of risk,0.0018059709863694556
202306,FR,PFT_43,Cost of risk,0.004037615775749207
202306,GR,PFT_43,Cost of risk,0.007945266799146788
202306,HR,PFT_43,Cost of risk,-0.00010335983118524788
202306,HU,PFT_43,Cost of risk,0.014506588157334157
202306,IE,PFT_43,Cost of risk,0.003921368791713967
202306,IS,PFT_43,Cost of risk,0.002969832452818474
202306,IT,PFT_43,Cost of risk,0.0036003592534254157
202306,LI,PFT_43,Cost of risk,0.00022723676973590204
202306,LT,PFT_43,Cost of risk,0.005354256181860926
202306,LU,PFT_43,Cost of risk,0.002429542971044524
202306,LV,PFT_43,Cost of risk,0.00012256920279860782
202306,MT,PFT_43,Cost of risk,0.008736643632743303
202306,NL,PFT_43,Cost of risk,0.0011790764711836588
202306,NO,PFT_43,Cost of risk,0.0016093396555772238
202306,PL,PFT_43,Cost of risk,0.008175369982664387
202306,PT,PFT_43,Cost of risk,0.006932987078573955
202306,RO,PFT_43,Cost of risk,0.011525359649301741
202306,SE,PFT_43,Cost of risk,0.0008783460078341607
202306,SI,PFT_43,Cost of risk,0.003917146367206524
202306,SK,PFT_43,Cost of risk,0.004610551307649572
202306,AT,SVC_1,Tier 1 capital ratio,0.16999450729062252
202306,BE,SVC_1,Tier 1 capital ratio,0.19813262106829618
202306,BG,SVC_1,Tier 1 capital ratio,0.2059480605342418
202306,CY,SVC_1,Tier 1 capital ratio,0.20923591051763502
202306,CZ,SVC_1,Tier 1 capital ratio,0.19147964052102215
202306,DE,SVC_1,Tier 1 capital ratio,0.17770623093410187
202306,DK,SVC_1,Tier 1 capital ratio,0.19776274620100903
202306,EE,SVC_1,Tier 1 capital ratio,0.2340861348175512
202306,ES,SVC_1,Tier 1 capital ratio,0.14320580165624125
202306,EU,SVC_1,Tier 1 capital ratio,0.17359850702865165
202306,FI,SVC_1,Tier 1 capital ratio,0.1904087226865319
202306,FR,SVC_1,Tier 1 capital ratio,0.17298385821800374
202306,GR,SVC_1,Tier 1 capital ratio,0.1494827987104901
202306,HR,SVC_1,Tier 1 capital ratio,0.2196759581868383
202306,HU,SVC_1,Tier 1 capital ratio,0.15835449117145173
202306,IE,SVC_1,Tier 1 capital ratio,0.2017561581504318
202306,IS,SVC_1,Tier 1 capital ratio,0.21381694280118596
202306,IT,SVC_1,Tier 1 capital ratio,0.1742797271796799
202306,LI,SVC_1,Tier 1 capital ratio,0.19865915045941118
202306,LT,SVC_1,Tier 1 capital ratio,0.183437732108837
202306,LU,SVC_1,Tier 1 capital ratio,0.22912184851085568
202306,LV,SVC_1,Tier 1 capital ratio,0.2236881604945843
202306,MT,SVC_1,Tier 1 capital ratio,0.20359835103236734
202306,NL,SVC_1,Tier 1 capital ratio,0.18080590550128747
202306,NO,SVC_1,Tier 1 capital ratio,0.19684122732689524
202306,PL,SVC_1,Tier 1 capital ratio,0.18437304585496084
202306,PT,SVC_1,Tier 1 capital ratio,0.16967085163464407
202306,RO,SVC_1,Tier 1 capital ratio,0.18830478275983126
202306,SE,SVC_1,Tier 1 capital ratio,0.20864253934729443
202306,SI,SVC_1,Tier 1 capital ratio,0.16843676882989983
202306,SK,SVC_1,Tier 1 capital ratio,0.17376597267764177
202306,AT,SVC_13,Leverage ratio,0.06836663981054647
202306,BE,SVC_13,Leverage ratio,0.06181722453023339
202306,BG,SVC_13,Leverage ratio,0.09461410099878054
202306,CY,SVC_13,Leverage ratio,0.06978483182607878
202306,CZ,SVC_13,Leverage ratio,0.053654691835555685
202306,DE,SVC_13,Leverage ratio,0.05441482152788468
202306,DK,SVC_13,Leverage ratio,0.05009174841900711
202306,EE,SVC_13,Leverage ratio,0.09556562241811113
202306,ES,SVC_13,Leverage ratio,0.05380562597102313
202306,EU,SVC_13,Leverage ratio,0.0569799078709872
202306,FI,SVC_13,Leverage ratio,0.057370366688447874
202306,FR,SVC_13,Leverage ratio,0.05395776103758331
202306,GR,SVC_13,Leverage ratio,0.07085528808703419
202306,HR,SVC_13,Leverage ratio,0.09571966204905216
202306,HU,SVC_13,Leverage ratio,0.08510712706076898
202306,IE,SVC_13,Leverage ratio,0.08075581324267937
202306,IS,SVC_13,Leverage ratio,0.1287091789494854
202306,IT,SVC_13,Leverage ratio,0.059471332289891765
202306,LI,SVC_13,Leverage ratio,0.07450764101261083
202306,LT,SVC_13,Leverage ratio,0.05960939485935164
202306,LU,SVC_13,Leverage ratio,0.07008757418003135
202306,LV,SVC_13,Leverage ratio,0.08603372636301859
202306,MT,SVC_13,Leverage ratio,0.06377931003527886
202306,NL,SVC_13,Leverage ratio,0.056444584006181506
202306,NO,SVC_13,Leverage ratio,0.06466166380192312
202306,PL,SVC_13,Leverage ratio,0.08609323500940017
202306,PT,SVC_13,Leverage ratio,0.06932616438298789
202306,RO,SVC_13,Leverage ratio,0.07751551673402127
202306,SE,SVC_13,Leverage ratio,0.05079750440027884
202306,SI,SVC_13,Leverage ratio,0.09323275105272393
202306,SK,SVC_13,Leverage ratio,0.07049538891611316
202306,AT,SVC_2,Total capital ratio,0.19418301923469244
202306,BE,SVC_2,Total capital ratio,0.21383515208990664
202306,BG,SVC_2,Total capital ratio,0.22066468192914823
202306,CY,SVC_2,Total capital ratio,0.2365667199013987
202306,CZ,SVC_2,Total capital ratio,0.19820991842212735
202306,DE,SVC_2,Total capital ratio,0.21395750798786722
202306,DK,SVC_2,Total capital ratio,0.22439790461695674
202306,EE,SVC_2,Total capital ratio,0.23807592810643466
202306,ES,SVC_2,Total capital ratio,0.16642577800544567
202306,EU,SVC_2,Total capital ratio,0.1999014804414464
202306,FI,SVC_2,Total capital ratio,0.21145684045503846
202306,FR,SVC_2,Total capital ratio,0.1980288571647175
202306,GR,SVC_2,Total capital ratio,0.17330513530309286
202306,HR,SVC_2,Total capital ratio,0.22114194871901097
202306,HU,SVC_2,Total capital ratio,0.18050007033426035
202306,IE,SVC_2,Total capital ratio,0.22510116229099889
202306,IS,SVC_2,Total capital ratio,0.24211355840508833
202306,IT,SVC_2,Total capital ratio,0.20164570889559072
202306,LI,SVC_2,Total capital ratio,0.19865915045928992
202306,LT,SVC_2,Total capital ratio,0.19793131478722098
202306,LU,SVC_2,Total capital ratio,0.23975296761189552
202306,LV,SVC_2,Total capital ratio,0.23428299398103433
202306,MT,SVC_2,Total capital ratio,0.23689303702232303
202306,NL,SVC_2,Total capital ratio,0.20947206893183856
202306,NO,SVC_2,Total capital ratio,0.22167781055280755
202306,PL,SVC_2,Total capital ratio,0.19853340810899253
202306,PT,SVC_2,Total capital ratio,0.1885048222848925
202306,RO,SVC_2,Total capital ratio,0.22127453207118858
202306,SE,SVC_2,Total capital ratio,0.2317419894097026
202306,SI,SVC_2,Total capital ratio,0.1931783212597837
202306,SK,SVC_2,Total capital ratio,0.19146326591902957
202306,AT,SVC_3,CET 1 capital ratio,0.15502011515364664
202306,BE,SVC_3,CET 1 capital ratio,0.1895968683422048
202306,BG,SVC_3,CET 1 capital ratio,0.20349249064874408
202306,CY,SVC_3,CET 1 capital ratio,0.1895753022413873
202306,CZ,SVC_3,CET 1 capital ratio,0.18588853466317962
202306,DE,SVC_3,CET 1 capital ratio,0.16381783887704846
202306,DK,SVC_3,CET 1 capital ratio,0.1829230232071579
202306,EE,SVC_3,CET 1 capital ratio,0.23116028640570332
202306,ES,SVC_3,CET 1 capital ratio,0.12703877303285155
202306,EU,SVC_3,CET 1 capital ratio,0.15976635027993383
202306,FI,SVC_3,CET 1 capital ratio,0.17531287651946345
202306,FR,SVC_3,CET 1 capital ratio,0.16069413531055
202306,GR,SVC_3,CET 1 capital ratio,0.1425630526424826
202306,HR,SVC_3,CET 1 capital ratio,0.2196759581868383
202306,HU,SVC_3,CET 1 capital ratio,0.15835449117145173
202306,IE,SVC_3,CET 1 capital ratio,0.19077852256192002
202306,IS,SVC_3,CET 1 capital ratio,0.20674944731905717
202306,IT,SVC_3,CET 1 capital ratio,0.15946058423216403
202306,LI,SVC_3,CET 1 capital ratio,0.19865915045928992
202306,LT,SVC_3,CET 1 capital ratio,0.183437732108837
202306,LU,SVC_3,CET 1 capital ratio,0.2253067382574283
202306,LV,SVC_3,CET 1 capital ratio,0.2236881604945843
202306,MT,SVC_3,CET 1 capital ratio,0.20359835103236734
202306,NL,SVC_3,CET 1 capital ratio,0.1598434074868603
202306,NO,SVC_3,CET 1 capital ratio,0.18069306399519597
202306,PL,SVC_3,CET 1 capital ratio,0.18437304585496084
202306,PT,SVC_3,CET 1 capital ratio,0.16152915471294316
202306,RO,SVC_3,CET 1 capital ratio,0.18329204721634268
202306,SE,SVC_3,CET 1 capital ratio,0.1902538591132897
202306,SI,SVC_3,CET 1 capital ratio,0.16514563941821644
202306,SK,SVC_3,CET 1 capital ratio,0.15429157805226193
202309,AT,AQT_3.1,Non-performing debt instruments (loans and advances & debt securities) other than held for trading to total gross debt instruments (NPE ratio),0.015404958031478977
202309,BE,AQT_3.1,Non-performing debt instruments (loans and advances & debt securities) other than held for trading to total gross debt instruments (NPE ratio),0.010292948511880966
202309,BG,AQT_3.1,Non-performing debt instruments (loans and advances & debt securities) other than held for trading to total gross debt instruments (NPE ratio),0.018389839927830446
202309,CY,AQT_3.1,Non-performing debt instruments (loans and advances & debt securities) other than held for trading to total gross debt instruments (NPE ratio),0.020723320893001267
202309,CZ,AQT_3.1,Non-performing debt instruments (loans and advances & debt securities) other than held for trading to total gross debt instruments (NPE ratio),0.009082013721228414
202309,DE,AQT_3.1,Non-performing debt instruments (loans and advances & debt securities) other than held for trading to total gross debt instruments (NPE ratio),0.010351868988191156
202309,DK,AQT_3.1,Non-performing debt instruments (loans and advances & debt securities) other than held for trading to total gross debt instruments (NPE ratio),0.011573259857478731
202309,EE,AQT_3.1,Non-performing debt instruments (loans and advances & debt securities) other than held for trading to total gross debt instruments (NPE ratio),0.006216490546995627
202309,ES,AQT_3.1,Non-performing debt instruments (loans and advances & debt securities) other than held for trading to total gross debt instruments (NPE ratio),0.024313333876168818
202309,EU,AQT_3.1,Non-performing debt instruments (loans and advances & debt securities) other than held for trading to total gross debt instruments (NPE ratio),0.015939211270388096
202309,FI,AQT_3.1,Non-performing debt instruments (loans and advances & debt securities) other than held for trading to total gross debt instruments (NPE ratio),0.00957846378815795
202309,FR,AQT_3.1,Non-performing debt instruments (loans and advances & debt securities) other than held for trading to total gross debt instruments (NPE ratio),0.01784729311361215
202309,GR,AQT_3.1,Non-performing debt instruments (loans and advances & debt securities) other than held for trading to total gross debt instruments (NPE ratio),0.03259190668149481
202309,HR,AQT_3.1,Non-performing debt instruments (loans and advances & debt securities) other than held for trading to total gross debt instruments (NPE ratio),0.015496518934460574
202309,HU,AQT_3.1,Non-performing debt instruments (loans and advances & debt securities) other than held for trading to total gross debt instruments (NPE ratio),0.025621613031712495
202309,IE,AQT_3.1,Non-performing debt instruments (loans and advances & debt securities) other than held for trading to total gross debt instruments (NPE ratio),0.01646937975055075
202309,IS,AQT_3.1,Non-performing debt instruments (loans and advances & debt securities) other than held for trading to total gross debt instruments (NPE ratio),0.01281103997066739
202309,IT,AQT_3.1,Non-performing debt instruments (loans and advances & debt securities) other than held for trading to total gross debt instruments (NPE ratio),0.018657201320507764
202309,LI,AQT_3.1,Non-performing debt instruments (loans and advances & debt securities) other than held for trading to total gross debt instruments (NPE ratio),0.0035041131960145077
202309,LT,AQT_3.1,Non-performing debt instruments (loans and advances & debt securities) other than held for trading to total gross debt instruments (NPE ratio),0.005054869790581995
202309,LU,AQT_3.1,Non-performing debt instruments (loans and advances & debt securities) other than held for trading to total gross debt instruments (NPE ratio),0.010531095055905397
202309,LV,AQT_3.1,Non-performing debt instruments (loans and advances & debt securities) other than held for trading to total gross debt instruments (NPE ratio),0.004803583056426361
202309,MT,AQT_3.1,Non-performing debt instruments (loans and advances & debt securities) other than held for trading to total gross debt instruments (NPE ratio),0.01647966905951518
202309,NL,AQT_3.1,Non-performing debt instruments (loans and advances & debt securities) other than held for trading to total gross debt instruments (NPE ratio),0.012643054600765018
202309,NO,AQT_3.1,Non-performing debt instruments (loans and advances & debt securities) other than held for trading to total gross debt instruments (NPE ratio),0.00817139780314795
202309,PL,AQT_3.1,Non-performing debt instruments (loans and advances & debt securities) other than held for trading to total gross debt instruments (NPE ratio),0.02892928957673826
202309,PT,AQT_3.1,Non-performing debt instruments (loans and advances & debt securities) other than held for trading to total gross debt instruments (NPE ratio),0.022397133980230573
202309,RO,AQT_3.1,Non-performing debt instruments (loans and advances & debt securities) other than held for trading to total gross debt instruments (NPE ratio),0.017402889258833605
202309,SE,AQT_3.1,Non-performing debt instruments (loans and advances & debt securities) other than held for trading to total gross debt instruments (NPE ratio),0.002318666550319681
202309,SI,AQT_3.1,Non-performing debt instruments (loans and advances & debt securities) other than held for trading to total gross debt instruments (NPE ratio),0.012445358202969655
202309,SK,AQT_3.1,Non-performing debt instruments (loans and advances & debt securities) other than held for trading to total gross debt instruments (NPE ratio),0.014479087967424671
202309,AT,AQT_3.2,"Share of non‐performing loans and advances
(NPL ratio)",0.018192662834450316
202309,BE,AQT_3.2,"Share of non‐performing loans and advances
(NPL ratio)",0.01172186088698766
202309,BG,AQT_3.2,"Share of non‐performing loans and advances
(NPL ratio)",0.020888885026135194
202309,CY,AQT_3.2,"Share of non‐performing loans and advances
(NPL ratio)",0.0257714919008993
202309,CZ,AQT_3.2,"Share of non‐performing loans and advances
(NPL ratio)",0.010973559448832184
202309,DE,AQT_3.2,"Share of non‐performing loans and advances
(NPL ratio)",0.011384342636501883
202309,DK,AQT_3.2,"Share of non‐performing loans and advances
(NPL ratio)",0.012750522110118486
202309,EE,AQT_3.2,"Share of non‐performing loans and advances
(NPL ratio)",0.006514777795406378
202309,ES,AQT_3.2,"Share of non‐performing loans and advances
(NPL ratio)",0.028121307865178448
202309,EU,AQT_3.2,"Share of non‐performing loans and advances
(NPL ratio)",0.018004354091208614
202309,FI,AQT_3.2,"Share of non‐performing loans and advances
(NPL ratio)",0.010684818895842585
202309,FR,AQT_3.2,"Share of non‐performing loans and advances
(NPL ratio)",0.01933018314006083
202309,GR,AQT_3.2,"Share of non‐performing loans and advances
(NPL ratio)",0.04145441434073693
202309,HR,AQT_3.2,"Share of non‐performing loans and advances
(NPL ratio)",0.017731514412264573
202309,HU,AQT_3.2,"Share of non‐performing loans and advances
(NPL ratio)",0.030865851509815436
202309,IE,AQT_3.2,"Share of non‐performing loans and advances
(NPL ratio)",0.018392048613099798
202309,IS,AQT_3.2,"Share of non‐performing loans and advances
(NPL ratio)",0.013607759549561777
202309,IT,AQT_3.2,"Share of non‐performing loans and advances
(NPL ratio)",0.02397950517992653
202309,LI,AQT_3.2,"Share of non‐performing loans and advances
(NPL ratio)",0.004304940017167795
202309,LT,AQT_3.2,"Share of non‐performing loans and advances
(NPL ratio)",0.005774859763696582
202309,LU,AQT_3.2,"Share of non‐performing loans and advances
(NPL ratio)",0.012239118278848545
202309,LV,AQT_3.2,"Share of non‐performing loans and advances
(NPL ratio)",0.005096067699041852
202309,MT,AQT_3.2,"Share of non‐performing loans and advances
(NPL ratio)",0.023607964771840427
202309,NL,AQT_3.2,"Share of non‐performing loans and advances
(NPL ratio)",0.0136661658147225
202309,NO,AQT_3.2,"Share of non‐performing loans and advances
(NPL ratio)",0.008975207542307346
202309,PL,AQT_3.2,"Share of non‐performing loans and advances
(NPL ratio)",0.04410453935201794
202309,PT,AQT_3.2,"Share of non‐performing loans and advances
(NPL ratio)",0.02757808870816075
202309,RO,AQT_3.2,"Share of non‐performing loans and advances
(NPL ratio)",0.02418737393305779
202309,SE,AQT_3.2,"Share of non‐performing loans and advances
(NPL ratio)",0.002604514794515501
202309,SI,AQT_3.2,"Share of non‐performing loans and advances
(NPL ratio)",0.015346993945282555
202309,SK,AQT_3.2,"Share of non‐performing loans and advances
(NPL ratio)",0.01681095559987616
202309,AT,AQT_41.2,Coverage ratio of non-performing loans and advances,0.47299297722577094
202309,BE,AQT_41.2,Coverage ratio of non-performing loans and advances,0.47096514521478333
202309,BG,AQT_41.2,Coverage ratio of non-performing loans and advances,0.6390625316217603
202309,CY,AQT_41.2,Coverage ratio of non-performing loans and advances,0.31215016705525817
202309,CZ,AQT_41.2,Coverage ratio of non-performing loans and advances,0.5325369331987587
202309,DE,AQT_41.2,Coverage ratio of non-performing loans and advances,0.32974567631506124
202309,DK,AQT_41.2,Coverage ratio of non-performing loans and advances,0.28848411726698014
202309,EE,AQT_41.2,Coverage ratio of non-performing loans and advances,0.32569318134645797
202309,ES,AQT_41.2,Coverage ratio of non-performing loans and advances,0.4224048546118622
202309,EU,AQT_41.2,Coverage ratio of non-performing loans and advances,0.42554229670296845
202309,FI,AQT_41.2,Coverage ratio of non-performing loans and advances,0.2748344464175229
202309,FR,AQT_41.2,Coverage ratio of non-performing loans and advances,0.45626643789315646
202309,GR,AQT_41.2,Coverage ratio of non-performing loans and advances,0.42833748124078314
202309,HR,AQT_41.2,Coverage ratio of non-performing loans and advances,0.7034193827313135
202309,HU,AQT_41.2,Coverage ratio of non-performing loans and advances,0.5673221020891743
202309,IE,AQT_41.2,Coverage ratio of non-performing loans and advances,0.294115341411123
202309,IS,AQT_41.2,Coverage ratio of non-performing loans and advances,0.20640236029665973
202309,IT,AQT_41.2,Coverage ratio of non-performing loans and advances,0.5432714109365133
202309,LI,AQT_41.2,Coverage ratio of non-performing loans and advances,0.35594768380556074
202309,LT,AQT_41.2,Coverage ratio of non-performing loans and advances,0.4164682879760295
202309,LU,AQT_41.2,Coverage ratio of non-performing loans and advances,0.4124251831860983
202309,LV,AQT_41.2,Coverage ratio of non-performing loans and advances,0.37357329674248874
202309,MT,AQT_41.2,Coverage ratio of non-performing loans and advances,0.3482910323180375
202309,NL,AQT_41.2,Coverage ratio of non-performing loans and advances,0.24773301503871792
202309,NO,AQT_41.2,Coverage ratio of non-performing loans and advances,0.263786693660497
202309,PL,AQT_41.2,Coverage ratio of non-performing loans and advances,0.6403347178630572
202309,PT,AQT_41.2,Coverage ratio of non-performing loans and advances,0.5862715592105278
202309,RO,AQT_41.2,Coverage ratio of non-performing loans and advances,0.6793272537345048
202309,SE,AQT_41.2,Coverage ratio of non-performing loans and advances,0.31065921984153066
202309,SI,AQT_41.2,Coverage ratio of non-performing loans and advances,0.5854079080730842
202309,SK,AQT_41.2,Coverage ratio of non-performing loans and advances,0.5614922088894648
202309,AT,AQT_42.2,Forbearance ratio - Loans and advances (gross amount) (FBL),0.01543542788747739
202309,BE,AQT_42.2,Forbearance ratio - Loans and advances (gross amount) (FBL),0.008334656677753502
202309,BG,AQT_42.2,Forbearance ratio - Loans and advances (gross amount) (FBL),0.01693894168862872
202309,CY,AQT_42.2,Forbearance ratio - Loans and advances (gross amount) (FBL),0.0329288674213192
202309,CZ,AQT_42.2,Forbearance ratio - Loans and advances (gross amount) (FBL),0.004420537394562381
202309,DE,AQT_42.2,Forbearance ratio - Loans and advances (gross amount) (FBL),0.011745151330997822
202309,DK,AQT_42.2,Forbearance ratio - Loans and advances (gross amount) (FBL),0.005392651368136269
202309,EE,AQT_42.2,Forbearance ratio - Loans and advances (gross amount) (FBL),0.013292677996865631
202309,ES,AQT_42.2,Forbearance ratio - Loans and advances (gross amount) (FBL),0.025039394158048067
202309,EU,AQT_42.2,Forbearance ratio - Loans and advances (gross amount) (FBL),0.014112249432589125
202309,FI,AQT_42.2,Forbearance ratio - Loans and advances (gross amount) (FBL),0.013977836848125919
202309,FR,AQT_42.2,Forbearance ratio - Loans and advances (gross amount) (FBL),0.009582347843129403
202309,GR,AQT_42.2,Forbearance ratio - Loans and advances (gross amount) (FBL),0.049254223242679286
202309,HR,AQT_42.2,Forbearance ratio - Loans and advances (gross amount) (FBL),0.012265390208917079
202309,HU,AQT_42.2,Forbearance ratio - Loans and advances (gross amount) (FBL),0.02858719042217891
202309,IE,AQT_42.2,Forbearance ratio - Loans and advances (gross amount) (FBL),0.02171444826216136
202309,IS,AQT_42.2,Forbearance ratio - Loans and advances (gross amount) (FBL),0.024419640104153036
202309,IT,AQT_42.2,Forbearance ratio - Loans and advances (gross amount) (FBL),0.019714612042876747
202309,LI,AQT_42.2,Forbearance ratio - Loans and advances (gross amount) (FBL),0.002915787554247364
202309,LT,AQT_42.2,Forbearance ratio - Loans and advances (gross amount) (FBL),0.0076262007587415016
202309,LU,AQT_42.2,Forbearance ratio - Loans and advances (gross amount) (FBL),0.009000658474020352
202309,LV,AQT_42.2,Forbearance ratio - Loans and advances (gross amount) (FBL),0.009830429599276495
202309,MT,AQT_42.2,Forbearance ratio - Loans and advances (gross amount) (FBL),0.024212731956928503
202309,NL,AQT_42.2,Forbearance ratio - Loans and advances (gross amount) (FBL),0.014165694706010227
202309,NO,AQT_42.2,Forbearance ratio - Loans and advances (gross amount) (FBL),0.008860684826026236
202309,PL,AQT_42.2,Forbearance ratio - Loans and advances (gross amount) (FBL),0.018114041837832537
202309,PT,AQT_42.2,Forbearance ratio - Loans and advances (gross amount) (FBL),0.028278859433799534
202309,RO,AQT_42.2,Forbearance ratio - Loans and advances (gross amount) (FBL),0.014327029689251886
202309,SE,AQT_42.2,Forbearance ratio - Loans and advances (gross amount) (FBL),0.0027264321394648264
202309,SI,AQT_42.2,Forbearance ratio - Loans and advances (gross amount) (FBL),0.013335240753004716
202309,SK,AQT_42.2,Forbearance ratio - Loans and advances (gross amount) (FBL),0.014771249890365663
202309,AT,FND_32,Loans and advances-to-deposits ratio for households and non-financial corporations,1.0013803333217812
202309,BE,FND_32,Loans and advances-to-deposits ratio for households and non-financial corporations,1.0494899263374335
202309,BG,FND_32,Loans and advances-to-deposits ratio for households and non-financial corporations,0.7401292703786074
202309,CY,FND_32,Loans and advances-to-deposits ratio for households and non-financial corporations,0.4918357661115576
202309,CZ,FND_32,Loans and advances-to-deposits ratio for households and non-financial corporations,0.8293763382525215
202309,DE,FND_32,Loans and advances-to-deposits ratio for households and non-financial corporations,1.1812848396147864
202309,DK,FND_32,Loans and advances-to-deposits ratio for households and non-financial corporations,2.93931188754496
202309,EE,FND_32,Loans and advances-to-deposits ratio for households and non-financial corporations,1.0345405708093598
202309,ES,FND_32,Loans and advances-to-deposits ratio for households and non-financial corporations,1.0073807062341662
202309,EU,FND_32,Loans and advances-to-deposits ratio for households and non-financial corporations,1.0865954510063593
202309,FI,FND_32,Loans and advances-to-deposits ratio for households and non-financial corporations,1.7235576751066761
202309,FR,FND_32,Loans and advances-to-deposits ratio for households and non-financial corporations,1.0772257528043108
202309,GR,FND_32,Loans and advances-to-deposits ratio for households and non-financial corporations,0.5924385535747935
202309,HR,FND_32,Loans and advances-to-deposits ratio for households and non-financial corporations,0.6191395743724415
202309,HU,FND_32,Loans and advances-to-deposits ratio for households and non-financial corporations,0.8011393032010143
202309,IE,FND_32,Loans and advances-to-deposits ratio for households and non-financial corporations,0.722949395206479
202309,IS,FND_32,Loans and advances-to-deposits ratio for households and non-financial corporations,1.6751369644195635
202309,IT,FND_32,Loans and advances-to-deposits ratio for households and non-financial corporations,0.9075212666486993
202309,LI,FND_32,Loans and advances-to-deposits ratio for households and non-financial corporations,0.6472836559731291
202309,LT,FND_32,Loans and advances-to-deposits ratio for households and non-financial corporations,0.4636385378899216
202309,LU,FND_32,Loans and advances-to-deposits ratio for households and non-financial corporations,1.4566966136690565
202309,LV,FND_32,Loans and advances-to-deposits ratio for households and non-financial corporations,0.7472479153433003
202309,MT,FND_32,Loans and advances-to-deposits ratio for households and non-financial corporations,0.5899622704999968
202309,NL,FND_32,Loans and advances-to-deposits ratio for households and non-financial corporations,1.122456519012416
202309,NO,FND_32,Loans and advances-to-deposits ratio for households and non-financial corporations,1.6306151818582275
202309,PL,FND_32,Loans and advances-to-deposits ratio for households and non-financial corporations,0.7052507691575984
202309,PT,FND_32,Loans and advances-to-deposits ratio for households and non-financial corporations,0.7238327602568521
202309,RO,FND_32,Loans and advances-to-deposits ratio for households and non-financial corporations,0.62693330920393
202309,SE,FND_32,Loans and advances-to-deposits ratio for households and non-financial corporations,1.7625150997340167
202309,SI,FND_32,Loans and advances-to-deposits ratio for households and non-financial corporations,0.6619757106403458
202309,SK,FND_32,Loans and advances-to-deposits ratio for households and non-financial corporations,1.1379902813015719
202309,AT,FND_33,Asset encumbrance ratio,0.1761729978462278
202309,BE,FND_33,Asset encumbrance ratio,0.14056406900272592
202309,BG,FND_33,Asset encumbrance ratio,0.026248047709033398
202309,CY,FND_33,Asset encumbrance ratio,0.11828511104653464
202309,CZ,FND_33,Asset encumbrance ratio,0.11750262664284065
202309,DE,FND_33,Asset encumbrance ratio,0.3359125656063246
202309,DK,FND_33,Asset encumbrance ratio,0.49933275928951454
202309,EE,FND_33,Asset encumbrance ratio,0.03616177805992878
202309,ES,FND_33,Asset encumbrance ratio,0.20580781628836975
202309,EU,FND_33,Asset encumbrance ratio,0.2556164936660325
202309,FI,FND_33,Asset encumbrance ratio,0.29119305878635837
202309,FR,FND_33,Asset encumbrance ratio,0.2765746607001495
202309,GR,FND_33,Asset encumbrance ratio,0.13864693809257908
202309,HR,FND_33,Asset encumbrance ratio,0.018235345228436606
202309,HU,FND_33,Asset encumbrance ratio,0.12097271715162207
202309,IE,FND_33,Asset encumbrance ratio,0.21103229592864634
202309,IS,FND_33,Asset encumbrance ratio,0.22286652501439283
202309,IT,FND_33,Asset encumbrance ratio,0.254932906249505
202309,LI,FND_33,Asset encumbrance ratio,0.044650360307415954
202309,LT,FND_33,Asset encumbrance ratio,0.013136032816155002
202309,LU,FND_33,Asset encumbrance ratio,0.07522478482783795
202309,LV,FND_33,Asset encumbrance ratio,0.011506248250285723
202309,MT,FND_33,Asset encumbrance ratio,0.08664912958486055
202309,NL,FND_33,Asset encumbrance ratio,0.16942664925129314
202309,NO,FND_33,Asset encumbrance ratio,0.16546191467654536
202309,PL,FND_33,Asset encumbrance ratio,0.030813599623007278
202309,PT,FND_33,Asset encumbrance ratio,0.09584238878639657
202309,RO,FND_33,Asset encumbrance ratio,0.00887686237789561
202309,SE,FND_33,Asset encumbrance ratio,0.21290420709094884
202309,SI,FND_33,Asset encumbrance ratio,0.032376854433461826
202309,SK,FND_33,Asset encumbrance ratio,0.23043025560211766
202309,AT,LIQ_17,Liquidity coverage ratio,1.6087497934849142
202309,BE,LIQ_17,Liquidity coverage ratio,1.848200758861878
202309,BG,LIQ_17,Liquidity coverage ratio,2.235546401707351
202309,CY,LIQ_17,Liquidity coverage ratio,3.4679298298439956
202309,CZ,LIQ_17,Liquidity coverage ratio,1.6110787323128297
202309,DE,LIQ_17,Liquidity coverage ratio,1.4644878012986304
202309,DK,LIQ_17,Liquidity coverage ratio,1.88889843796878
202309,EE,LIQ_17,Liquidity coverage ratio,1.6801992633831258
202309,ES,LIQ_17,Liquidity coverage ratio,1.7248575700435957
202309,EU,LIQ_17,Liquidity coverage ratio,1.6168637501409902
202309,FI,LIQ_17,Liquidity coverage ratio,1.7487523864797907
202309,FR,LIQ_17,Liquidity coverage ratio,1.4949764186539136
202309,GR,LIQ_17,Liquidity coverage ratio,2.117452881831151
202309,HR,LIQ_17,Liquidity coverage ratio,2.271067074938886
202309,HU,LIQ_17,Liquidity coverage ratio,1.9822734086547205
202309,IE,LIQ_17,Liquidity coverage ratio,1.693230553693758
202309,IS,LIQ_17,Liquidity coverage ratio,2.170730426415443
202309,IT,LIQ_17,Liquidity coverage ratio,1.7046014423802782
202309,LI,LIQ_17,Liquidity coverage ratio,2.122490423892369
202309,LT,LIQ_17,Liquidity coverage ratio,4.416186174433591
202309,LU,LIQ_17,Liquidity coverage ratio,1.4151632135812704
202309,LV,LIQ_17,Liquidity coverage ratio,1.962780643570466
202309,MT,LIQ_17,Liquidity coverage ratio,4.213516304941968
202309,NL,LIQ_17,Liquidity coverage ratio,1.5398528327322123
202309,NO,LIQ_17,Liquidity coverage ratio,1.4352780650068324
202309,PL,LIQ_17,Liquidity coverage ratio,2.3209033085856245
202309,PT,LIQ_17,Liquidity coverage ratio,2.1742600246199926
202309,RO,LIQ_17,Liquidity coverage ratio,2.9727228100007332
202309,SE,LIQ_17,Liquidity coverage ratio,1.5432251127763466
202309,SI,LIQ_17,Liquidity coverage ratio,3.079912273636047
202309,SK,LIQ_17,Liquidity coverage ratio,1.8476118567065354
202309,AT,LIQ_20,Net Stable Funding Ratio,1.3675057498790455
202309,BE,LIQ_20,Net Stable Funding Ratio,1.294099952777582
202309,BG,LIQ_20,Net Stable Funding Ratio,1.56268576542668
202309,CY,LIQ_20,Net Stable Funding Ratio,1.8425059591754505
202309,CZ,LIQ_20,Net Stable Funding Ratio,1.6676801866055286
202309,DE,LIQ_20,Net Stable Funding Ratio,1.2328345878561873
202309,DK,LIQ_20,Net Stable Funding Ratio,1.3058297529759553
202309,EE,LIQ_20,Net Stable Funding Ratio,1.4132388008490826
202309,ES,LIQ_20,Net Stable Funding Ratio,1.2945234293986025
202309,EU,LIQ_20,Net Stable Funding Ratio,1.2613521708216842
202309,FI,LIQ_20,Net Stable Funding Ratio,1.2011445526083735
202309,FR,LIQ_20,Net Stable Funding Ratio,1.1535907701561994
202309,GR,LIQ_20,Net Stable Funding Ratio,1.3500775362626458
202309,HR,LIQ_20,Net Stable Funding Ratio,1.7712505665335636
202309,HU,LIQ_20,Net Stable Funding Ratio,1.452433904208588
202309,IE,LIQ_20,Net Stable Funding Ratio,1.5284887928040827
202309,IS,LIQ_20,Net Stable Funding Ratio,1.2159869950655935
202309,IT,LIQ_20,Net Stable Funding Ratio,1.3169317845837762
202309,LI,LIQ_20,Net Stable Funding Ratio,1.7283884021885305
202309,LT,LIQ_20,Net Stable Funding Ratio,1.9358024384490982
202309,LU,LIQ_20,Net Stable Funding Ratio,1.1962123189032112
202309,LV,LIQ_20,Net Stable Funding Ratio,1.2970631296902901
202309,MT,LIQ_20,Net Stable Funding Ratio,1.7463945209926917
202309,NL,LIQ_20,Net Stable Funding Ratio,1.3602553816465273
202309,NO,LIQ_20,Net Stable Funding Ratio,1.1894833218868328
202309,PL,LIQ_20,Net Stable Funding Ratio,1.5497774640914301
202309,PT,LIQ_20,Net Stable Funding Ratio,1.4849547059722348
202309,RO,LIQ_20,Net Stable Funding Ratio,1.9684584949660713
202309,SE,LIQ_20,Net Stable Funding Ratio,1.200390003275149
202309,SI,LIQ_20,Net Stable Funding Ratio,1.7959493288941524
202309,SK,LIQ_20,Net Stable Funding Ratio,1.3034484957412553
202309,AT,PFT_21,"Return on equity (numerator annualised, denominator as average)",0.14950684714830312
202309,BE,PFT_21,"Return on equity (numerator annualised, denominator as average)",0.14868973913563885
202309,BG,PFT_21,"Return on equity (numerator annualised, denominator as average)",0.22732750996608428
202309,CY,PFT_21,"Return on equity (numerator annualised, denominator as average)",0.2518565928425367
202309,CZ,PFT_21,"Return on equity (numerator annualised, denominator as average)",0.14706546261176268
202309,DE,PFT_21,"Return on equity (numerator annualised, denominator as average)",0.069609050497278
202309,DK,PFT_21,"Return on equity (numerator annualised, denominator as average)",0.12171003876221943
202309,EE,PFT_21,"Return on equity (numerator annualised, denominator as average)",0.2086971725106393
202309,ES,PFT_21,"Return on equity (numerator annualised, denominator as average)",0.12813215504503736
202309,EU,PFT_21,"Return on equity (numerator annualised, denominator as average)",0.11077373740189837
202309,FI,PFT_21,"Return on equity (numerator annualised, denominator as average)",0.14534561316189323
202309,FR,PFT_21,"Return on equity (numerator annualised, denominator as average)",0.0732067550208463
202309,GR,PFT_21,"Return on equity (numerator annualised, denominator as average)",0.13637551333636144
202309,HR,PFT_21,"Return on equity (numerator annualised, denominator as average)",0.1994179226624227
202309,HU,PFT_21,"Return on equity (numerator annualised, denominator as average)",0.283547099939849
202309,IE,PFT_21,"Return on equity (numerator annualised, denominator as average)",0.13845555980828336
202309,IS,PFT_21,"Return on equity (numerator annualised, denominator as average)",0.11800176247037558
202309,IT,PFT_21,"Return on equity (numerator annualised, denominator as average)",0.14015063552137266
202309,LI,PFT_21,"Return on equity (numerator annualised, denominator as average)",0.07335077614586547
202309,LT,PFT_21,"Return on equity (numerator annualised, denominator as average)",0.23925027743211214
202309,LU,PFT_21,"Return on equity (numerator annualised, denominator as average)",0.08564747068000596
202309,LV,PFT_21,"Return on equity (numerator annualised, denominator as average)",0.2504863068013642
202309,MT,PFT_21,"Return on equity (numerator annualised, denominator as average)",0.12706644600115174
202309,NL,PFT_21,"Return on equity (numerator annualised, denominator as average)",0.1289961387086734
202309,NO,PFT_21,"Return on equity (numerator annualised, denominator as average)",0.1410228084302147
202309,PL,PFT_21,"Return on equity (numerator annualised, denominator as average)",0.18434190451252627
202309,PT,PFT_21,"Return on equity (numerator annualised, denominator as average)",0.1709595286568206
202309,RO,PFT_21,"Return on equity (numerator annualised, denominator as average)",0.22989344994754995
202309,SE,PFT_21,"Return on equity (numerator annualised, denominator as average)",0.16116415761855524
202309,SI,PFT_21,"Return on equity (numerator annualised, denominator as average)",0.1750669550257134
202309,SK,PFT_21,"Return on equity (numerator annualised, denominator as average)",0.1371867591693107
202309,AT,PFT_23,Cost to income ratio,0.4590202684722027
202309,BE,PFT_23,Cost to income ratio,0.4665680600951412
202309,BG,PFT_23,Cost to income ratio,0.3276785087381591
202309,CY,PFT_23,Cost to income ratio,0.3341921045239997
202309,CZ,PFT_23,Cost to income ratio,0.4681617792555916
202309,DE,PFT_23,Cost to income ratio,0.5964093783190715
202309,DK,PFT_23,Cost to income ratio,0.44950745663000274
202309,EE,PFT_23,Cost to income ratio,0.35757230189424577
202309,ES,PFT_23,Cost to income ratio,0.4407176137991599
202309,EU,PFT_23,Cost to income ratio,0.5173131894684997
202309,FI,PFT_23,Cost to income ratio,0.3977450540988959
202309,FR,PFT_23,Cost to income ratio,0.6699169736692469
202309,GR,PFT_23,Cost to income ratio,0.33622246114189885
202309,HR,PFT_23,Cost to income ratio,0.356365255790523
202309,HU,PFT_23,Cost to income ratio,0.49693572106316153
202309,IE,PFT_23,Cost to income ratio,0.4388558424389017
202309,IS,PFT_23,Cost to income ratio,0.37914833093002076
202309,IT,PFT_23,Cost to income ratio,0.4794655450250348
202309,LI,PFT_23,Cost to income ratio,0.7520852676724445
202309,LT,PFT_23,Cost to income ratio,0.3819629350735313
202309,LU,PFT_23,Cost to income ratio,0.5805069409539325
202309,LV,PFT_23,Cost to income ratio,0.3139612041749398
202309,MT,PFT_23,Cost to income ratio,0.4778118738286612
202309,NL,PFT_23,Cost to income ratio,0.4792896312765725
202309,NO,PFT_23,Cost to income ratio,0.3531096310669574
202309,PL,PFT_23,Cost to income ratio,0.4048524557823759
202309,PT,PFT_23,Cost to income ratio,0.291706759569932
202309,RO,PFT_23,Cost to income ratio,0.4324893988153181
202309,SE,PFT_23,Cost to income ratio,0.3605995873688133
202309,SI,PFT_23,Cost to income ratio,0.4199806559251585
202309,SK,PFT_23,Cost to income ratio,0.4111926337561321
202309,AT,PFT_24,Return on assets,0.012948944129656626
202309,BE,PFT_24,Return on assets,0.010863004926843363
202309,BG,PFT_24,Return on assets,0.026934257013548523
202309,CY,PFT_24,Return on assets,0.018412879795710546
202309,CZ,PFT_24,Return on assets,0.010563691385866351
202309,DE,PFT_24,Return on assets,0.004061972329147917
202309,DK,PFT_24,Return on assets,0.0065292891991520375
202309,EE,PFT_24,Return on assets,0.024379835041950848
202309,ES,PFT_24,Return on assets,0.00795234151697324
202309,EU,PFT_24,Return on assets,0.00721396732859566
202309,FI,PFT_24,Return on assets,0.009295308433963992
202309,FR,PFT_24,Return on assets,0.004558397086647071
202309,GR,PFT_24,Return on assets,0.012160493853932842
202309,HR,PFT_24,Return on assets,0.02233728267516506
202309,HU,PFT_24,Return on assets,0.02880850032950502
202309,IE,PFT_24,Return on assets,0.01403777090118467
202309,IS,PFT_24,Return on assets,0.01642982521054281
202309,IT,PFT_24,Return on assets,0.010651983738613365
202309,LI,PFT_24,Return on assets,0.006889696376749304
202309,LT,PFT_24,Return on assets,0.01631939086852342
202309,LU,PFT_24,Return on assets,0.00753642868407059
202309,LV,PFT_24,Return on assets,0.026795559818939232
202309,MT,PFT_24,Return on assets,0.009412485849409366
202309,NL,PFT_24,Return on assets,0.007847845140781448
202309,NO,PFT_24,Return on assets,0.011697229944646049
202309,PL,PFT_24,Return on assets,0.01798052115297836
202309,PT,PFT_24,Return on assets,0.013896474881173848
202309,RO,PFT_24,Return on assets,0.02116876514095609
202309,SE,PFT_24,Return on assets,0.009432052927528916
202309,SI,PFT_24,Return on assets,0.019951763074826687
202309,SK,PFT_24,Return on assets,0.01143511155404755
202309,AT,PFT_25,Net interest income to total net operating income,0.6736603017320072
202309,BE,PFT_25,Net interest income to total net operating income,0.7119981734813006
202309,BG,PFT_25,Net interest income to total net operating income,0.6919221847110791
202309,CY,PFT_25,Net interest income to total net operating income,0.7401698950412742
202309,CZ,PFT_25,Net interest income to total net operating income,0.709790215478522
202309,DE,PFT_25,Net interest income to total net operating income,0.5703702906158961
202309,DK,PFT_25,Net interest income to total net operating income,0.6005293126728347
202309,EE,PFT_25,Net interest income to total net operating income,0.8220005068247814
202309,ES,PFT_25,Net interest income to total net operating income,0.7620924672595942
202309,EU,PFT_25,Net interest income to total net operating income,0.6206156394318136
202309,FI,PFT_25,Net interest income to total net operating income,0.6830449336754394
202309,FR,PFT_25,Net interest income to total net operating income,0.43609725162936297
202309,GR,PFT_25,Net interest income to total net operating income,0.7924522210804263
202309,HR,PFT_25,Net interest income to total net operating income,0.6842574973157809
202309,HU,PFT_25,Net interest income to total net operating income,0.653468295977296
202309,IE,PFT_25,Net interest income to total net operating income,0.7010544939549882
202309,IS,PFT_25,Net interest income to total net operating income,0.7566056622062921
202309,IT,PFT_25,Net interest income to total net operating income,0.5963895509214631
202309,LI,PFT_25,Net interest income to total net operating income,0.24835817365147272
202309,LT,PFT_25,Net interest income to total net operating income,0.924072367821712
202309,LU,PFT_25,Net interest income to total net operating income,0.6265437253688653
202309,LV,PFT_25,Net interest income to total net operating income,0.8045323198641424
202309,MT,PFT_25,Net interest income to total net operating income,0.8418992184671457
202309,NL,PFT_25,Net interest income to total net operating income,0.7043565300054889
202309,NO,PFT_25,Net interest income to total net operating income,0.7663071538623248
202309,PL,PFT_25,Net interest income to total net operating income,0.8824738325176764
202309,PT,PFT_25,Net interest income to total net operating income,0.7436519835555997
202309,RO,PFT_25,Net interest income to total net operating income,0.6753866514137873
202309,SE,PFT_25,Net interest income to total net operating income,0.7396045556687492
202309,SI,PFT_25,Net interest income to total net operating income,0.7595726966761397
202309,SK,PFT_25,Net interest income to total net operating income,0.693506531905904
202309,AT,PFT_26,Net fee and comission income to total net operating income,0.2899613594621657
202309,BE,PFT_26,Net fee and comission income to total net operating income,0.2347558347307731
202309,BG,PFT_26,Net fee and comission income to total net operating income,0.23527853465261903
202309,CY,PFT_26,Net fee and comission income to total net operating income,0.15401777372375097
202309,CZ,PFT_26,Net fee and comission income to total net operating income,0.22120866227858937
202309,DE,PFT_26,Net fee and comission income to total net operating income,0.29628326214251416
202309,DK,PFT_26,Net fee and comission income to total net operating income,0.15564616445887683
202309,EE,PFT_26,Net fee and comission income to total net operating income,0.13218109364947533
202309,ES,PFT_26,Net fee and comission income to total net operating income,0.23108221514281194
202309,EU,PFT_26,Net fee and comission income to total net operating income,0.27358032677125166
202309,FI,PFT_26,Net fee and comission income to total net operating income,0.21905823616478318
202309,FR,PFT_26,Net fee and comission income to total net operating income,0.36161709729091684
202309,GR,PFT_26,Net fee and comission income to total net operating income,0.16371093289143757
202309,HR,PFT_26,Net fee and comission income to total net operating income,0.21808309655022218
202309,HU,PFT_26,Net fee and comission income to total net operating income,0.27955039022367206
202309,IE,PFT_26,Net fee and comission income to total net operating income,0.17338109916709057
202309,IS,PFT_26,Net fee and comission income to total net operating income,0.20780051999565377
202309,IT,PFT_26,Net fee and comission income to total net operating income,0.3117447166674587
202309,LI,PFT_26,Net fee and comission income to total net operating income,0.5440654516143033
202309,LT,PFT_26,Net fee and comission income to total net operating income,0.5545382105927136
202309,LU,PFT_26,Net fee and comission income to total net operating income,0.2799391297450267
202309,LV,PFT_26,Net fee and comission income to total net operating income,0.15934775252595382
202309,MT,PFT_26,Net fee and comission income to total net operating income,0.13254011107511693
202309,NL,PFT_26,Net fee and comission income to total net operating income,0.15136055530608591
202309,NO,PFT_26,Net fee and comission income to total net operating income,0.14198070939093588
202309,PL,PFT_26,Net fee and comission income to total net operating income,0.2145221810617131
202309,PT,PFT_26,Net fee and comission income to total net operating income,0.19312194449292414
202309,RO,PFT_26,Net fee and comission income to total net operating income,0.17932268673284704
202309,SE,PFT_26,Net fee and comission income to total net operating income,0.190255451621368
202309,SI,PFT_26,Net fee and comission income to total net operating income,0.23212088913832987
202309,SK,PFT_26,Net fee and comission income to total net operating income,0.26541750186884117
202309,AT,PFT_29,Net trading income to total net operating income,-0.016374595560545643
202309,BE,PFT_29,Net trading income to total net operating income,0.023310763058214723
202309,BG,PFT_29,Net trading income to total net operating income,0.00272881976255706
202309,CY,PFT_29,Net trading income to total net operating income,0.003122042906403093
202309,CZ,PFT_29,Net trading income to total net operating income,0.02325390599910935
202309,DE,PFT_29,Net trading income to total net operating income,0.09381769736338486
202309,DK,PFT_29,Net trading income to total net operating income,0.14209118613178537
202309,EE,PFT_29,Net trading income to total net operating income,0.03059110792901156
202309,ES,PFT_29,Net trading income to total net operating income,0.019163551041034507
202309,EU,PFT_29,Net trading income to total net operating income,0.06599528469992115
202309,FI,PFT_29,Net trading income to total net operating income,0.1206050052793284
202309,FR,PFT_29,Net trading income to total net operating income,0.1231913430005645
202309,GR,PFT_29,Net trading income to total net operating income,-0.0008188629711308351
202309,HR,PFT_29,Net trading income to total net operating income,0.027966342254414144
202309,HU,PFT_29,Net trading income to total net operating income,0.030189611212357345
202309,IE,PFT_29,Net trading income to total net operating income,0.06044088277777092
202309,IS,PFT_29,Net trading income to total net operating income,0.005812149788047265
202309,IT,PFT_29,Net trading income to total net operating income,0.02744693598747696
202309,LI,PFT_29,Net trading income to total net operating income,0.13842580241532257
202309,LT,PFT_29,Net trading income to total net operating income,0.07064845747312268
202309,LU,PFT_29,Net trading income to total net operating income,0.014327963918511764
202309,LV,PFT_29,Net trading income to total net operating income,0.0215618739154399
202309,MT,PFT_29,Net trading income to total net operating income,0.013299975977285146
202309,NL,PFT_29,Net trading income to total net operating income,0.08170734411140192
202309,NO,PFT_29,Net trading income to total net operating income,0.06625927834637811
202309,PL,PFT_29,Net trading income to total net operating income,0.002411340413347912
202309,PT,PFT_29,Net trading income to total net operating income,0.003448266633091857
202309,RO,PFT_29,Net trading income to total net operating income,0.042247576904355474
202309,SE,PFT_29,Net trading income to total net operating income,0.05874209481552959
202309,SI,PFT_29,Net trading income to total net operating income,0.02441065582737603
202309,SK,PFT_29,Net trading income to total net operating income,0.01883217285228596
202309,AT,PFT_41,Net interest margin,0.022958023010715263
202309,BE,PFT_41,Net interest margin,0.017599808249943148
202309,BG,PFT_41,Net interest margin,0.03263769076791656
202309,CY,PFT_41,Net interest margin,0.03025687817050021
202309,CZ,PFT_41,Net interest margin,0.018000250482740603
202309,DE,PFT_41,Net interest margin,0.012167822651198404
202309,DK,PFT_41,Net interest margin,0.01071218239671643
202309,EE,PFT_41,Net interest margin,0.038027879420969156
202309,ES,PFT_41,Net interest margin,0.02655564048975649
202309,EU,PFT_41,Net interest margin,0.016314418591387936
202309,FI,PFT_41,Net interest margin,0.01572543108766393
202309,FR,PFT_41,Net interest margin,0.009188783773885748
202309,GR,PFT_41,Net interest margin,0.031158837115785955
202309,HR,PFT_41,Net interest margin,0.02843245819172786
202309,HU,PFT_41,Net interest margin,0.04320455466096225
202309,IE,PFT_41,Net interest margin,0.02649808988574521
202309,IS,PFT_41,Net interest margin,0.03197955602113991
202309,IT,PFT_41,Net interest margin,0.020650351175430577
202309,LI,PFT_41,Net interest margin,0.009756267758089014
202309,LT,PFT_41,Net interest margin,0.034775123584458695
202309,LU,PFT_41,Net interest margin,0.015804265484206118
202309,LV,PFT_41,Net interest margin,0.03768889805498961
202309,MT,PFT_41,Net interest margin,0.024283077391923997
202309,NL,PFT_41,Net interest margin,0.01674288003550525
202309,NO,PFT_41,Net interest margin,0.021110432654956615
202309,PL,PFT_41,Net interest margin,0.0440037055591065
202309,PT,PFT_41,Net interest margin,0.03003240340329935
202309,RO,PFT_41,Net interest margin,0.035113563958612745
202309,SE,PFT_41,Net interest margin,0.015191679954394728
202309,SI,PFT_41,Net interest margin,0.03289769664882244
202309,SK,PFT_41,Net interest margin,0.020800980275323237
202309,AT,PFT_43,Cost of risk,0.0039960402343320435
202309,BE,PFT_43,Cost of risk,0.0011787625670388023
202309,BG,PFT_43,Cost of risk,0.00643298592029875
202309,CY,PFT_43,Cost of risk,0.004108525470030059
202309,CZ,PFT_43,Cost of risk,0.0007948031252482434
202309,DE,PFT_43,Cost of risk,0.0033305278532695815
202309,DK,PFT_43,Cost of risk,0.004918884755484867
202309,EE,PFT_43,Cost of risk,0.0006772803077920768
202309,ES,PFT_43,Cost of risk,0.01063889463917417
202309,EU,PFT_43,Cost of risk,0.004391725139308085
202309,FI,PFT_43,Cost of risk,0.0016436890157504156
202309,FR,PFT_43,Cost of risk,0.004103683175062322
202309,GR,PFT_43,Cost of risk,0.007804132248647242
202309,HR,PFT_43,Cost of risk,-0.0001959907067072375
202309,HU,PFT_43,Cost of risk,0.010293876930419704
202309,IE,PFT_43,Cost of risk,0.0031475805513983992
202309,IS,PFT_43,Cost of risk,0.004057539082977156
202309,IT,PFT_43,Cost of risk,0.0034391717730370064
202309,LI,PFT_43,Cost of risk,0.0001080264529443483
202309,LT,PFT_43,Cost of risk,0.0021190077135189085
202309,LU,PFT_43,Cost of risk,0.0031887141917952924
202309,LV,PFT_43,Cost of risk,0.000897974137786433
202309,MT,PFT_43,Cost of risk,0.007323610477970855
202309,NL,PFT_43,Cost of risk,0.0012009368420089178
202309,NO,PFT_43,Cost of risk,0.001655722712121814
202309,PL,PFT_43,Cost of risk,0.007867472492148045
202309,PT,PFT_43,Cost of risk,0.006100037942304651
202309,RO,PFT_43,Cost of risk,0.012292798646830793
202309,SE,PFT_43,Cost of risk,0.0007944489771341546
202309,SI,PFT_43,Cost of risk,0.0039778699331830605
202309,SK,PFT_43,Cost of risk,0.004537329384255742
202309,AT,SVC_1,Tier 1 capital ratio,0.16719024175522568
202309,BE,SVC_1,Tier 1 capital ratio,0.19061872947040534
202309,BG,SVC_1,Tier 1 capital ratio,0.2105679853108553
202309,CY,SVC_1,Tier 1 capital ratio,0.21122533434901364
202309,CZ,SVC_1,Tier 1 capital ratio,0.1896976344743766
202309,DE,SVC_1,Tier 1 capital ratio,0.17722760893585648
202309,DK,SVC_1,Tier 1 capital ratio,0.2038977819321026
202309,EE,SVC_1,Tier 1 capital ratio,0.2323321558266906
202309,ES,SVC_1,Tier 1 capital ratio,0.1424322218979206
202309,EU,SVC_1,Tier 1 capital ratio,0.17299279011266155
202309,FI,SVC_1,Tier 1 capital ratio,0.19388471507464658
202309,FR,SVC_1,Tier 1 capital ratio,0.17088508965939117
202309,GR,SVC_1,Tier 1 capital ratio,0.1495993804853665
202309,HR,SVC_1,Tier 1 capital ratio,0.2209803052358881
202309,HU,SVC_1,Tier 1 capital ratio,0.16833982567089348
202309,IE,SVC_1,Tier 1 capital ratio,0.20262975564645652
202309,IS,SVC_1,Tier 1 capital ratio,0.21500192072392849
202309,IT,SVC_1,Tier 1 capital ratio,0.17727291826992167
202309,LI,SVC_1,Tier 1 capital ratio,0.1957183346324536
202309,LT,SVC_1,Tier 1 capital ratio,0.18566796882065764
202309,LU,SVC_1,Tier 1 capital ratio,0.22160243457134526
202309,LV,SVC_1,Tier 1 capital ratio,0.21623500801826961
202309,MT,SVC_1,Tier 1 capital ratio,0.19886816278217687
202309,NL,SVC_1,Tier 1 capital ratio,0.18107075846539958
202309,NO,SVC_1,Tier 1 capital ratio,0.20267683367627476
202309,PL,SVC_1,Tier 1 capital ratio,0.18149611427095508
202309,PT,SVC_1,Tier 1 capital ratio,0.1686084970624169
202309,RO,SVC_1,Tier 1 capital ratio,0.17575335965285352
202309,SE,SVC_1,Tier 1 capital ratio,0.20611267970186337
202309,SI,SVC_1,Tier 1 capital ratio,0.17076321784188764
202309,SK,SVC_1,Tier 1 capital ratio,0.17645020526049535
202309,AT,SVC_13,Leverage ratio,0.06718676531217553
202309,BE,SVC_13,Leverage ratio,0.06250711145391398
202309,BG,SVC_13,Leverage ratio,0.0967261206814686
202309,CY,SVC_13,Leverage ratio,0.07083001379999779
202309,CZ,SVC_13,Leverage ratio,0.052849819867266536
202309,DE,SVC_13,Leverage ratio,0.05388768117503662
202309,DK,SVC_13,Leverage ratio,0.05114215377624735
202309,EE,SVC_13,Leverage ratio,0.09537274774716524
202309,ES,SVC_13,Leverage ratio,0.05385432530109985
202309,EU,SVC_13,Leverage ratio,0.05678210117406609
202309,FI,SVC_13,Leverage ratio,0.0584525865250189
202309,FR,SVC_13,Leverage ratio,0.053013497460739585
202309,GR,SVC_13,Leverage ratio,0.07010965843667283
202309,HR,SVC_13,Leverage ratio,0.09054270480594907
202309,HU,SVC_13,Leverage ratio,0.08948947459241213
202309,IE,SVC_13,Leverage ratio,0.08261884497096787
202309,IS,SVC_13,Leverage ratio,0.12673767295938942
202309,IT,SVC_13,Leverage ratio,0.060590340207072844
202309,LI,SVC_13,Leverage ratio,0.0720949701481523
202309,LT,SVC_13,Leverage ratio,0.06314651511245649
202309,LU,SVC_13,Leverage ratio,0.06999357366669394
202309,LV,SVC_13,Leverage ratio,0.0877902827855453
202309,MT,SVC_13,Leverage ratio,0.0626096864281192
202309,NL,SVC_13,Leverage ratio,0.05651295631047168
202309,NO,SVC_13,Leverage ratio,0.06494040985798218
202309,PL,SVC_13,Leverage ratio,0.08252835517932884
202309,PT,SVC_13,Leverage ratio,0.06733895311814136
202309,RO,SVC_13,Leverage ratio,0.07326626516372961
202309,SE,SVC_13,Leverage ratio,0.05225425354248037
202309,SI,SVC_13,Leverage ratio,0.09295448473488373
202309,SK,SVC_13,Leverage ratio,0.06929440224393692
202309,AT,SVC_2,Total capital ratio,0.19149942241601603
202309,BE,SVC_2,Total capital ratio,0.20556229260015466
202309,BG,SVC_2,Total capital ratio,0.22499141904421874
202309,CY,SVC_2,Total capital ratio,0.23858283517195977
202309,CZ,SVC_2,Total capital ratio,0.19691942200316365
202309,DE,SVC_2,Total capital ratio,0.21308777424963538
202309,DK,SVC_2,Total capital ratio,0.23079203758473552
202309,EE,SVC_2,Total capital ratio,0.23811275282609648
202309,ES,SVC_2,Total capital ratio,0.1666328353248657
202309,EU,SVC_2,Total capital ratio,0.1991534955159794
202309,FI,SVC_2,Total capital ratio,0.21390928585011335
202309,FR,SVC_2,Total capital ratio,0.19565898643246157
202309,GR,SVC_2,Total capital ratio,0.17652911879697744
202309,HR,SVC_2,Total capital ratio,0.22241669779703133
202309,HU,SVC_2,Total capital ratio,0.19044725795495077
202309,IE,SVC_2,Total capital ratio,0.22576111595563478
202309,IS,SVC_2,Total capital ratio,0.24022985224763088
202309,IT,SVC_2,Total capital ratio,0.20445685635510874
202309,LI,SVC_2,Total capital ratio,0.1957183346324536
202309,LT,SVC_2,Total capital ratio,0.1994705724217382
202309,LU,SVC_2,Total capital ratio,0.23205541006323135
202309,LV,SVC_2,Total capital ratio,0.2264149552651643
202309,MT,SVC_2,Total capital ratio,0.23191565269470862
202309,NL,SVC_2,Total capital ratio,0.20925067670893657
202309,NO,SVC_2,Total capital ratio,0.2270418719379155
202309,PL,SVC_2,Total capital ratio,0.19471460521597284
202309,PT,SVC_2,Total capital ratio,0.18765992092562864
202309,RO,SVC_2,Total capital ratio,0.2078475929398107
202309,SE,SVC_2,Total capital ratio,0.22792602554187052
202309,SI,SVC_2,Total capital ratio,0.1955717660560255
202309,SK,SVC_2,Total capital ratio,0.19404663605532796
202309,AT,SVC_3,CET 1 capital ratio,0.15168257518232645
202309,BE,SVC_3,CET 1 capital ratio,0.18165127320185478
202309,BG,SVC_3,CET 1 capital ratio,0.208160500090017
202309,CY,SVC_3,CET 1 capital ratio,0.1917430457247317
202309,CZ,SVC_3,CET 1 capital ratio,0.18417247809487988
202309,DE,SVC_3,CET 1 capital ratio,0.16344180837106756
202309,DK,SVC_3,CET 1 capital ratio,0.18911253860109134
202309,EE,SVC_3,CET 1 capital ratio,0.22944185732698766
202309,ES,SVC_3,CET 1 capital ratio,0.12634519662848673
202309,EU,SVC_3,CET 1 capital ratio,0.15899115590163898
202309,FI,SVC_3,CET 1 capital ratio,0.17852262628413404
202309,FR,SVC_3,CET 1 capital ratio,0.1584186103883993
202309,GR,SVC_3,CET 1 capital ratio,0.1427230989533805
202309,HR,SVC_3,CET 1 capital ratio,0.2209803052358881
202309,HU,SVC_3,CET 1 capital ratio,0.16833982567089348
202309,IE,SVC_3,CET 1 capital ratio,0.19168239629395295
202309,IS,SVC_3,CET 1 capital ratio,0.20795007969285909
202309,IT,SVC_3,CET 1 capital ratio,0.161835480908109
202309,LI,SVC_3,CET 1 capital ratio,0.1957183346324536
202309,LT,SVC_3,CET 1 capital ratio,0.18566796882065764
202309,LU,SVC_3,CET 1 capital ratio,0.21791429646865662
202309,LV,SVC_3,CET 1 capital ratio,0.21623500801826961
202309,MT,SVC_3,CET 1 capital ratio,0.19886816278217687
202309,NL,SVC_3,CET 1 capital ratio,0.16004250638964737
202309,NO,SVC_3,CET 1 capital ratio,0.18369389357645435
202309,PL,SVC_3,CET 1 capital ratio,0.18149611427095508
202309,PT,SVC_3,CET 1 capital ratio,0.16035671370042276
202309,RO,SVC_3,CET 1 capital ratio,0.17089241453361795
202309,SE,SVC_3,CET 1 capital ratio,0.18813551308299467
202309,SI,SVC_3,CET 1 capital ratio,0.16747153822680566
202309,SK,SVC_3,CET 1 capital ratio,0.15665589301185587
202312,AT,AQT_3.1,Non-performing debt instruments (loans and advances & debt securities) other than held for trading to total gross debt instruments (NPE ratio),0.01842621877927653
202312,BE,AQT_3.1,Non-performing debt instruments (loans and advances & debt securities) other than held for trading to total gross debt instruments (NPE ratio),0.010452420451816716
202312,BG,AQT_3.1,Non-performing debt instruments (loans and advances & debt securities) other than held for trading to total gross debt instruments (NPE ratio),0.016975540596209145
202312,CY,AQT_3.1,Non-performing debt instruments (loans and advances & debt securities) other than held for trading to total gross debt instruments (NPE ratio),0.019670903525550794
202312,CZ,AQT_3.1,Non-performing debt instruments (loans and advances & debt securities) other than held for trading to total gross debt instruments (NPE ratio),0.009596863349544049
202312,DE,AQT_3.1,Non-performing debt instruments (loans and advances & debt securities) other than held for trading to total gross debt instruments (NPE ratio),0.011903594963877663
202312,DK,AQT_3.1,Non-performing debt instruments (loans and advances & debt securities) other than held for trading to total gross debt instruments (NPE ratio),0.011558481465157349
202312,EE,AQT_3.1,Non-performing debt instruments (loans and advances & debt securities) other than held for trading to total gross debt instruments (NPE ratio),0.0067223526106090226
202312,ES,AQT_3.1,Non-performing debt instruments (loans and advances & debt securities) other than held for trading to total gross debt instruments (NPE ratio),0.024391314203391523
202312,EU,AQT_3.1,Non-performing debt instruments (loans and advances & debt securities) other than held for trading to total gross debt instruments (NPE ratio),0.016210313822345564
202312,FI,AQT_3.1,Non-performing debt instruments (loans and advances & debt securities) other than held for trading to total gross debt instruments (NPE ratio),0.01019560079657505
202312,FR,AQT_3.1,Non-performing debt instruments (loans and advances & debt securities) other than held for trading to total gross debt instruments (NPE ratio),0.017920914286242394
202312,GR,AQT_3.1,Non-performing debt instruments (loans and advances & debt securities) other than held for trading to total gross debt instruments (NPE ratio),0.02558454112370072
202312,HR,AQT_3.1,Non-performing debt instruments (loans and advances & debt securities) other than held for trading to total gross debt instruments (NPE ratio),0.01603466626505094
202312,HU,AQT_3.1,Non-performing debt instruments (loans and advances & debt securities) other than held for trading to total gross debt instruments (NPE ratio),0.023878488817653296
202312,IE,AQT_3.1,Non-performing debt instruments (loans and advances & debt securities) other than held for trading to total gross debt instruments (NPE ratio),0.013624213674765998
202312,IS,AQT_3.1,Non-performing debt instruments (loans and advances & debt securities) other than held for trading to total gross debt instruments (NPE ratio),0.01323168081185172
202312,IT,AQT_3.1,Non-performing debt instruments (loans and advances & debt securities) other than held for trading to total gross debt instruments (NPE ratio),0.018123057837734657
202312,LI,AQT_3.1,Non-performing debt instruments (loans and advances & debt securities) other than held for trading to total gross debt instruments (NPE ratio),0.0031562781160824143
202312,LT,AQT_3.1,Non-performing debt instruments (loans and advances & debt securities) other than held for trading to total gross debt instruments (NPE ratio),0.005060092753216815
202312,LU,AQT_3.1,Non-performing debt instruments (loans and advances & debt securities) other than held for trading to total gross debt instruments (NPE ratio),0.012116048592595864
202312,LV,AQT_3.1,Non-performing debt instruments (loans and advances & debt securities) other than held for trading to total gross debt instruments (NPE ratio),0.0036759022557435943
202312,MT,AQT_3.1,Non-performing debt instruments (loans and advances & debt securities) other than held for trading to total gross debt instruments (NPE ratio),0.014538951734488374
202312,NL,AQT_3.1,Non-performing debt instruments (loans and advances & debt securities) other than held for trading to total gross debt instruments (NPE ratio),0.012857626649395888
202312,NO,AQT_3.1,Non-performing debt instruments (loans and advances & debt securities) other than held for trading to total gross debt instruments (NPE ratio),0.00907117836379401
202312,PL,AQT_3.1,Non-performing debt instruments (loans and advances & debt securities) other than held for trading to total gross debt instruments (NPE ratio),0.027549831684117617
202312,PT,AQT_3.1,Non-performing debt instruments (loans and advances & debt securities) other than held for trading to total gross debt instruments (NPE ratio),0.02063269014538101
202312,RO,AQT_3.1,Non-performing debt instruments (loans and advances & debt securities) other than held for trading to total gross debt instruments (NPE ratio),0.017042887180767873
202312,SE,AQT_3.1,Non-performing debt instruments (loans and advances & debt securities) other than held for trading to total gross debt instruments (NPE ratio),0.0027982540131392293
202312,SI,AQT_3.1,Non-performing debt instruments (loans and advances & debt securities) other than held for trading to total gross debt instruments (NPE ratio),0.01322549727147501
202312,SK,AQT_3.1,Non-performing debt instruments (loans and advances & debt securities) other than held for trading to total gross debt instruments (NPE ratio),0.0139002411092107
202312,AT,AQT_3.2,"Share of non‐performing loans and advances
(NPL ratio)",0.021846243750981306
202312,BE,AQT_3.2,"Share of non‐performing loans and advances
(NPL ratio)",0.01197900937764602
202312,BG,AQT_3.2,"Share of non‐performing loans and advances
(NPL ratio)",0.019526683328816623
202312,CY,AQT_3.2,"Share of non‐performing loans and advances
(NPL ratio)",0.024440001634537675
202312,CZ,AQT_3.2,"Share of non‐performing loans and advances
(NPL ratio)",0.011692373296887623
202312,DE,AQT_3.2,"Share of non‐performing loans and advances
(NPL ratio)",0.01320291218519795
202312,DK,AQT_3.2,"Share of non‐performing loans and advances
(NPL ratio)",0.012729885198764009
202312,EE,AQT_3.2,"Share of non‐performing loans and advances
(NPL ratio)",0.007049146040793832
202312,ES,AQT_3.2,"Share of non‐performing loans and advances
(NPL ratio)",0.02814336431155903
202312,EU,AQT_3.2,"Share of non‐performing loans and advances
(NPL ratio)",0.018374702764029745
202312,FI,AQT_3.2,"Share of non‐performing loans and advances
(NPL ratio)",0.011400499568200672
202312,FR,AQT_3.2,"Share of non‐performing loans and advances
(NPL ratio)",0.019425505624976528
202312,GR,AQT_3.2,"Share of non‐performing loans and advances
(NPL ratio)",0.03325259413619678
202312,HR,AQT_3.2,"Share of non‐performing loans and advances
(NPL ratio)",0.018385270068070794
202312,HU,AQT_3.2,"Share of non‐performing loans and advances
(NPL ratio)",0.028501561748255164
202312,IE,AQT_3.2,"Share of non‐performing loans and advances
(NPL ratio)",0.015507441956737448
202312,IS,AQT_3.2,"Share of non‐performing loans and advances
(NPL ratio)",0.014527768997319022
202312,IT,AQT_3.2,"Share of non‐performing loans and advances
(NPL ratio)",0.0235259152690829
202312,LI,AQT_3.2,"Share of non‐performing loans and advances
(NPL ratio)",0.003894855815558067
202312,LT,AQT_3.2,"Share of non‐performing loans and advances
(NPL ratio)",0.005803531821834019
202312,LU,AQT_3.2,"Share of non‐performing loans and advances
(NPL ratio)",0.014127654338899969
202312,LV,AQT_3.2,"Share of non‐performing loans and advances
(NPL ratio)",0.0038863243241859646
202312,MT,AQT_3.2,"Share of non‐performing loans and advances
(NPL ratio)",0.021503162174426608
202312,NL,AQT_3.2,"Share of non‐performing loans and advances
(NPL ratio)",0.014037548169938319
202312,NO,AQT_3.2,"Share of non‐performing loans and advances
(NPL ratio)",0.01047734274415516
202312,PL,AQT_3.2,"Share of non‐performing loans and advances
(NPL ratio)",0.04279195980681081
202312,PT,AQT_3.2,"Share of non‐performing loans and advances
(NPL ratio)",0.024817803418182863
202312,RO,AQT_3.2,"Share of non‐performing loans and advances
(NPL ratio)",0.023162645573512955
202312,SE,AQT_3.2,"Share of non‐performing loans and advances
(NPL ratio)",0.003047726434580225
202312,SI,AQT_3.2,"Share of non‐performing loans and advances
(NPL ratio)",0.016386344913121173
202312,SK,AQT_3.2,"Share of non‐performing loans and advances
(NPL ratio)",0.015961005531316054
202312,AT,AQT_41.2,Coverage ratio of non-performing loans and advances,0.4325909018236733
202312,BE,AQT_41.2,Coverage ratio of non-performing loans and advances,0.4706679933749295
202312,BG,AQT_41.2,Coverage ratio of non-performing loans and advances,0.6153427196261912
202312,CY,AQT_41.2,Coverage ratio of non-performing loans and advances,0.3141921722535529
202312,CZ,AQT_41.2,Coverage ratio of non-performing loans and advances,0.5159239968168232
202312,DE,AQT_41.2,Coverage ratio of non-performing loans and advances,0.32454918947557443
202312,DK,AQT_41.2,Coverage ratio of non-performing loans and advances,0.2888761345505598
202312,EE,AQT_41.2,Coverage ratio of non-performing loans and advances,0.30677107989666974
202312,ES,AQT_41.2,Coverage ratio of non-performing loans and advances,0.4306154035472129
202312,EU,AQT_41.2,Coverage ratio of non-performing loans and advances,0.422557314185199
202312,FI,AQT_41.2,Coverage ratio of non-performing loans and advances,0.26599795036028784
202312,FR,AQT_41.2,Coverage ratio of non-performing loans and advances,0.4522398599418808
202312,GR,AQT_41.2,Coverage ratio of non-performing loans and advances,0.4363880764882535
202312,HR,AQT_41.2,Coverage ratio of non-performing loans and advances,0.7138541713115099
202312,HU,AQT_41.2,Coverage ratio of non-performing loans and advances,0.5878700090166419
202312,IE,AQT_41.2,Coverage ratio of non-performing loans and advances,0.28979276230597883
202312,IS,AQT_41.2,Coverage ratio of non-performing loans and advances,0.2152547400574647
202312,IT,AQT_41.2,Coverage ratio of non-performing loans and advances,0.5371962233467309
202312,LI,AQT_41.2,Coverage ratio of non-performing loans and advances,0.3835479378669425
202312,LT,AQT_41.2,Coverage ratio of non-performing loans and advances,0.4222805684147493
202312,LU,AQT_41.2,Coverage ratio of non-performing loans and advances,0.37575362711708626
202312,LV,AQT_41.2,Coverage ratio of non-performing loans and advances,0.4048794824554712
202312,MT,AQT_41.2,Coverage ratio of non-performing loans and advances,0.2802065983209571
202312,NL,AQT_41.2,Coverage ratio of non-performing loans and advances,0.26190243350367637
202312,NO,AQT_41.2,Coverage ratio of non-performing loans and advances,0.23222558690522915
202312,PL,AQT_41.2,Coverage ratio of non-performing loans and advances,0.6210942899385659
202312,PT,AQT_41.2,Coverage ratio of non-performing loans and advances,0.5740660767576276
202312,RO,AQT_41.2,Coverage ratio of non-performing loans and advances,0.6724593062671058
202312,SE,AQT_41.2,Coverage ratio of non-performing loans and advances,0.2928959847006045
202312,SI,AQT_41.2,Coverage ratio of non-performing loans and advances,0.5448228186790427
202312,SK,AQT_41.2,Coverage ratio of non-performing loans and advances,0.539957549144144
202312,AT,AQT_42.2,Forbearance ratio - Loans and advances (gross amount) (FBL),0.01651120929194909
202312,BE,AQT_42.2,Forbearance ratio - Loans and advances (gross amount) (FBL),0.008335299458772014
202312,BG,AQT_42.2,Forbearance ratio - Loans and advances (gross amount) (FBL),0.014715295640474458
202312,CY,AQT_42.2,Forbearance ratio - Loans and advances (gross amount) (FBL),0.02615524925790822
202312,CZ,AQT_42.2,Forbearance ratio - Loans and advances (gross amount) (FBL),0.004519261773999331
202312,DE,AQT_42.2,Forbearance ratio - Loans and advances (gross amount) (FBL),0.013210461074125665
202312,DK,AQT_42.2,Forbearance ratio - Loans and advances (gross amount) (FBL),0.005272917958458096
202312,EE,AQT_42.2,Forbearance ratio - Loans and advances (gross amount) (FBL),0.01505740116405382
202312,ES,AQT_42.2,Forbearance ratio - Loans and advances (gross amount) (FBL),0.023779543225819027
202312,EU,AQT_42.2,Forbearance ratio - Loans and advances (gross amount) (FBL),0.01406422836582918
202312,FI,AQT_42.2,Forbearance ratio - Loans and advances (gross amount) (FBL),0.014270149012129382
202312,FR,AQT_42.2,Forbearance ratio - Loans and advances (gross amount) (FBL),0.00956578014788536
202312,GR,AQT_42.2,Forbearance ratio - Loans and advances (gross amount) (FBL),0.045209908106896374
202312,HR,AQT_42.2,Forbearance ratio - Loans and advances (gross amount) (FBL),0.015246494734232395
202312,HU,AQT_42.2,Forbearance ratio - Loans and advances (gross amount) (FBL),0.02272304515584873
202312,IE,AQT_42.2,Forbearance ratio - Loans and advances (gross amount) (FBL),0.018226592893016376
202312,IS,AQT_42.2,Forbearance ratio - Loans and advances (gross amount) (FBL),0.02379007564497838
202312,IT,AQT_42.2,Forbearance ratio - Loans and advances (gross amount) (FBL),0.01855524070061935
202312,LI,AQT_42.2,Forbearance ratio - Loans and advances (gross amount) (FBL),0.002758600034334752
202312,LT,AQT_42.2,Forbearance ratio - Loans and advances (gross amount) (FBL),0.00758025276754278
202312,LU,AQT_42.2,Forbearance ratio - Loans and advances (gross amount) (FBL),0.009479611866600198
202312,LV,AQT_42.2,Forbearance ratio - Loans and advances (gross amount) (FBL),0.010528336344277456
202312,MT,AQT_42.2,Forbearance ratio - Loans and advances (gross amount) (FBL),0.022960208034559584
202312,NL,AQT_42.2,Forbearance ratio - Loans and advances (gross amount) (FBL),0.0153002898727725
202312,NO,AQT_42.2,Forbearance ratio - Loans and advances (gross amount) (FBL),0.009888693314568675
202312,PL,AQT_42.2,Forbearance ratio - Loans and advances (gross amount) (FBL),0.013887595413288597
202312,PT,AQT_42.2,Forbearance ratio - Loans and advances (gross amount) (FBL),0.0259532878201192
202312,RO,AQT_42.2,Forbearance ratio - Loans and advances (gross amount) (FBL),0.013599991291816386
202312,SE,AQT_42.2,Forbearance ratio - Loans and advances (gross amount) (FBL),0.0036857348572410355
202312,SI,AQT_42.2,Forbearance ratio - Loans and advances (gross amount) (FBL),0.012671756500290371
202312,SK,AQT_42.2,Forbearance ratio - Loans and advances (gross amount) (FBL),0.013295650504255357
202312,AT,FND_32,Loans and advances-to-deposits ratio for households and non-financial corporations,0.992184548345459
202312,BE,FND_32,Loans and advances-to-deposits ratio for households and non-financial corporations,1.0399628313385398
202312,BG,FND_32,Loans and advances-to-deposits ratio for households and non-financial corporations,0.733978966414873
202312,CY,FND_32,Loans and advances-to-deposits ratio for households and non-financial corporations,0.48974815306514996
202312,CZ,FND_32,Loans and advances-to-deposits ratio for households and non-financial corporations,0.8408484442999514
202312,DE,FND_32,Loans and advances-to-deposits ratio for households and non-financial corporations,1.1399042046573815
202312,DK,FND_32,Loans and advances-to-deposits ratio for households and non-financial corporations,3.0187694949822403
202312,EE,FND_32,Loans and advances-to-deposits ratio for households and non-financial corporations,1.0028341559583072
202312,ES,FND_32,Loans and advances-to-deposits ratio for households and non-financial corporations,0.987314037255283
202312,EU,FND_32,Loans and advances-to-deposits ratio for households and non-financial corporations,1.071106986413791
202312,FI,FND_32,Loans and advances-to-deposits ratio for households and non-financial corporations,1.711655273255482
202312,FR,FND_32,Loans and advances-to-deposits ratio for households and non-financial corporations,1.0633505735939148
202312,GR,FND_32,Loans and advances-to-deposits ratio for households and non-financial corporations,0.5872704414836091
202312,HR,FND_32,Loans and advances-to-deposits ratio for households and non-financial corporations,0.6400303077624873
202312,HU,FND_32,Loans and advances-to-deposits ratio for households and non-financial corporations,0.7628879757537397
202312,IE,FND_32,Loans and advances-to-deposits ratio for households and non-financial corporations,0.7053394746672
202312,IS,FND_32,Loans and advances-to-deposits ratio for households and non-financial corporations,1.6961128833879127
202312,IT,FND_32,Loans and advances-to-deposits ratio for households and non-financial corporations,0.8971120610285325
202312,LI,FND_32,Loans and advances-to-deposits ratio for households and non-financial corporations,0.6536725423457186
202312,LT,FND_32,Loans and advances-to-deposits ratio for households and non-financial corporations,0.4488892110207814
202312,LU,FND_32,Loans and advances-to-deposits ratio for households and non-financial corporations,1.4360021131349494
202312,LV,FND_32,Loans and advances-to-deposits ratio for households and non-financial corporations,0.7250553482695894
202312,MT,FND_32,Loans and advances-to-deposits ratio for households and non-financial corporations,0.5853684112092759
202312,NL,FND_32,Loans and advances-to-deposits ratio for households and non-financial corporations,1.1108326732763838
202312,NO,FND_32,Loans and advances-to-deposits ratio for households and non-financial corporations,1.6459455618958325
202312,PL,FND_32,Loans and advances-to-deposits ratio for households and non-financial corporations,0.70527532025834
202312,PT,FND_32,Loans and advances-to-deposits ratio for households and non-financial corporations,0.7118400819258128
202312,RO,FND_32,Loans and advances-to-deposits ratio for households and non-financial corporations,0.6104426319240776
202312,SE,FND_32,Loans and advances-to-deposits ratio for households and non-financial corporations,1.761949026330311
202312,SI,FND_32,Loans and advances-to-deposits ratio for households and non-financial corporations,0.6585529649343039
202312,SK,FND_32,Loans and advances-to-deposits ratio for households and non-financial corporations,1.079470578649505
202312,AT,FND_33,Asset encumbrance ratio,0.17356097405563797
202312,BE,FND_33,Asset encumbrance ratio,0.13006278839101185
202312,BG,FND_33,Asset encumbrance ratio,0.027195586622284683
202312,CY,FND_33,Asset encumbrance ratio,0.11664976880886825
202312,CZ,FND_33,Asset encumbrance ratio,0.15279751278806927
202312,DE,FND_33,Asset encumbrance ratio,0.3186027123074435
202312,DK,FND_33,Asset encumbrance ratio,0.5112026504792245
202312,EE,FND_33,Asset encumbrance ratio,0.032034767041819366
202312,ES,FND_33,Asset encumbrance ratio,0.19715867101186074
202312,EU,FND_33,Asset encumbrance ratio,0.24724957800742148
202312,FI,FND_33,Asset encumbrance ratio,0.2946171905729349
202312,FR,FND_33,Asset encumbrance ratio,0.2702518879025247
202312,GR,FND_33,Asset encumbrance ratio,0.13663115737376874
202312,HR,FND_33,Asset encumbrance ratio,0.019184762073393088
202312,HU,FND_33,Asset encumbrance ratio,0.10119542003911317
202312,IE,FND_33,Asset encumbrance ratio,0.18485082196745886
202312,IS,FND_33,Asset encumbrance ratio,0.21416913514398808
202312,IT,FND_33,Asset encumbrance ratio,0.2438607641309864
202312,LI,FND_33,Asset encumbrance ratio,0.046738547482113056
202312,LT,FND_33,Asset encumbrance ratio,0.011971688558022905
202312,LU,FND_33,Asset encumbrance ratio,0.07798323613126239
202312,LV,FND_33,Asset encumbrance ratio,0.010803741839247826
202312,MT,FND_33,Asset encumbrance ratio,0.08075749352161438
202312,NL,FND_33,Asset encumbrance ratio,0.16073991308393867
202312,NO,FND_33,Asset encumbrance ratio,0.1677007837877835
202312,PL,FND_33,Asset encumbrance ratio,0.031559152758555774
202312,PT,FND_33,Asset encumbrance ratio,0.09319096924276866
202312,RO,FND_33,Asset encumbrance ratio,0.009369176101853682
202312,SE,FND_33,Asset encumbrance ratio,0.22967779791749454
202312,SI,FND_33,Asset encumbrance ratio,0.03421740578148244
202312,SK,FND_33,Asset encumbrance ratio,0.2081617634280973
202312,AT,LIQ_17,Liquidity coverage ratio,1.6604814771780685
202312,BE,LIQ_17,Liquidity coverage ratio,1.8506337197617557
202312,BG,LIQ_17,Liquidity coverage ratio,2.2840660739433294
202312,CY,LIQ_17,Liquidity coverage ratio,3.740040587286454
202312,CZ,LIQ_17,Liquidity coverage ratio,1.5411305224757428
202312,DE,LIQ_17,Liquidity coverage ratio,1.5734896492314252
202312,DK,LIQ_17,Liquidity coverage ratio,1.8707257222520801
202312,EE,LIQ_17,Liquidity coverage ratio,1.8206080681721288
202312,ES,LIQ_17,Liquidity coverage ratio,1.7833909658105052
202312,EU,LIQ_17,Liquidity coverage ratio,1.6824021969514356
202312,FI,LIQ_17,Liquidity coverage ratio,1.783177307431601
202312,FR,LIQ_17,Liquidity coverage ratio,1.5136480557949257
202312,GR,LIQ_17,Liquidity coverage ratio,2.177458387910544
202312,HR,LIQ_17,Liquidity coverage ratio,2.3141073630028197
202312,HU,LIQ_17,Liquidity coverage ratio,2.141868716485854
202312,IE,LIQ_17,Liquidity coverage ratio,1.7455420308863576
202312,IS,LIQ_17,Liquidity coverage ratio,1.8927500213591677
202312,IT,LIQ_17,Liquidity coverage ratio,1.8072843194282926
202312,LI,LIQ_17,Liquidity coverage ratio,2.200710902046882
202312,LT,LIQ_17,Liquidity coverage ratio,3.425662196535805
202312,LU,LIQ_17,Liquidity coverage ratio,1.5347349637367165
202312,LV,LIQ_17,Liquidity coverage ratio,1.8933773334139272
202312,MT,LIQ_17,Liquidity coverage ratio,3.9117320596680227
202312,NL,LIQ_17,Liquidity coverage ratio,1.577881585941859
202312,NO,LIQ_17,Liquidity coverage ratio,1.500613764348423
202312,PL,LIQ_17,Liquidity coverage ratio,2.3967900783918297
202312,PT,LIQ_17,Liquidity coverage ratio,2.433329757208082
202312,RO,LIQ_17,Liquidity coverage ratio,3.3330335511627833
202312,SE,LIQ_17,Liquidity coverage ratio,1.7760530919768047
202312,SI,LIQ_17,Liquidity coverage ratio,2.9011104794833
202312,SK,LIQ_17,Liquidity coverage ratio,1.9759906764303707
202312,AT,LIQ_20,Net Stable Funding Ratio,1.3882349188394552
202312,BE,LIQ_20,Net Stable Funding Ratio,1.2833677346506265
202312,BG,LIQ_20,Net Stable Funding Ratio,1.6200033999347534
202312,CY,LIQ_20,Net Stable Funding Ratio,1.8712964742220697
202312,CZ,LIQ_20,Net Stable Funding Ratio,1.544593074410992
202312,DE,LIQ_20,Net Stable Funding Ratio,1.256342639781864
202312,DK,LIQ_20,Net Stable Funding Ratio,1.2982301794641242
202312,EE,LIQ_20,Net Stable Funding Ratio,1.4425039631790186
202312,ES,LIQ_20,Net Stable Funding Ratio,1.312301132861303
202312,EU,LIQ_20,Net Stable Funding Ratio,1.2703507611947442
202312,FI,LIQ_20,Net Stable Funding Ratio,1.2144011973982636
202312,FR,LIQ_20,Net Stable Funding Ratio,1.158312604605084
202312,GR,LIQ_20,Net Stable Funding Ratio,1.3498649991349883
202312,HR,LIQ_20,Net Stable Funding Ratio,1.7361489950444033
202312,HU,LIQ_20,Net Stable Funding Ratio,1.4909071926211515
202312,IE,LIQ_20,Net Stable Funding Ratio,1.5879516883963285
202312,IS,LIQ_20,Net Stable Funding Ratio,1.2155645475772452
202312,IT,LIQ_20,Net Stable Funding Ratio,1.3144557306806355
202312,LI,LIQ_20,Net Stable Funding Ratio,1.7200949604821187
202312,LT,LIQ_20,Net Stable Funding Ratio,2.0468770725571246
202312,LU,LIQ_20,Net Stable Funding Ratio,1.231679899485741
202312,LV,LIQ_20,Net Stable Funding Ratio,1.351502048312637
202312,MT,LIQ_20,Net Stable Funding Ratio,1.7667972140704697
202312,NL,LIQ_20,Net Stable Funding Ratio,1.3450460763750107
202312,NO,LIQ_20,Net Stable Funding Ratio,1.192971338659832
202312,PL,LIQ_20,Net Stable Funding Ratio,1.5939152605706979
202312,PT,LIQ_20,Net Stable Funding Ratio,1.524915787760794
202312,RO,LIQ_20,Net Stable Funding Ratio,2.0464581917970555
202312,SE,LIQ_20,Net Stable Funding Ratio,1.2147612958909508
202312,SI,LIQ_20,Net Stable Funding Ratio,1.7795169357870204
202312,SK,LIQ_20,Net Stable Funding Ratio,1.3418627113593895
202312,AT,PFT_21,"Return on equity (numerator annualised, denominator as average)",0.13536216164158818
202312,BE,PFT_21,"Return on equity (numerator annualised, denominator as average)",0.1441728525121732
202312,BG,PFT_21,"Return on equity (numerator annualised, denominator as average)",0.2203944199051329
202312,CY,PFT_21,"Return on equity (numerator annualised, denominator as average)",0.2585872744828333
202312,CZ,PFT_21,"Return on equity (numerator annualised, denominator as average)",0.13090956269096152
202312,DE,PFT_21,"Return on equity (numerator annualised, denominator as average)",0.06495584763804887
202312,DK,PFT_21,"Return on equity (numerator annualised, denominator as average)",0.12210143144072215
202312,EE,PFT_21,"Return on equity (numerator annualised, denominator as average)",0.2008558536448254
202312,ES,PFT_21,"Return on equity (numerator annualised, denominator as average)",0.12689568686491337
202312,EU,PFT_21,"Return on equity (numerator annualised, denominator as average)",0.10440730343976985
202312,FI,PFT_21,"Return on equity (numerator annualised, denominator as average)",0.1373757746757296
202312,FR,PFT_21,"Return on equity (numerator annualised, denominator as average)",0.06252280067142818
202312,GR,PFT_21,"Return on equity (numerator annualised, denominator as average)",0.1287292229657354
202312,HR,PFT_21,"Return on equity (numerator annualised, denominator as average)",0.1768985824312462
202312,HU,PFT_21,"Return on equity (numerator annualised, denominator as average)",0.24329679990233696
202312,IE,PFT_21,"Return on equity (numerator annualised, denominator as average)",0.12706448167079729
202312,IS,PFT_21,"Return on equity (numerator annualised, denominator as average)",0.11846587416350407
202312,IT,PFT_21,"Return on equity (numerator annualised, denominator as average)",0.1412695703263393
202312,LI,PFT_21,"Return on equity (numerator annualised, denominator as average)",0.06570475912219825
202312,LT,PFT_21,"Return on equity (numerator annualised, denominator as average)",0.2309680859644563
202312,LU,PFT_21,"Return on equity (numerator annualised, denominator as average)",0.09105862028889843
202312,LV,PFT_21,"Return on equity (numerator annualised, denominator as average)",0.23210717040589887
202312,MT,PFT_21,"Return on equity (numerator annualised, denominator as average)",0.13457151336212558
202312,NL,PFT_21,"Return on equity (numerator annualised, denominator as average)",0.11437028184743228
202312,NO,PFT_21,"Return on equity (numerator annualised, denominator as average)",0.14354533093050395
202312,PL,PFT_21,"Return on equity (numerator annualised, denominator as average)",0.17799946081521995
202312,PT,PFT_21,"Return on equity (numerator annualised, denominator as average)",0.1689303051435249
202312,RO,PFT_21,"Return on equity (numerator annualised, denominator as average)",0.22151495600530186
202312,SE,PFT_21,"Return on equity (numerator annualised, denominator as average)",0.15895262963434895
202312,SI,PFT_21,"Return on equity (numerator annualised, denominator as average)",0.18693959560145315
202312,SK,PFT_21,"Return on equity (numerator annualised, denominator as average)",0.13792791450818034
202312,AT,PFT_23,Cost to income ratio,0.4742925064147955
202312,BE,PFT_23,Cost to income ratio,0.4672491947957061
202312,BG,PFT_23,Cost to income ratio,0.334148296950675
202312,CY,PFT_23,Cost to income ratio,0.3328751562953745
202312,CZ,PFT_23,Cost to income ratio,0.4760484469842972
202312,DE,PFT_23,Cost to income ratio,0.614926708503661
202312,DK,PFT_23,Cost to income ratio,0.45070797566808013
202312,EE,PFT_23,Cost to income ratio,0.35609189859972257
202312,ES,PFT_23,Cost to income ratio,0.43870309301779437
202312,EU,PFT_23,Cost to income ratio,0.5300036471662779
202312,FI,PFT_23,Cost to income ratio,0.4032142410001358
202312,FR,PFT_23,Cost to income ratio,0.6868877322211435
202312,GR,PFT_23,Cost to income ratio,0.33913824125177605
202312,HR,PFT_23,Cost to income ratio,0.3686752721753664
202312,HU,PFT_23,Cost to income ratio,0.4958624641321952
202312,IE,PFT_23,Cost to income ratio,0.44861034506481867
202312,IS,PFT_23,Cost to income ratio,0.3833884231180573
202312,IT,PFT_23,Cost to income ratio,0.5093517859215659
202312,LI,PFT_23,Cost to income ratio,0.770402574176084
202312,LT,PFT_23,Cost to income ratio,0.4000879575523368
202312,LU,PFT_23,Cost to income ratio,0.5694324752757668
202312,LV,PFT_23,Cost to income ratio,0.32648400593431104
202312,MT,PFT_23,Cost to income ratio,0.48935913386447616
202312,NL,PFT_23,Cost to income ratio,0.5144907341102091
202312,NO,PFT_23,Cost to income ratio,0.3548367070219995
202312,PL,PFT_23,Cost to income ratio,0.4155065201496554
202312,PT,PFT_23,Cost to income ratio,0.28406564231521153
202312,RO,PFT_23,Cost to income ratio,0.4311427682706833
202312,SE,PFT_23,Cost to income ratio,0.3681252966652842
202312,SI,PFT_23,Cost to income ratio,0.43377511069406605
202312,SK,PFT_23,Cost to income ratio,0.4228920871729047
202312,AT,PFT_24,Return on assets,0.011964396354646745
202312,BE,PFT_24,Return on assets,0.010790463560421366
202312,BG,PFT_24,Return on assets,0.026159380161745516
202312,CY,PFT_24,Return on assets,0.0195878822901078
202312,CZ,PFT_24,Return on assets,0.00986523556921282
202312,DE,PFT_24,Return on assets,0.0038979685615763123
202312,DK,PFT_24,Return on assets,0.006648461671466501
202312,EE,PFT_24,Return on assets,0.02356812029305805
202312,ES,PFT_24,Return on assets,0.007967591427128927
202312,EU,PFT_24,Return on assets,0.006932390977340046
202312,FI,PFT_24,Return on assets,0.009058897687110533
202312,FR,PFT_24,Return on assets,0.003933697834371454
202312,GR,PFT_24,Return on assets,0.01174724646655479
202312,HR,PFT_24,Return on assets,0.020338247175611883
202312,HU,PFT_24,Return on assets,0.024964884919594952
202312,IE,PFT_24,Return on assets,0.01329149255895388
202312,IS,PFT_24,Return on assets,0.016934788157368957
202312,IT,PFT_24,Return on assets,0.010904103282989026
202312,LI,PFT_24,Return on assets,0.006219922793388327
202312,LT,PFT_24,Return on assets,0.015614245823865619
202312,LU,PFT_24,Return on assets,0.008139874728011812
202312,LV,PFT_24,Return on assets,0.024757216355408892
202312,MT,PFT_24,Return on assets,0.010058629656902629
202312,NL,PFT_24,Return on assets,0.007162041896443937
202312,NO,PFT_24,Return on assets,0.012436702420044517
202312,PL,PFT_24,Return on assets,0.017217650517199305
202312,PT,PFT_24,Return on assets,0.013967411787735608
202312,RO,PFT_24,Return on assets,0.02058437983954284
202312,SE,PFT_24,Return on assets,0.009803739025468163
202312,SI,PFT_24,Return on assets,0.02114587985608345
202312,SK,PFT_24,Return on assets,0.011464980565908426
202312,AT,PFT_25,Net interest income to total net operating income,0.6793061308338465
202312,BE,PFT_25,Net interest income to total net operating income,0.7135914179954984
202312,BG,PFT_25,Net interest income to total net operating income,0.6937462030854977
202312,CY,PFT_25,Net interest income to total net operating income,0.7443636177372533
202312,CZ,PFT_25,Net interest income to total net operating income,0.7084849317721242
202312,DE,PFT_25,Net interest income to total net operating income,0.5757661941736747
202312,DK,PFT_25,Net interest income to total net operating income,0.5982053129152048
202312,EE,PFT_25,Net interest income to total net operating income,0.8255870412620432
202312,ES,PFT_25,Net interest income to total net operating income,0.7559710929502157
202312,EU,PFT_25,Net interest income to total net operating income,0.6253281669786515
202312,FI,PFT_25,Net interest income to total net operating income,0.6984405889443253
202312,FR,PFT_25,Net interest income to total net operating income,0.44153454038563184
202312,GR,PFT_25,Net interest income to total net operating income,0.7834139006308438
202312,HR,PFT_25,Net interest income to total net operating income,0.7095263261735149
202312,HU,PFT_25,Net interest income to total net operating income,0.6594263965186212
202312,IE,PFT_25,Net interest income to total net operating income,0.7040618783278139
202312,IS,PFT_25,Net interest income to total net operating income,0.7361523623137487
202312,IT,PFT_25,Net interest income to total net operating income,0.607374475195982
202312,LI,PFT_25,Net interest income to total net operating income,0.23726144267455826
202312,LT,PFT_25,Net interest income to total net operating income,0.9206313397645507
202312,LU,PFT_25,Net interest income to total net operating income,0.6088184255406469
202312,LV,PFT_25,Net interest income to total net operating income,0.8070530111835482
202312,MT,PFT_25,Net interest income to total net operating income,0.8386205967532578
202312,NL,PFT_25,Net interest income to total net operating income,0.715183182317636
202312,NO,PFT_25,Net interest income to total net operating income,0.7621842522449586
202312,PL,PFT_25,Net interest income to total net operating income,0.9057989893703543
202312,PT,PFT_25,Net interest income to total net operating income,0.7391240064729556
202312,RO,PFT_25,Net interest income to total net operating income,0.6806017645216783
202312,SE,PFT_25,Net interest income to total net operating income,0.739642503309574
202312,SI,PFT_25,Net interest income to total net operating income,0.7605114002922718
202312,SK,PFT_25,Net interest income to total net operating income,0.7000894044393325
202312,AT,PFT_26,Net fee and comission income to total net operating income,0.28923587634459536
202312,BE,PFT_26,Net fee and comission income to total net operating income,0.23325875257934706
202312,BG,PFT_26,Net fee and comission income to total net operating income,0.23105606004897708
202312,CY,PFT_26,Net fee and comission income to total net operating income,0.14905544891202924
202312,CZ,PFT_26,Net fee and comission income to total net operating income,0.22569369606421233
202312,DE,PFT_26,Net fee and comission income to total net operating income,0.2980319873677467
202312,DK,PFT_26,Net fee and comission income to total net operating income,0.1583721871759237
202312,EE,PFT_26,Net fee and comission income to total net operating income,0.1322893051740154
202312,ES,PFT_26,Net fee and comission income to total net operating income,0.22792106419532304
202312,EU,PFT_26,Net fee and comission income to total net operating income,0.27427964279717826
202312,FI,PFT_26,Net fee and comission income to total net operating income,0.21858384793711308
202312,FR,PFT_26,Net fee and comission income to total net operating income,0.3662495943922961
202312,GR,PFT_26,Net fee and comission income to total net operating income,0.16245081441487552
202312,HR,PFT_26,Net fee and comission income to total net operating income,0.21993425766149788
202312,HU,PFT_26,Net fee and comission income to total net operating income,0.2847866538461986
202312,IE,PFT_26,Net fee and comission income to total net operating income,0.173424844900944
202312,IS,PFT_26,Net fee and comission income to total net operating income,0.20386001893787903
202312,IT,PFT_26,Net fee and comission income to total net operating income,0.3124400174251327
202312,LI,PFT_26,Net fee and comission income to total net operating income,0.5442861156010085
202312,LT,PFT_26,Net fee and comission income to total net operating income,0.5573389582731001
202312,LU,PFT_26,Net fee and comission income to total net operating income,0.27017985433238473
202312,LV,PFT_26,Net fee and comission income to total net operating income,0.15522429815247524
202312,MT,PFT_26,Net fee and comission income to total net operating income,0.13613636871734908
202312,NL,PFT_26,Net fee and comission income to total net operating income,0.15453613208537836
202312,NO,PFT_26,Net fee and comission income to total net operating income,0.14126990468074568
202312,PL,PFT_26,Net fee and comission income to total net operating income,0.2172410361941719
202312,PT,PFT_26,Net fee and comission income to total net operating income,0.18637508567090202
202312,RO,PFT_26,Net fee and comission income to total net operating income,0.17888510325363044
202312,SE,PFT_26,Net fee and comission income to total net operating income,0.19119015217044014
202312,SI,PFT_26,Net fee and comission income to total net operating income,0.2253257070152465
202312,SK,PFT_26,Net fee and comission income to total net operating income,0.26691137881324173
202312,AT,PFT_29,Net trading income to total net operating income,-0.02093233793621445
202312,BE,PFT_29,Net trading income to total net operating income,0.01331540739667558
202312,BG,PFT_29,Net trading income to total net operating income,-0.006857487738381812
202312,CY,PFT_29,Net trading income to total net operating income,0.004846619360636206
202312,CZ,PFT_29,Net trading income to total net operating income,0.007117154649985955
202312,DE,PFT_29,Net trading income to total net operating income,0.08558455097877467
202312,DK,PFT_29,Net trading income to total net operating income,0.17010509497857149
202312,EE,PFT_29,Net trading income to total net operating income,0.022707904825836095
202312,ES,PFT_29,Net trading income to total net operating income,0.037437589975739684
202312,EU,PFT_29,Net trading income to total net operating income,0.06399351428919443
202312,FI,PFT_29,Net trading income to total net operating income,0.10365856500446768
202312,FR,PFT_29,Net trading income to total net operating income,0.11114980019217555
202312,GR,PFT_29,Net trading income to total net operating income,0.00779534884918735
202312,HR,PFT_29,Net trading income to total net operating income,0.02814872577230973
202312,HU,PFT_29,Net trading income to total net operating income,0.011036955632107995
202312,IE,PFT_29,Net trading income to total net operating income,0.05139741428117113
202312,IS,PFT_29,Net trading income to total net operating income,0.034584925372121406
202312,IT,PFT_29,Net trading income to total net operating income,0.024415048149604403
202312,LI,PFT_29,Net trading income to total net operating income,0.13750990291228973
202312,LT,PFT_29,Net trading income to total net operating income,0.048658443721418886
202312,LU,PFT_29,Net trading income to total net operating income,-0.013369352105955504
202312,LV,PFT_29,Net trading income to total net operating income,0.0234811765818872
202312,MT,PFT_29,Net trading income to total net operating income,0.014383532422470336
202312,NL,PFT_29,Net trading income to total net operating income,0.08050154351936717
202312,NO,PFT_29,Net trading income to total net operating income,0.05794727726452127
202312,PL,PFT_29,Net trading income to total net operating income,-0.002373509195654428
202312,PT,PFT_29,Net trading income to total net operating income,0.004973853541770221
202312,RO,PFT_29,Net trading income to total net operating income,0.040368849505105525
202312,SE,PFT_29,Net trading income to total net operating income,0.054663885146669075
202312,SI,PFT_29,Net trading income to total net operating income,0.023113184102036406
202312,SK,PFT_29,Net trading income to total net operating income,0.018589231433091626
202312,AT,PFT_41,Net interest margin,0.023445943407591343
202312,BE,PFT_41,Net interest margin,0.01822438194167293
202312,BG,PFT_41,Net interest margin,0.03267855334958851
202312,CY,PFT_41,Net interest margin,0.03149498483992082
202312,CZ,PFT_41,Net interest margin,0.018553807632083252
202312,DE,PFT_41,Net interest margin,0.012355098180842334
202312,DK,PFT_41,Net interest margin,0.01071516444276024
202312,EE,PFT_41,Net interest margin,0.03816081467640073
202312,ES,PFT_41,Net interest margin,0.026600943352332786
202312,EU,PFT_41,Net interest margin,0.01662038356569842
202312,FI,PFT_41,Net interest margin,0.016197117208997868
202312,FR,PFT_41,Net interest margin,0.009274432546474351
202312,GR,PFT_41,Net interest margin,0.031203246290316646
202312,HR,PFT_41,Net interest margin,0.029469214555363263
202312,HU,PFT_41,Net interest margin,0.04418221946707748
202312,IE,PFT_41,Net interest margin,0.02654040715304692
202312,IS,PFT_41,Net interest margin,0.0317062945019929
202312,IT,PFT_41,Net interest margin,0.021240783805974307
202312,LI,PFT_41,Net interest margin,0.009847580172006369
202312,LT,PFT_41,Net interest margin,0.03502660891732408
202312,LU,PFT_41,Net interest margin,0.016018458150417275
202312,LV,PFT_41,Net interest margin,0.037656122131321926
202312,MT,PFT_41,Net interest margin,0.024884901359347195
202312,NL,PFT_41,Net interest margin,0.017211692820746676
202312,NO,PFT_41,Net interest margin,0.02201394645359076
202312,PL,PFT_41,Net interest margin,0.04593347495970875
202312,PT,PFT_41,Net interest margin,0.03052179468277067
202312,RO,PFT_41,Net interest margin,0.03506048164536272
202312,SE,PFT_41,Net interest margin,0.01617491423532116
202312,SI,PFT_41,Net interest margin,0.03320745672666401
202312,SK,PFT_41,Net interest margin,0.020827886388336304
202312,AT,PFT_43,Cost of risk,0.00476764512030578
202312,BE,PFT_43,Cost of risk,0.0012362955278936735
202312,BG,PFT_43,Cost of risk,0.0060733015397756
202312,CY,PFT_43,Cost of risk,0.003747820718061934
202312,CZ,PFT_43,Cost of risk,0.0013878757897970214
202312,DE,PFT_43,Cost of risk,0.00378856484403095
202312,DK,PFT_43,Cost of risk,0.004192380893280716
202312,EE,PFT_43,Cost of risk,0.0013415724665598555
202312,ES,PFT_43,Cost of risk,0.011156621504653548
202312,EU,PFT_43,Cost of risk,0.00483016575165967
202312,FI,PFT_43,Cost of risk,0.0019754030648220142
202312,FR,PFT_43,Cost of risk,0.004673177181619964
202312,GR,PFT_43,Cost of risk,0.00885994226565271
202312,HR,PFT_43,Cost of risk,0.0015727028206351287
202312,HU,PFT_43,Cost of risk,0.011296780745606567
202312,IE,PFT_43,Cost of risk,0.005728491128239205
202312,IS,PFT_43,Cost of risk,0.004416158159971007
202312,IT,PFT_43,Cost of risk,0.003798109256129593
202312,LI,PFT_43,Cost of risk,6.569691845361229e-05
202312,LT,PFT_43,Cost of risk,0.0034055210910091927
202312,LU,PFT_43,Cost of risk,0.0025529011271897906
202312,LV,PFT_43,Cost of risk,0.0011576765284712317
202312,MT,PFT_43,Cost of risk,0.0031401073248949144
202312,NL,PFT_43,Cost of risk,0.001292897894035847
202312,NO,PFT_43,Cost of risk,0.00143529353019084
202312,PL,PFT_43,Cost of risk,0.007450956485330497
202312,PT,PFT_43,Cost of risk,0.006402652658440672
202312,RO,PFT_43,Cost of risk,0.012245325163532555
202312,SE,PFT_43,Cost of risk,0.0008717031431214608
202312,SI,PFT_43,Cost of risk,0.005583797935381872
202312,SK,PFT_43,Cost of risk,0.003934165632142138
202312,AT,SVC_1,Tier 1 capital ratio,0.18100329738223556
202312,BE,SVC_1,Tier 1 capital ratio,0.1927099738213139
202312,BG,SVC_1,Tier 1 capital ratio,0.20705684959698933
202312,CY,SVC_1,Tier 1 capital ratio,0.2318182988672909
202312,CZ,SVC_1,Tier 1 capital ratio,0.1839575801451841
202312,DE,SVC_1,Tier 1 capital ratio,0.18174628650121963
202312,DK,SVC_1,Tier 1 capital ratio,0.20427166835573424
202312,EE,SVC_1,Tier 1 capital ratio,0.21970691990799338
202312,ES,SVC_1,Tier 1 capital ratio,0.14258507329298542
202312,EU,SVC_1,Tier 1 capital ratio,0.1749280221557379
202312,FI,SVC_1,Tier 1 capital ratio,0.19887750158935522
202312,FR,SVC_1,Tier 1 capital ratio,0.17253194528111052
202312,GR,SVC_1,Tier 1 capital ratio,0.16193910935965738
202312,HR,SVC_1,Tier 1 capital ratio,0.22237600368779104
202312,HU,SVC_1,Tier 1 capital ratio,0.1716983815435118
202312,IE,SVC_1,Tier 1 capital ratio,0.20926061118789036
202312,IS,SVC_1,Tier 1 capital ratio,0.21916015660961527
202312,IT,SVC_1,Tier 1 capital ratio,0.17423578896344666
202312,LI,SVC_1,Tier 1 capital ratio,0.20207118118148523
202312,LT,SVC_1,Tier 1 capital ratio,0.1869238838738013
202312,LU,SVC_1,Tier 1 capital ratio,0.2204207727793543
202312,LV,SVC_1,Tier 1 capital ratio,0.23947763300606198
202312,MT,SVC_1,Tier 1 capital ratio,0.21227910131652467
202312,NL,SVC_1,Tier 1 capital ratio,0.17975300774135233
202312,NO,SVC_1,Tier 1 capital ratio,0.20051123337949386
202312,PL,SVC_1,Tier 1 capital ratio,0.17168003823522024
202312,PT,SVC_1,Tier 1 capital ratio,0.17785986433093157
202312,RO,SVC_1,Tier 1 capital ratio,0.1927454950404636
202312,SE,SVC_1,Tier 1 capital ratio,0.20575453316282855
202312,SI,SVC_1,Tier 1 capital ratio,0.1742126769415854
202312,SK,SVC_1,Tier 1 capital ratio,0.1808570007780579
202312,AT,SVC_13,Leverage ratio,0.07332453486817163
202312,BE,SVC_13,Leverage ratio,0.06421529182355316
202312,BG,SVC_13,Leverage ratio,0.09289315617223101
202312,CY,SVC_13,Leverage ratio,0.079051499477886
202312,CZ,SVC_13,Leverage ratio,0.05595829298578194
202312,DE,SVC_13,Leverage ratio,0.0569118887915479
202312,DK,SVC_13,Leverage ratio,0.05110665615386621
202312,EE,SVC_13,Leverage ratio,0.09305280419046198
202312,ES,SVC_13,Leverage ratio,0.05413873419005267
202312,EU,SVC_13,Leverage ratio,0.0586640160450975
202312,FI,SVC_13,Leverage ratio,0.06113988315218133
202312,FR,SVC_13,Leverage ratio,0.054397089039690455
202312,GR,SVC_13,Leverage ratio,0.07699090291962221
202312,HR,SVC_13,Leverage ratio,0.09290762619085677
202312,HU,SVC_13,Leverage ratio,0.09202251167964001
202312,IE,SVC_13,Leverage ratio,0.08660772758158754
202312,IS,SVC_13,Leverage ratio,0.13193485419479578
202312,IT,SVC_13,Leverage ratio,0.06059255425499095
202312,LI,SVC_13,Leverage ratio,0.07526225599374073
202312,LT,SVC_13,Leverage ratio,0.059959461543328985
202312,LU,SVC_13,Leverage ratio,0.07095197002796381
202312,LV,SVC_13,Leverage ratio,0.09870394381022451
202312,MT,SVC_13,Leverage ratio,0.06707858738647887
202312,NL,SVC_13,Leverage ratio,0.059600605553089964
202312,NO,SVC_13,Leverage ratio,0.06829681506602514
202312,PL,SVC_13,Leverage ratio,0.07878993779869631
202312,PT,SVC_13,Leverage ratio,0.0689555364393965
202312,RO,SVC_13,Leverage ratio,0.07923369833096816
202312,SE,SVC_13,Leverage ratio,0.05620687590552934
202312,SI,SVC_13,Leverage ratio,0.09624403066417342
202312,SK,SVC_13,Leverage ratio,0.06969618443051426
202312,AT,SVC_2,Total capital ratio,0.20488679626116013
202312,BE,SVC_2,Total capital ratio,0.20749508862785188
202312,BG,SVC_2,Total capital ratio,0.2212672274979132
202312,CY,SVC_2,Total capital ratio,0.2584426302219017
202312,CZ,SVC_2,Total capital ratio,0.19308756519588957
202312,DE,SVC_2,Total capital ratio,0.2172928610077061
202312,DK,SVC_2,Total capital ratio,0.22954668785364227
202312,EE,SVC_2,Total capital ratio,0.22316325874097231
202312,ES,SVC_2,Total capital ratio,0.16717953264819174
202312,EU,SVC_2,Total capital ratio,0.2005856000903719
202312,FI,SVC_2,Total capital ratio,0.22439759964999
202312,FR,SVC_2,Total capital ratio,0.19592626852556025
202312,GR,SVC_2,Total capital ratio,0.18844776835253285
202312,HR,SVC_2,Total capital ratio,0.22352473688759536
202312,HU,SVC_2,Total capital ratio,0.19214312686103202
202312,IE,SVC_2,Total capital ratio,0.23148768450876375
202312,IS,SVC_2,Total capital ratio,0.2428821474702641
202312,IT,SVC_2,Total capital ratio,0.20071434567568755
202312,LI,SVC_2,Total capital ratio,0.20207118118148523
202312,LT,SVC_2,Total capital ratio,0.20053337191517812
202312,LU,SVC_2,Total capital ratio,0.23025540342797346
202312,LV,SVC_2,Total capital ratio,0.24902627971919164
202312,MT,SVC_2,Total capital ratio,0.24452919476214613
202312,NL,SVC_2,Total capital ratio,0.2072965155243337
202312,NO,SVC_2,Total capital ratio,0.22440163764094523
202312,PL,SVC_2,Total capital ratio,0.1838998768837868
202312,PT,SVC_2,Total capital ratio,0.19678245719961984
202312,RO,SVC_2,Total capital ratio,0.22271274732599508
202312,SE,SVC_2,Total capital ratio,0.22880742652648955
202312,SI,SVC_2,Total capital ratio,0.19916530139573715
202312,SK,SVC_2,Total capital ratio,0.1976732487743048
202312,AT,SVC_3,CET 1 capital ratio,0.16524163843980322
202312,BE,SVC_3,CET 1 capital ratio,0.18376954684779673
202312,BG,SVC_3,CET 1 capital ratio,0.20469295789581252
202312,CY,SVC_3,CET 1 capital ratio,0.21316592467770287
202312,CZ,SVC_3,CET 1 capital ratio,0.1786354422981366
202312,DE,SVC_3,CET 1 capital ratio,0.1679909662117275
202312,DK,SVC_3,CET 1 capital ratio,0.18966734798873425
202312,EE,SVC_3,CET 1 capital ratio,0.21699122511065277
202312,ES,SVC_3,CET 1 capital ratio,0.12665090431693998
202312,EU,SVC_3,CET 1 capital ratio,0.16134002472459533
202312,FI,SVC_3,CET 1 capital ratio,0.1839045201556528
202312,FR,SVC_3,CET 1 capital ratio,0.16103201438139894
202312,GR,SVC_3,CET 1 capital ratio,0.15508705885943364
202312,HR,SVC_3,CET 1 capital ratio,0.22237600368779104
202312,HU,SVC_3,CET 1 capital ratio,0.17169838154348008
202312,IE,SVC_3,CET 1 capital ratio,0.1986450344247867
202312,IS,SVC_3,CET 1 capital ratio,0.21178636302007095
202312,IT,SVC_3,CET 1 capital ratio,0.15895145454632323
202312,LI,SVC_3,CET 1 capital ratio,0.20207118118148523
202312,LT,SVC_3,CET 1 capital ratio,0.1869238838738013
202312,LU,SVC_3,CET 1 capital ratio,0.21679380758883773
202312,LV,SVC_3,CET 1 capital ratio,0.23947763300606198
202312,MT,SVC_3,CET 1 capital ratio,0.21227910131652467
202312,NL,SVC_3,CET 1 capital ratio,0.15906717384514388
202312,NO,SVC_3,CET 1 capital ratio,0.18170564237373033
202312,PL,SVC_3,CET 1 capital ratio,0.17168003823522024
202312,PT,SVC_3,CET 1 capital ratio,0.16964421851330752
202312,RO,SVC_3,CET 1 capital ratio,0.18806647462940673
202312,SE,SVC_3,CET 1 capital ratio,0.1885398564141533
202312,SI,SVC_3,CET 1 capital ratio,0.17118595566706402
202312,SK,SVC_3,CET 1 capital ratio,0.16118672551268645
202403,AT,AQT_3.1,Non-performing debt instruments (loans and advances & debt securities) other than held for trading to total gross debt instruments (NPE ratio),0.018267479032258716
202403,BE,AQT_3.1,Non-performing debt instruments (loans and advances & debt securities) other than held for trading to total gross debt instruments (NPE ratio),0.010917941002973107
202403,BG,AQT_3.1,Non-performing debt instruments (loans and advances & debt securities) other than held for trading to total gross debt instruments (NPE ratio),0.016716706669199794
202403,CY,AQT_3.1,Non-performing debt instruments (loans and advances & debt securities) other than held for trading to total gross debt instruments (NPE ratio),0.01987266623275597
202403,CZ,AQT_3.1,Non-performing debt instruments (loans and advances & debt securities) other than held for trading to total gross debt instruments (NPE ratio),0.00930741636749999
202403,DE,AQT_3.1,Non-performing debt instruments (loans and advances & debt securities) other than held for trading to total gross debt instruments (NPE ratio),0.011894219466108443
202403,DK,AQT_3.1,Non-performing debt instruments (loans and advances & debt securities) other than held for trading to total gross debt instruments (NPE ratio),0.011515724059467892
202403,EE,AQT_3.1,Non-performing debt instruments (loans and advances & debt securities) other than held for trading to total gross debt instruments (NPE ratio),0.006971885458548273
202403,ES,AQT_3.1,Non-performing debt instruments (loans and advances & debt securities) other than held for trading to total gross debt instruments (NPE ratio),0.02474617250073573
202403,EU,AQT_3.1,Non-performing debt instruments (loans and advances & debt securities) other than held for trading to total gross debt instruments (NPE ratio),0.016346211999415293
202403,FI,AQT_3.1,Non-performing debt instruments (loans and advances & debt securities) other than held for trading to total gross debt instruments (NPE ratio),0.010336054276377548
202403,FR,AQT_3.1,Non-performing debt instruments (loans and advances & debt securities) other than held for trading to total gross debt instruments (NPE ratio),0.018294734044639115
202403,GR,AQT_3.1,Non-performing debt instruments (loans and advances & debt securities) other than held for trading to total gross debt instruments (NPE ratio),0.028918141004248762
202403,HR,AQT_3.1,Non-performing debt instruments (loans and advances & debt securities) other than held for trading to total gross debt instruments (NPE ratio),0.015581828122094021
202403,HU,AQT_3.1,Non-performing debt instruments (loans and advances & debt securities) other than held for trading to total gross debt instruments (NPE ratio),0.023023787167531676
202403,IE,AQT_3.1,Non-performing debt instruments (loans and advances & debt securities) other than held for trading to total gross debt instruments (NPE ratio),0.013795670724635348
202403,IS,AQT_3.1,Non-performing debt instruments (loans and advances & debt securities) other than held for trading to total gross debt instruments (NPE ratio),0.013886079225573182
202403,IT,AQT_3.1,Non-performing debt instruments (loans and advances & debt securities) other than held for trading to total gross debt instruments (NPE ratio),0.018554282238758893
202403,LI,AQT_3.1,Non-performing debt instruments (loans and advances & debt securities) other than held for trading to total gross debt instruments (NPE ratio),0.003553048689899196
202403,LT,AQT_3.1,Non-performing debt instruments (loans and advances & debt securities) other than held for trading to total gross debt instruments (NPE ratio),0.005006730000349986
202403,LU,AQT_3.1,Non-performing debt instruments (loans and advances & debt securities) other than held for trading to total gross debt instruments (NPE ratio),0.013060971103791048
202403,LV,AQT_3.1,Non-performing debt instruments (loans and advances & debt securities) other than held for trading to total gross debt instruments (NPE ratio),0.0038223982388422926
202403,MT,AQT_3.1,Non-performing debt instruments (loans and advances & debt securities) other than held for trading to total gross debt instruments (NPE ratio),0.014596639738728726
202403,NL,AQT_3.1,Non-performing debt instruments (loans and advances & debt securities) other than held for trading to total gross debt instruments (NPE ratio),0.012411202359341155
202403,NO,AQT_3.1,Non-performing debt instruments (loans and advances & debt securities) other than held for trading to total gross debt instruments (NPE ratio),0.007582963134862294
202403,PL,AQT_3.1,Non-performing debt instruments (loans and advances & debt securities) other than held for trading to total gross debt instruments (NPE ratio),0.026688340741712856
202403,PT,AQT_3.1,Non-performing debt instruments (loans and advances & debt securities) other than held for trading to total gross debt instruments (NPE ratio),0.02006136793465035
202403,RO,AQT_3.1,Non-performing debt instruments (loans and advances & debt securities) other than held for trading to total gross debt instruments (NPE ratio),0.018794825928367564
202403,SE,AQT_3.1,Non-performing debt instruments (loans and advances & debt securities) other than held for trading to total gross debt instruments (NPE ratio),0.002906731884111399
202403,SI,AQT_3.1,Non-performing debt instruments (loans and advances & debt securities) other than held for trading to total gross debt instruments (NPE ratio),0.014338864189493136
202403,SK,AQT_3.1,Non-performing debt instruments (loans and advances & debt securities) other than held for trading to total gross debt instruments (NPE ratio),0.014956106401382622
202403,AT,AQT_3.2,"Share of non‐performing loans and advances
(NPL ratio)",0.02172713539959687
202403,BE,AQT_3.2,"Share of non‐performing loans and advances
(NPL ratio)",0.01221321611667193
202403,BG,AQT_3.2,"Share of non‐performing loans and advances
(NPL ratio)",0.019444367200469628
202403,CY,AQT_3.2,"Share of non‐performing loans and advances
(NPL ratio)",0.02530458722735502
202403,CZ,AQT_3.2,"Share of non‐performing loans and advances
(NPL ratio)",0.011186281887640235
202403,DE,AQT_3.2,"Share of non‐performing loans and advances
(NPL ratio)",0.013205164837466359
202403,DK,AQT_3.2,"Share of non‐performing loans and advances
(NPL ratio)",0.01266275235645297
202403,EE,AQT_3.2,"Share of non‐performing loans and advances
(NPL ratio)",0.007307217226203281
202403,ES,AQT_3.2,"Share of non‐performing loans and advances
(NPL ratio)",0.028578248826048022
202403,EU,AQT_3.2,"Share of non‐performing loans and advances
(NPL ratio)",0.018573422935803247
202403,FI,AQT_3.2,"Share of non‐performing loans and advances
(NPL ratio)",0.011726016837551928
202403,FR,AQT_3.2,"Share of non‐performing loans and advances
(NPL ratio)",0.019963270996952293
202403,GR,AQT_3.2,"Share of non‐performing loans and advances
(NPL ratio)",0.037814979918625494
202403,HR,AQT_3.2,"Share of non‐performing loans and advances
(NPL ratio)",0.01826786464553288
202403,HU,AQT_3.2,"Share of non‐performing loans and advances
(NPL ratio)",0.02800951324586727
202403,IE,AQT_3.2,"Share of non‐performing loans and advances
(NPL ratio)",0.01585661608335357
202403,IS,AQT_3.2,"Share of non‐performing loans and advances
(NPL ratio)",0.015022794573252014
202403,IT,AQT_3.2,"Share of non‐performing loans and advances
(NPL ratio)",0.024353280951803898
202403,LI,AQT_3.2,"Share of non‐performing loans and advances
(NPL ratio)",0.00431583102228979
202403,LT,AQT_3.2,"Share of non‐performing loans and advances
(NPL ratio)",0.005744386670471744
202403,LU,AQT_3.2,"Share of non‐performing loans and advances
(NPL ratio)",0.015332474141162589
202403,LV,AQT_3.2,"Share of non‐performing loans and advances
(NPL ratio)",0.0040402327699879245
202403,MT,AQT_3.2,"Share of non‐performing loans and advances
(NPL ratio)",0.022038928242320982
202403,NL,AQT_3.2,"Share of non‐performing loans and advances
(NPL ratio)",0.013599150674394682
202403,NO,AQT_3.2,"Share of non‐performing loans and advances
(NPL ratio)",0.008430264830105463
202403,PL,AQT_3.2,"Share of non‐performing loans and advances
(NPL ratio)",0.04149429264962495
202403,PT,AQT_3.2,"Share of non‐performing loans and advances
(NPL ratio)",0.0247731096143549
202403,RO,AQT_3.2,"Share of non‐performing loans and advances
(NPL ratio)",0.027042815247169057
202403,SE,AQT_3.2,"Share of non‐performing loans and advances
(NPL ratio)",0.0031763034660477704
202403,SI,AQT_3.2,"Share of non‐performing loans and advances
(NPL ratio)",0.018521993958311132
202403,SK,AQT_3.2,"Share of non‐performing loans and advances
(NPL ratio)",0.01758866105652736
202403,AT,AQT_41.2,Coverage ratio of non-performing loans and advances,0.4167736164924596
202403,BE,AQT_41.2,Coverage ratio of non-performing loans and advances,0.46297728582165126
202403,BG,AQT_41.2,Coverage ratio of non-performing loans and advances,0.6269030598144693
202403,CY,AQT_41.2,Coverage ratio of non-performing loans and advances,0.358943185396878
202403,CZ,AQT_41.2,Coverage ratio of non-performing loans and advances,0.49800082038556415
202403,DE,AQT_41.2,Coverage ratio of non-performing loans and advances,0.32018511848959286
202403,DK,AQT_41.2,Coverage ratio of non-performing loans and advances,0.2272366915305305
202403,EE,AQT_41.2,Coverage ratio of non-performing loans and advances,0.29434237608752317
202403,ES,AQT_41.2,Coverage ratio of non-performing loans and advances,0.43053052688514626
202403,EU,AQT_41.2,Coverage ratio of non-performing loans and advances,0.4163512989021662
202403,FI,AQT_41.2,Coverage ratio of non-performing loans and advances,0.26857941046605927
202403,FR,AQT_41.2,Coverage ratio of non-performing loans and advances,0.4448161182593522
202403,GR,AQT_41.2,Coverage ratio of non-performing loans and advances,0.3734377923377748
202403,HR,AQT_41.2,Coverage ratio of non-performing loans and advances,0.7097056439989013
202403,HU,AQT_41.2,Coverage ratio of non-performing loans and advances,0.5965039755078735
202403,IE,AQT_41.2,Coverage ratio of non-performing loans and advances,0.30958079087647117
202403,IS,AQT_41.2,Coverage ratio of non-performing loans and advances,0.22171642400988514
202403,IT,AQT_41.2,Coverage ratio of non-performing loans and advances,0.5335971007301079
202403,LI,AQT_41.2,Coverage ratio of non-performing loans and advances,0.34157846472178804
202403,LT,AQT_41.2,Coverage ratio of non-performing loans and advances,0.4045657961819521
202403,LU,AQT_41.2,Coverage ratio of non-performing loans and advances,0.3420332889932664
202403,LV,AQT_41.2,Coverage ratio of non-performing loans and advances,0.4009165506022114
202403,MT,AQT_41.2,Coverage ratio of non-performing loans and advances,0.2922727150828718
202403,NL,AQT_41.2,Coverage ratio of non-performing loans and advances,0.26301886673914604
202403,NO,AQT_41.2,Coverage ratio of non-performing loans and advances,0.2519580770172241
202403,PL,AQT_41.2,Coverage ratio of non-performing loans and advances,0.6134759330144782
202403,PT,AQT_41.2,Coverage ratio of non-performing loans and advances,0.5813099968747292
202403,RO,AQT_41.2,Coverage ratio of non-performing loans and advances,0.6599263437239093
202403,SE,AQT_41.2,Coverage ratio of non-performing loans and advances,0.2818127726229335
202403,SI,AQT_41.2,Coverage ratio of non-performing loans and advances,0.5390033561145973
202403,SK,AQT_41.2,Coverage ratio of non-performing loans and advances,0.5508231797405658
202403,AT,AQT_42.2,Forbearance ratio - Loans and advances (gross amount) (FBL),0.017197915579005695
202403,BE,AQT_42.2,Forbearance ratio - Loans and advances (gross amount) (FBL),0.008025002723635235
202403,BG,AQT_42.2,Forbearance ratio - Loans and advances (gross amount) (FBL),0.014613960313410305
202403,CY,AQT_42.2,Forbearance ratio - Loans and advances (gross amount) (FBL),0.026187895409033542
202403,CZ,AQT_42.2,Forbearance ratio - Loans and advances (gross amount) (FBL),0.004190028114214178
202403,DE,AQT_42.2,Forbearance ratio - Loans and advances (gross amount) (FBL),0.013935262438225873
202403,DK,AQT_42.2,Forbearance ratio - Loans and advances (gross amount) (FBL),0.005810860323542288
202403,EE,AQT_42.2,Forbearance ratio - Loans and advances (gross amount) (FBL),0.015511760183877782
202403,ES,AQT_42.2,Forbearance ratio - Loans and advances (gross amount) (FBL),0.023122095013219223
202403,EU,AQT_42.2,Forbearance ratio - Loans and advances (gross amount) (FBL),0.014127158732332628
202403,FI,AQT_42.2,Forbearance ratio - Loans and advances (gross amount) (FBL),0.015410769004389663
202403,FR,AQT_42.2,Forbearance ratio - Loans and advances (gross amount) (FBL),0.009780583496236755
202403,GR,AQT_42.2,Forbearance ratio - Loans and advances (gross amount) (FBL),0.04266544648968614
202403,HR,AQT_42.2,Forbearance ratio - Loans and advances (gross amount) (FBL),0.019284658336057015
202403,HU,AQT_42.2,Forbearance ratio - Loans and advances (gross amount) (FBL),0.022004824529362064
202403,IE,AQT_42.2,Forbearance ratio - Loans and advances (gross amount) (FBL),0.017807767194265096
202403,IS,AQT_42.2,Forbearance ratio - Loans and advances (gross amount) (FBL),0.02184893911553298
202403,IT,AQT_42.2,Forbearance ratio - Loans and advances (gross amount) (FBL),0.018895011306763645
202403,LI,AQT_42.2,Forbearance ratio - Loans and advances (gross amount) (FBL),0.0034412992031637537
202403,LT,AQT_42.2,Forbearance ratio - Loans and advances (gross amount) (FBL),0.007108357166588515
202403,LU,AQT_42.2,Forbearance ratio - Loans and advances (gross amount) (FBL),0.009625344057710287
202403,LV,AQT_42.2,Forbearance ratio - Loans and advances (gross amount) (FBL),0.01139913870789921
202403,MT,AQT_42.2,Forbearance ratio - Loans and advances (gross amount) (FBL),0.023758428617706964
202403,NL,AQT_42.2,Forbearance ratio - Loans and advances (gross amount) (FBL),0.014567836930975438
202403,NO,AQT_42.2,Forbearance ratio - Loans and advances (gross amount) (FBL),0.009398765936915014
202403,PL,AQT_42.2,Forbearance ratio - Loans and advances (gross amount) (FBL),0.013348081737465708
202403,PT,AQT_42.2,Forbearance ratio - Loans and advances (gross amount) (FBL),0.025227730266492297
202403,RO,AQT_42.2,Forbearance ratio - Loans and advances (gross amount) (FBL),0.01610638767400835
202403,SE,AQT_42.2,Forbearance ratio - Loans and advances (gross amount) (FBL),0.004029067090206492
202403,SI,AQT_42.2,Forbearance ratio - Loans and advances (gross amount) (FBL),0.013014972266178346
202403,SK,AQT_42.2,Forbearance ratio - Loans and advances (gross amount) (FBL),0.014820467581578272
202403,AT,FND_32,Loans and advances-to-deposits ratio for households and non-financial corporations,1.0008081769716652
202403,BE,FND_32,Loans and advances-to-deposits ratio for households and non-financial corporations,1.0468571569601866
202403,BG,FND_32,Loans and advances-to-deposits ratio for households and non-financial corporations,0.7583137740009623
202403,CY,FND_32,Loans and advances-to-deposits ratio for households and non-financial corporations,0.5002997048671041
202403,CZ,FND_32,Loans and advances-to-deposits ratio for households and non-financial corporations,0.8312946982848121
202403,DE,FND_32,Loans and advances-to-deposits ratio for households and non-financial corporations,1.1292126622853227
202403,DK,FND_32,Loans and advances-to-deposits ratio for households and non-financial corporations,3.09861385735067
202403,EE,FND_32,Loans and advances-to-deposits ratio for households and non-financial corporations,0.9922182283373183
202403,ES,FND_32,Loans and advances-to-deposits ratio for households and non-financial corporations,0.9873211836586402
202403,EU,FND_32,Loans and advances-to-deposits ratio for households and non-financial corporations,1.070986171219809
202403,FI,FND_32,Loans and advances-to-deposits ratio for households and non-financial corporations,1.694419325819576
202403,FR,FND_32,Loans and advances-to-deposits ratio for households and non-financial corporations,1.0635402876145295
202403,GR,FND_32,Loans and advances-to-deposits ratio for households and non-financial corporations,0.6031779461434179
202403,HR,FND_32,Loans and advances-to-deposits ratio for households and non-financial corporations,0.6744805927005285
202403,HU,FND_32,Loans and advances-to-deposits ratio for households and non-financial corporations,0.7746586449168285
202403,IE,FND_32,Loans and advances-to-deposits ratio for households and non-financial corporations,0.7111038799274506
202403,IS,FND_32,Loans and advances-to-deposits ratio for households and non-financial corporations,1.7394573533137492
202403,IT,FND_32,Loans and advances-to-deposits ratio for households and non-financial corporations,0.9052015473360783
202403,LI,FND_32,Loans and advances-to-deposits ratio for households and non-financial corporations,0.6513724357105452
202403,LT,FND_32,Loans and advances-to-deposits ratio for households and non-financial corporations,0.4525601958703569
202403,LU,FND_32,Loans and advances-to-deposits ratio for households and non-financial corporations,1.5438836409691323
202403,LV,FND_32,Loans and advances-to-deposits ratio for households and non-financial corporations,0.7304882229515797
202403,MT,FND_32,Loans and advances-to-deposits ratio for households and non-financial corporations,0.5961371869733136
202403,NL,FND_32,Loans and advances-to-deposits ratio for households and non-financial corporations,1.1137772927359675
202403,NO,FND_32,Loans and advances-to-deposits ratio for households and non-financial corporations,1.638761832233041
202403,PL,FND_32,Loans and advances-to-deposits ratio for households and non-financial corporations,0.7223420074066363
202403,PT,FND_32,Loans and advances-to-deposits ratio for households and non-financial corporations,0.703195464969836
202403,RO,FND_32,Loans and advances-to-deposits ratio for households and non-financial corporations,0.5596379758739913
202403,SE,FND_32,Loans and advances-to-deposits ratio for households and non-financial corporations,1.7317364421633747
202403,SI,FND_32,Loans and advances-to-deposits ratio for households and non-financial corporations,0.6743187472913016
202403,SK,FND_32,Loans and advances-to-deposits ratio for households and non-financial corporations,1.0844701440903861
202403,AT,FND_33,Asset encumbrance ratio,0.19083989589329164
202403,BE,FND_33,Asset encumbrance ratio,0.124610346205622
202403,BG,FND_33,Asset encumbrance ratio,0.027570142984456113
202403,CY,FND_33,Asset encumbrance ratio,0.1180065224137638
202403,CZ,FND_33,Asset encumbrance ratio,0.1541246289380457
202403,DE,FND_33,Asset encumbrance ratio,0.3111458876357151
202403,DK,FND_33,Asset encumbrance ratio,0.51787425439608
202403,EE,FND_33,Asset encumbrance ratio,0.03166789641865505
202403,ES,FND_33,Asset encumbrance ratio,0.19112582073165724
202403,EU,FND_33,Asset encumbrance ratio,0.2448872359589833
202403,FI,FND_33,Asset encumbrance ratio,0.301906864282359
202403,FR,FND_33,Asset encumbrance ratio,0.27454749785095883
202403,GR,FND_33,Asset encumbrance ratio,0.13105603745632433
202403,HR,FND_33,Asset encumbrance ratio,0.01573091738450606
202403,HU,FND_33,Asset encumbrance ratio,0.09318940395501916
202403,IE,FND_33,Asset encumbrance ratio,0.18555869274855427
202403,IS,FND_33,Asset encumbrance ratio,0.20650091451693292
202403,IT,FND_33,Asset encumbrance ratio,0.2327365849374278
202403,LI,FND_33,Asset encumbrance ratio,0.047535788847767164
202403,LT,FND_33,Asset encumbrance ratio,0.012427725825810733
202403,LU,FND_33,Asset encumbrance ratio,0.08126943228091195
202403,LV,FND_33,Asset encumbrance ratio,0.010718454677563521
202403,MT,FND_33,Asset encumbrance ratio,0.07546944412936457
202403,NL,FND_33,Asset encumbrance ratio,0.16198007606847298
202403,NO,FND_33,Asset encumbrance ratio,0.17848687909196273
202403,PL,FND_33,Asset encumbrance ratio,0.031998592009424086
202403,PT,FND_33,Asset encumbrance ratio,0.09097036113621934
202403,RO,FND_33,Asset encumbrance ratio,0.014100003049656652
202403,SE,FND_33,Asset encumbrance ratio,0.2070119227621854
202403,SI,FND_33,Asset encumbrance ratio,0.035675507863555146
202403,SK,FND_33,Asset encumbrance ratio,0.1603820071985125
202403,AT,LIQ_17,Liquidity coverage ratio,1.6476504650393207
202403,BE,LIQ_17,Liquidity coverage ratio,1.7774017290311739
202403,BG,LIQ_17,Liquidity coverage ratio,2.1929403374825225
202403,CY,LIQ_17,Liquidity coverage ratio,3.5392802875707585
202403,CZ,LIQ_17,Liquidity coverage ratio,1.7423370704265473
202403,DE,LIQ_17,Liquidity coverage ratio,1.4564095190638418
202403,DK,LIQ_17,Liquidity coverage ratio,1.866613290330139
202403,EE,LIQ_17,Liquidity coverage ratio,1.9923686292389269
202403,ES,LIQ_17,Liquidity coverage ratio,1.7115998198863582
202403,EU,LIQ_17,Liquidity coverage ratio,1.6164721541370337
202403,FI,LIQ_17,Liquidity coverage ratio,1.7030590768361669
202403,FR,LIQ_17,Liquidity coverage ratio,1.504432237870447
202403,GR,LIQ_17,Liquidity coverage ratio,2.1309468513286967
202403,HR,LIQ_17,Liquidity coverage ratio,2.217451307061503
202403,HU,LIQ_17,Liquidity coverage ratio,2.1441529564293784
202403,IE,LIQ_17,Liquidity coverage ratio,1.6857788095286133
202403,IS,LIQ_17,Liquidity coverage ratio,1.8788513892496816
202403,IT,LIQ_17,Liquidity coverage ratio,1.6808458146712675
202403,LI,LIQ_17,Liquidity coverage ratio,2.138908875955045
202403,LT,LIQ_17,Liquidity coverage ratio,4.095693696453853
202403,LU,LIQ_17,Liquidity coverage ratio,1.5388033221794721
202403,LV,LIQ_17,Liquidity coverage ratio,1.7262832876961847
202403,MT,LIQ_17,Liquidity coverage ratio,3.614049383930171
202403,NL,LIQ_17,Liquidity coverage ratio,1.4670521936876593
202403,NO,LIQ_17,Liquidity coverage ratio,1.4233903114009883
202403,PL,LIQ_17,Liquidity coverage ratio,2.4010938268202593
202403,PT,LIQ_17,Liquidity coverage ratio,2.4761727240128613
202403,RO,LIQ_17,Liquidity coverage ratio,3.3355081974458485
202403,SE,LIQ_17,Liquidity coverage ratio,1.6691867520979127
202403,SI,LIQ_17,Liquidity coverage ratio,2.914845417299169
202403,SK,LIQ_17,Liquidity coverage ratio,1.8691805719620824
202403,AT,LIQ_20,Net Stable Funding Ratio,1.384013249417641
202403,BE,LIQ_20,Net Stable Funding Ratio,1.3014678247224842
202403,BG,LIQ_20,Net Stable Funding Ratio,1.586194795200721
202403,CY,LIQ_20,Net Stable Funding Ratio,1.8223886597631167
202403,CZ,LIQ_20,Net Stable Funding Ratio,1.5759778777711924
202403,DE,LIQ_20,Net Stable Funding Ratio,1.2470715721050687
202403,DK,LIQ_20,Net Stable Funding Ratio,1.2994027252184006
202403,EE,LIQ_20,Net Stable Funding Ratio,1.478070281264031
202403,ES,LIQ_20,Net Stable Funding Ratio,1.3206562383768445
202403,EU,LIQ_20,Net Stable Funding Ratio,1.2733053946771133
202403,FI,LIQ_20,Net Stable Funding Ratio,1.2341430556491202
202403,FR,LIQ_20,Net Stable Funding Ratio,1.1609408315666785
202403,GR,LIQ_20,Net Stable Funding Ratio,1.340685061436232
202403,HR,LIQ_20,Net Stable Funding Ratio,1.694214532626007
202403,HU,LIQ_20,Net Stable Funding Ratio,1.5287511709924135
202403,IE,LIQ_20,Net Stable Funding Ratio,1.5441476867421107
202403,IS,LIQ_20,Net Stable Funding Ratio,1.2371134651256868
202403,IT,LIQ_20,Net Stable Funding Ratio,1.3081293625707036
202403,LI,LIQ_20,Net Stable Funding Ratio,1.6814602644684864
202403,LT,LIQ_20,Net Stable Funding Ratio,1.9508915594055554
202403,LU,LIQ_20,Net Stable Funding Ratio,1.2336855988400308
202403,LV,LIQ_20,Net Stable Funding Ratio,1.2932947084935493
202403,MT,LIQ_20,Net Stable Funding Ratio,1.7100540065452563
202403,NL,LIQ_20,Net Stable Funding Ratio,1.3570174924110676
202403,NO,LIQ_20,Net Stable Funding Ratio,1.215012559303572
202403,PL,LIQ_20,Net Stable Funding Ratio,1.5800658273597834
202403,PT,LIQ_20,Net Stable Funding Ratio,1.5403320384144346
202403,RO,LIQ_20,Net Stable Funding Ratio,2.105598370629765
202403,SE,LIQ_20,Net Stable Funding Ratio,1.2272607334886307
202403,SI,LIQ_20,Net Stable Funding Ratio,1.7349622026487497
202403,SK,LIQ_20,Net Stable Funding Ratio,1.3621665496722926
202403,AT,PFT_21,"Return on equity (numerator annualised, denominator as average)",0.12956409566369165
202403,BE,PFT_21,"Return on equity (numerator annualised, denominator as average)",0.11432814642199665
202403,BG,PFT_21,"Return on equity (numerator annualised, denominator as average)",0.16575548619033972
202403,CY,PFT_21,"Return on equity (numerator annualised, denominator as average)",0.22177012238340182
202403,CZ,PFT_21,"Return on equity (numerator annualised, denominator as average)",0.12802199425984132
202403,DE,PFT_21,"Return on equity (numerator annualised, denominator as average)",0.07477783362789804
202403,DK,PFT_21,"Return on equity (numerator annualised, denominator as average)",0.12950536126188328
202403,EE,PFT_21,"Return on equity (numerator annualised, denominator as average)",0.1802548162876686
202403,ES,PFT_21,"Return on equity (numerator annualised, denominator as average)",0.1242775443215755
202403,EU,PFT_21,"Return on equity (numerator annualised, denominator as average)",0.10581373796589043
202403,FI,PFT_21,"Return on equity (numerator annualised, denominator as average)",0.15443139160846106
202403,FR,PFT_21,"Return on equity (numerator annualised, denominator as average)",0.06295996993368672
202403,GR,PFT_21,"Return on equity (numerator annualised, denominator as average)",0.14156079530179513
202403,HR,PFT_21,"Return on equity (numerator annualised, denominator as average)",0.1828261366640922
202403,HU,PFT_21,"Return on equity (numerator annualised, denominator as average)",0.20361044561003028
202403,IE,PFT_21,"Return on equity (numerator annualised, denominator as average)",0.11675554008241824
202403,IS,PFT_21,"Return on equity (numerator annualised, denominator as average)",0.0941624719087427
202403,IT,PFT_21,"Return on equity (numerator annualised, denominator as average)",0.1503685749773393
202403,LI,PFT_21,"Return on equity (numerator annualised, denominator as average)",0.057660188000007266
202403,LT,PFT_21,"Return on equity (numerator annualised, denominator as average)",0.2211308688607123
202403,LU,PFT_21,"Return on equity (numerator annualised, denominator as average)",0.06855597930683785
202403,LV,PFT_21,"Return on equity (numerator annualised, denominator as average)",0.209020002572868
202403,MT,PFT_21,"Return on equity (numerator annualised, denominator as average)",0.12145882207604754
202403,NL,PFT_21,"Return on equity (numerator annualised, denominator as average)",0.1169268710110061
202403,NO,PFT_21,"Return on equity (numerator annualised, denominator as average)",0.13877350316163348
202403,PL,PFT_21,"Return on equity (numerator annualised, denominator as average)",0.18518442790187403
202403,PT,PFT_21,"Return on equity (numerator annualised, denominator as average)",0.17443111694545474
202403,RO,PFT_21,"Return on equity (numerator annualised, denominator as average)",0.22199884361595607
202403,SE,PFT_21,"Return on equity (numerator annualised, denominator as average)",0.14815857366548527
202403,SI,PFT_21,"Return on equity (numerator annualised, denominator as average)",0.1644920046205153
202403,SK,PFT_21,"Return on equity (numerator annualised, denominator as average)",0.11839504861030005
202403,AT,PFT_23,Cost to income ratio,0.4727644976764876
202403,BE,PFT_23,Cost to income ratio,0.508178054115492
202403,BG,PFT_23,Cost to income ratio,0.3181805618257032
202403,CY,PFT_23,Cost to income ratio,0.32811187668996067
202403,CZ,PFT_23,Cost to income ratio,0.4486692528931286
202403,DE,PFT_23,Cost to income ratio,0.5782955266862309
202403,DK,PFT_23,Cost to income ratio,0.4080887249172595
202403,EE,PFT_23,Cost to income ratio,0.3753625043603415
202403,ES,PFT_23,Cost to income ratio,0.4436306669968479
202403,EU,PFT_23,Cost to income ratio,0.5240387409976541
202403,FI,PFT_23,Cost to income ratio,0.4071377643362885
202403,FR,PFT_23,Cost to income ratio,0.6971229202935685
202403,GR,PFT_23,Cost to income ratio,0.31987601776706664
202403,HR,PFT_23,Cost to income ratio,0.3757715131097913
202403,HU,PFT_23,Cost to income ratio,0.5328854491833053
202403,IE,PFT_23,Cost to income ratio,0.4885484156540118
202403,IS,PFT_23,Cost to income ratio,0.4127913722648262
202403,IT,PFT_23,Cost to income ratio,0.45689535565751144
202403,LI,PFT_23,Cost to income ratio,0.789053694295527
202403,LT,PFT_23,Cost to income ratio,0.4448257732862108
202403,LU,PFT_23,Cost to income ratio,0.5778940765868797
202403,LV,PFT_23,Cost to income ratio,0.3729664392642581
202403,MT,PFT_23,Cost to income ratio,0.46365572539153
202403,NL,PFT_23,Cost to income ratio,0.5089479445872283
202403,NO,PFT_23,Cost to income ratio,0.37110358726678555
202403,PL,PFT_23,Cost to income ratio,0.37903906114739155
202403,PT,PFT_23,Cost to income ratio,0.31686604534804547
202403,RO,PFT_23,Cost to income ratio,0.4425636084609807
202403,SE,PFT_23,Cost to income ratio,0.39619107847099283
202403,SI,PFT_23,Cost to income ratio,0.4427856055147912
202403,SK,PFT_23,Cost to income ratio,0.4066834512536326
202403,AT,PFT_24,Return on assets,0.011997715207039851
202403,BE,PFT_24,Return on assets,0.008299933389658764
202403,BG,PFT_24,Return on assets,0.019873653215869203
202403,CY,PFT_24,Return on assets,0.019551967039036954
202403,CZ,PFT_24,Return on assets,0.009329737370969801
202403,DE,PFT_24,Return on assets,0.004580464335213986
202403,DK,PFT_24,Return on assets,0.0073224114475736405
202403,EE,PFT_24,Return on assets,0.020884758672574603
202403,ES,PFT_24,Return on assets,0.007925402971089481
202403,EU,PFT_24,Return on assets,0.00720676088978502
202403,FI,PFT_24,Return on assets,0.010241367604729466
202403,FR,PFT_24,Return on assets,0.00403845532253663
202403,GR,PFT_24,Return on assets,0.014348837325749897
202403,HR,PFT_24,Return on assets,0.02210584314758885
202403,HU,PFT_24,Return on assets,0.021825647788728707
202403,IE,PFT_24,Return on assets,0.012951622783909681
202403,IS,PFT_24,Return on assets,0.013229687938393509
202403,IT,PFT_24,Return on assets,0.012444835298878174
202403,LI,PFT_24,Return on assets,0.005585823306427561
202403,LT,PFT_24,Return on assets,0.015452156409014251
202403,LU,PFT_24,Return on assets,0.0064120609597971435
202403,LV,PFT_24,Return on assets,0.02345235907728238
202403,MT,PFT_24,Return on assets,0.009573584596674088
202403,NL,PFT_24,Return on assets,0.007354421580555603
202403,NO,PFT_24,Return on assets,0.011696028225830305
202403,PL,PFT_24,Return on assets,0.019082532486631547
202403,PT,PFT_24,Return on assets,0.015465430203219723
202403,RO,PFT_24,Return on assets,0.020268751980246368
202403,SE,PFT_24,Return on assets,0.008889842511049118
202403,SI,PFT_24,Return on assets,0.01943770094514404
202403,SK,PFT_24,Return on assets,0.010010223463528138
202403,AT,PFT_25,Net interest income to total net operating income,0.6811235355673537
202403,BE,PFT_25,Net interest income to total net operating income,0.76947617251564
202403,BG,PFT_25,Net interest income to total net operating income,0.7113811625314403
202403,CY,PFT_25,Net interest income to total net operating income,0.8119906223117798
202403,CZ,PFT_25,Net interest income to total net operating income,0.704305013399916
202403,DE,PFT_25,Net interest income to total net operating income,0.5299440340734509
202403,DK,PFT_25,Net interest income to total net operating income,0.6363608159463655
202403,EE,PFT_25,Net interest income to total net operating income,0.8241901930822408
202403,ES,PFT_25,Net interest income to total net operating income,0.8109073439788694
202403,EU,PFT_25,Net interest income to total net operating income,0.6230439259247584
202403,FI,PFT_25,Net interest income to total net operating income,0.7077030072175986
202403,FR,PFT_25,Net interest income to total net operating income,0.41146315932237515
202403,GR,PFT_25,Net interest income to total net operating income,0.7897158147267779
202403,HR,PFT_25,Net interest income to total net operating income,0.7441309263228056
202403,HU,PFT_25,Net interest income to total net operating income,0.70882413213409
202403,IE,PFT_25,Net interest income to total net operating income,0.7230803655407543
202403,IS,PFT_25,Net interest income to total net operating income,0.7369804533125229
202403,IT,PFT_25,Net interest income to total net operating income,0.5935183267530728
202403,LI,PFT_25,Net interest income to total net operating income,0.19933575884652724
202403,LT,PFT_25,Net interest income to total net operating income,0.9784735812133072
202403,LU,PFT_25,Net interest income to total net operating income,0.6995547610499158
202403,LV,PFT_25,Net interest income to total net operating income,0.8195031157425691
202403,MT,PFT_25,Net interest income to total net operating income,0.8609031535587365
202403,NL,PFT_25,Net interest income to total net operating income,0.7015023536603417
202403,NO,PFT_25,Net interest income to total net operating income,0.7865727086688005
202403,PL,PFT_25,Net interest income to total net operating income,0.8734366759011701
202403,PT,PFT_25,Net interest income to total net operating income,0.7925841720496334
202403,RO,PFT_25,Net interest income to total net operating income,0.7087423019691996
202403,SE,PFT_25,Net interest income to total net operating income,0.7032005988071276
202403,SI,PFT_25,Net interest income to total net operating income,0.7597179918414207
202403,SK,PFT_25,Net interest income to total net operating income,0.7129486774502863
202403,AT,PFT_26,Net fee and comission income to total net operating income,0.2821034049393529
202403,BE,PFT_26,Net fee and comission income to total net operating income,0.21858679906441528
202403,BG,PFT_26,Net fee and comission income to total net operating income,0.2189111747851003
202403,CY,PFT_26,Net fee and comission income to total net operating income,0.1393530291364572
202403,CZ,PFT_26,Net fee and comission income to total net operating income,0.22650565967901615
202403,DE,PFT_26,Net fee and comission income to total net operating income,0.3054903087314325
202403,DK,PFT_26,Net fee and comission income to total net operating income,0.17968015165002488
202403,EE,PFT_26,Net fee and comission income to total net operating income,0.12855763140154583
202403,ES,PFT_26,Net fee and comission income to total net operating income,0.23871618724996524
202403,EU,PFT_26,Net fee and comission income to total net operating income,0.27894849534904936
202403,FI,PFT_26,Net fee and comission income to total net operating income,0.21004961782482984
202403,FR,PFT_26,Net fee and comission income to total net operating income,0.37036867749437286
202403,GR,PFT_26,Net fee and comission income to total net operating income,0.16273360319274102
202403,HR,PFT_26,Net fee and comission income to total net operating income,0.21316922524663628
202403,HU,PFT_26,Net fee and comission income to total net operating income,0.27294053401514584
202403,IE,PFT_26,Net fee and comission income to total net operating income,0.1728758440885411
202403,IS,PFT_26,Net fee and comission income to total net operating income,0.183448067969407
202403,IT,PFT_26,Net fee and comission income to total net operating income,0.31308470336358235
202403,LI,PFT_26,Net fee and comission income to total net operating income,0.5923875289420578
202403,LT,PFT_26,Net fee and comission income to total net operating income,0.6828343604871923
202403,LU,PFT_26,Net fee and comission income to total net operating income,0.2445851799883207
202403,LV,PFT_26,Net fee and comission income to total net operating income,0.1455375228517609
202403,MT,PFT_26,Net fee and comission income to total net operating income,0.1265418744063481
202403,NL,PFT_26,Net fee and comission income to total net operating income,0.168207098028529
202403,NO,PFT_26,Net fee and comission income to total net operating income,0.1403054027582666
202403,PL,PFT_26,Net fee and comission income to total net operating income,0.2007682995568085
202403,PT,PFT_26,Net fee and comission income to total net operating income,0.19683591147868332
202403,RO,PFT_26,Net fee and comission income to total net operating income,0.16514984312432524
202403,SE,PFT_26,Net fee and comission income to total net operating income,0.1980742184797931
202403,SI,PFT_26,Net fee and comission income to total net operating income,0.2083467767815244
202403,SK,PFT_26,Net fee and comission income to total net operating income,0.25948128933179065
202403,AT,PFT_29,Net trading income to total net operating income,0.1502328130343157
202403,BE,PFT_29,Net trading income to total net operating income,0.058609145009639145
202403,BG,PFT_29,Net trading income to total net operating income,0.09132754125245303
202403,CY,PFT_29,Net trading income to total net operating income,0.0038932582666931902
202403,CZ,PFT_29,Net trading income to total net operating income,-0.011190805173244023
202403,DE,PFT_29,Net trading income to total net operating income,0.12727297970373086
202403,DK,PFT_29,Net trading income to total net operating income,0.09686625442611364
202403,EE,PFT_29,Net trading income to total net operating income,0.04945763761651345
202403,ES,PFT_29,Net trading income to total net operating income,0.03919624483426879
202403,EU,PFT_29,Net trading income to total net operating income,0.09031198155219394
202403,FI,PFT_29,Net trading income to total net operating income,0.18132635409022535
202403,FR,PFT_29,Net trading income to total net operating income,0.14901770171865394
202403,GR,PFT_29,Net trading income to total net operating income,0.016932329294698692
202403,HR,PFT_29,Net trading income to total net operating income,0.006372701967551603
202403,HU,PFT_29,Net trading income to total net operating income,0.06602522328409612
202403,IE,PFT_29,Net trading income to total net operating income,0.040883407842722146
202403,IS,PFT_29,Net trading income to total net operating income,0.048234245666691
202403,IT,PFT_29,Net trading income to total net operating income,0.030667165016528025
202403,LI,PFT_29,Net trading income to total net operating income,0.15328057476026596
202403,LT,PFT_29,Net trading income to total net operating income,0.04964804159242924
202403,LU,PFT_29,Net trading income to total net operating income,0.02242936350331531
202403,LV,PFT_29,Net trading income to total net operating income,0.04092530230945887
202403,MT,PFT_29,Net trading income to total net operating income,0.012653229809687692
202403,NL,PFT_29,Net trading income to total net operating income,0.11449503539097879
202403,NO,PFT_29,Net trading income to total net operating income,0.048706165918244386
202403,PL,PFT_29,Net trading income to total net operating income,0.029024815997755842
202403,PT,PFT_29,Net trading income to total net operating income,0.010184093180207531
202403,RO,PFT_29,Net trading income to total net operating income,0.04572629801184291
202403,SE,PFT_29,Net trading income to total net operating income,0.09864431113369691
202403,SI,PFT_29,Net trading income to total net operating income,0.009515232788939735
202403,SK,PFT_29,Net trading income to total net operating income,0.017706263263946358
202403,AT,PFT_41,Net interest margin,0.022838575214968366
202403,BE,PFT_41,Net interest margin,0.02051518928905514
202403,BG,PFT_41,Net interest margin,0.031341840747102466
202403,CY,PFT_41,Net interest margin,0.03450136673593615
202403,CZ,PFT_41,Net interest margin,0.017898382952421486
202403,DE,PFT_41,Net interest margin,0.01172544524108764
202403,DK,PFT_41,Net interest margin,0.011415395871207764
202403,EE,PFT_41,Net interest margin,0.037750796166253084
202403,ES,PFT_41,Net interest margin,0.02894625698115998
202403,EU,PFT_41,Net interest margin,0.016921223495306614
202403,FI,PFT_41,Net interest margin,0.01736205900427465
202403,FR,PFT_41,Net interest margin,0.008804058121846467
202403,GR,PFT_41,Net interest margin,0.03325283158571258
202403,HR,PFT_41,Net interest margin,0.03125047496025286
202403,HU,PFT_41,Net interest margin,0.04476497774439693
202403,IE,PFT_41,Net interest margin,0.028278249637162085
202403,IS,PFT_41,Net interest margin,0.030463455736732214
202403,IT,PFT_41,Net interest margin,0.0228583440657222
202403,LI,PFT_41,Net interest margin,0.007608994410345733
202403,LT,PFT_41,Net interest margin,0.03840657704033328
202403,LU,PFT_41,Net interest margin,0.016285134226173437
202403,LV,PFT_41,Net interest margin,0.03877883775919681
202403,MT,PFT_41,Net interest margin,0.027102900899603193
202403,NL,PFT_41,Net interest margin,0.016649882369535043
202403,NO,PFT_41,Net interest margin,0.020811144858853225
202403,PL,PFT_41,Net interest margin,0.04589884080047844
202403,PT,PFT_41,Net interest margin,0.031208612158960387
202403,RO,PFT_41,Net interest margin,0.034022181690273504
202403,SE,PFT_41,Net interest margin,0.014459412301148182
202403,SI,PFT_41,Net interest margin,0.03629102664852892
202403,SK,PFT_41,Net interest margin,0.02259496680286024
202403,AT,PFT_43,Cost of risk,0.005128929934793896
202403,BE,PFT_43,Cost of risk,0.0016282675287319574
202403,BG,PFT_43,Cost of risk,0.006805976637801282
202403,CY,PFT_43,Cost of risk,0.0032508221654804015
202403,CZ,PFT_43,Cost of risk,0.0018683133537914633
202403,DE,PFT_43,Cost of risk,0.006184605775167835
202403,DK,PFT_43,Cost of risk,0.004430259127327695
202403,EE,PFT_43,Cost of risk,0.0004185743421977677
202403,ES,PFT_43,Cost of risk,0.011538830078727707
202403,EU,PFT_43,Cost of risk,0.005576010624980854
202403,FI,PFT_43,Cost of risk,0.002477000547584224
202403,FR,PFT_43,Cost of risk,0.006114501059843255
202403,GR,PFT_43,Cost of risk,0.0041450072403240515
202403,HR,PFT_43,Cost of risk,-0.00052160668751375
202403,HU,PFT_43,Cost of risk,0.013583962066746004
202403,IE,PFT_43,Cost of risk,0.004080601345230545
202403,IS,PFT_43,Cost of risk,0.005891667816678953
202403,IT,PFT_43,Cost of risk,0.00276225607469269
202403,LI,PFT_43,Cost of risk,-0.00020375612457383023
202403,LT,PFT_43,Cost of risk,0.0029545441092030567
202403,LU,PFT_43,Cost of risk,0.0046604635517566535
202403,LV,PFT_43,Cost of risk,0.0007891772944264865
202403,MT,PFT_43,Cost of risk,0.01704758451680293
202403,NL,PFT_43,Cost of risk,0.001463121840316481
202403,NO,PFT_43,Cost of risk,0.001846320166071634
202403,PL,PFT_43,Cost of risk,0.006994187759310495
202403,PT,PFT_43,Cost of risk,0.004404320767754658
202403,RO,PFT_43,Cost of risk,0.01075488095804217
202403,SE,PFT_43,Cost of risk,0.0008047725445762358
202403,SI,PFT_43,Cost of risk,0.005552226661785829
202403,SK,PFT_43,Cost of risk,0.004005998313559995
202403,AT,SVC_1,Tier 1 capital ratio,0.17728152796061128
202403,BE,SVC_1,Tier 1 capital ratio,0.19583640505353694
202403,BG,SVC_1,Tier 1 capital ratio,0.19884669047016051
202403,CY,SVC_1,Tier 1 capital ratio,0.2289355425662161
202403,CZ,SVC_1,Tier 1 capital ratio,0.17945093511537827
202403,DE,SVC_1,Tier 1 capital ratio,0.17808232548832853
202403,DK,SVC_1,Tier 1 capital ratio,0.20078216977236743
202403,EE,SVC_1,Tier 1 capital ratio,0.22026711545457173
202403,ES,SVC_1,Tier 1 capital ratio,0.14171888932493346
202403,EU,SVC_1,Tier 1 capital ratio,0.1737195235492541
202403,FI,SVC_1,Tier 1 capital ratio,0.2013778746180879
202403,FR,SVC_1,Tier 1 capital ratio,0.17119232605639237
202403,GR,SVC_1,Tier 1 capital ratio,0.16153239329886132
202403,HR,SVC_1,Tier 1 capital ratio,0.21570668517673758
202403,HU,SVC_1,Tier 1 capital ratio,0.1680045523758334
202403,IE,SVC_1,Tier 1 capital ratio,0.20714761048805874
202403,IS,SVC_1,Tier 1 capital ratio,0.21067821662233213
202403,IT,SVC_1,Tier 1 capital ratio,0.17518440374076447
202403,LI,SVC_1,Tier 1 capital ratio,0.20227183781423308
202403,LT,SVC_1,Tier 1 capital ratio,0.19278279343147237
202403,LU,SVC_1,Tier 1 capital ratio,0.22654752971653064
202403,LV,SVC_1,Tier 1 capital ratio,0.23625687990527391
202403,MT,SVC_1,Tier 1 capital ratio,0.20754811511864527
202403,NL,SVC_1,Tier 1 capital ratio,0.17631328456344625
202403,NO,SVC_1,Tier 1 capital ratio,0.20889326765216432
202403,PL,SVC_1,Tier 1 capital ratio,0.16690015842168968
202403,PT,SVC_1,Tier 1 capital ratio,0.17747832749814257
202403,RO,SVC_1,Tier 1 capital ratio,0.18490103205742361
202403,SE,SVC_1,Tier 1 capital ratio,0.2073369121238771
202403,SI,SVC_1,Tier 1 capital ratio,0.17463371549465795
202403,SK,SVC_1,Tier 1 capital ratio,0.18564246427917944
202403,AT,SVC_13,Leverage ratio,0.07074890104314376
202403,BE,SVC_13,Leverage ratio,0.06440945070725525
202403,BG,SVC_13,Leverage ratio,0.09124481186112655
202403,CY,SVC_13,Leverage ratio,0.08151166624800328
202403,CZ,SVC_13,Leverage ratio,0.052654374830813984
202403,DE,SVC_13,Leverage ratio,0.055023011737186385
202403,DK,SVC_13,Leverage ratio,0.049971740067695565
202403,EE,SVC_13,Leverage ratio,0.09230117105990285
202403,ES,SVC_13,Leverage ratio,0.054292901888981296
202403,EU,SVC_13,Leverage ratio,0.0575326542940957
202403,FI,SVC_13,Leverage ratio,0.06014009995239243
202403,FR,SVC_13,Leverage ratio,0.053356715896946204
202403,GR,SVC_13,Leverage ratio,0.07724601204836129
202403,HR,SVC_13,Leverage ratio,0.09409744706003578
202403,HU,SVC_13,Leverage ratio,0.08789627321352961
202403,IE,SVC_13,Leverage ratio,0.08326427455854629
202403,IS,SVC_13,Leverage ratio,0.1274239445137537
202403,IT,SVC_13,Leverage ratio,0.060738776057046896
202403,LI,SVC_13,Leverage ratio,0.07670387658342705
202403,LT,SVC_13,Leverage ratio,0.06309878677766004
202403,LU,SVC_13,Leverage ratio,0.0749127461319247
202403,LV,SVC_13,Leverage ratio,0.09764471783401948
202403,MT,SVC_13,Leverage ratio,0.06703422260947686
202403,NL,SVC_13,Leverage ratio,0.05677005256866825
202403,NO,SVC_13,Leverage ratio,0.06345879346603121
202403,PL,SVC_13,Leverage ratio,0.07744426839482249
202403,PT,SVC_13,Leverage ratio,0.0679270532280079
202403,RO,SVC_13,Leverage ratio,0.07136360982075889
202403,SE,SVC_13,Leverage ratio,0.052684912323149286
202403,SI,SVC_13,Leverage ratio,0.09884230941811652
202403,SK,SVC_13,Leverage ratio,0.07363530924638872
202403,AT,SVC_2,Total capital ratio,0.20201469756067822
202403,BE,SVC_2,Total capital ratio,0.21641957418367821
202403,BG,SVC_2,Total capital ratio,0.2164057070675563
202403,CY,SVC_2,Total capital ratio,0.25520425725091694
202403,CZ,SVC_2,Total capital ratio,0.1900532798740004
202403,DE,SVC_2,Total capital ratio,0.21268946840413208
202403,DK,SVC_2,Total capital ratio,0.23100820103252362
202403,EE,SVC_2,Total capital ratio,0.22757563908136744
202403,ES,SVC_2,Total capital ratio,0.16782926373291104
202403,EU,SVC_2,Total capital ratio,0.20024321955874977
202403,FI,SVC_2,Total capital ratio,0.2267845719610684
202403,FR,SVC_2,Total capital ratio,0.19574539758632256
202403,GR,SVC_2,Total capital ratio,0.19097198398642878
202403,HR,SVC_2,Total capital ratio,0.21683202721208936
202403,HU,SVC_2,Total capital ratio,0.18831737886113004
202403,IE,SVC_2,Total capital ratio,0.22965152687092402
202403,IS,SVC_2,Total capital ratio,0.23841430580066564
202403,IT,SVC_2,Total capital ratio,0.20316681815508408
202403,LI,SVC_2,Total capital ratio,0.20227183781423308
202403,LT,SVC_2,Total capital ratio,0.20600857435412187
202403,LU,SVC_2,Total capital ratio,0.2368147463936233
202403,LV,SVC_2,Total capital ratio,0.24884239953277076
202403,MT,SVC_2,Total capital ratio,0.23903102885360447
202403,NL,SVC_2,Total capital ratio,0.2017158875798313
202403,NO,SVC_2,Total capital ratio,0.23419476856078916
202403,PL,SVC_2,Total capital ratio,0.17814821088148455
202403,PT,SVC_2,Total capital ratio,0.1963110946355865
202403,RO,SVC_2,Total capital ratio,0.21754997714173047
202403,SE,SVC_2,Total capital ratio,0.22924110828751207
202403,SI,SVC_2,Total capital ratio,0.20218470034138128
202403,SK,SVC_2,Total capital ratio,0.20182840132255442
202403,AT,SVC_3,CET 1 capital ratio,0.16316472978770935
202403,BE,SVC_3,CET 1 capital ratio,0.18668287810237605
202403,BG,SVC_3,CET 1 capital ratio,0.1965799086453234
202403,CY,SVC_3,CET 1 capital ratio,0.21053230496927589
202403,CZ,SVC_3,CET 1 capital ratio,0.17425585131193963
202403,DE,SVC_3,CET 1 capital ratio,0.1646219621624538
202403,DK,SVC_3,CET 1 capital ratio,0.1882130038427923
202403,EE,SVC_3,CET 1 capital ratio,0.2175717728586624
202403,ES,SVC_3,CET 1 capital ratio,0.12660986329484122
202403,EU,SVC_3,CET 1 capital ratio,0.1600294182222136
202403,FI,SVC_3,CET 1 capital ratio,0.18607722850153047
202403,FR,SVC_3,CET 1 capital ratio,0.15911807763888577
202403,GR,SVC_3,CET 1 capital ratio,0.1547123833089592
202403,HR,SVC_3,CET 1 capital ratio,0.21570668517673758
202403,HU,SVC_3,CET 1 capital ratio,0.1680045523758334
202403,IE,SVC_3,CET 1 capital ratio,0.19653053722694988
202403,IS,SVC_3,CET 1 capital ratio,0.2035786246018036
202403,IT,SVC_3,CET 1 capital ratio,0.1592969880764205
202403,LI,SVC_3,CET 1 capital ratio,0.20227183781423308
202403,LT,SVC_3,CET 1 capital ratio,0.19278279343147237
202403,LU,SVC_3,CET 1 capital ratio,0.2243459967026656
202403,LV,SVC_3,CET 1 capital ratio,0.23625687990527391
202403,MT,SVC_3,CET 1 capital ratio,0.20754811511864527
202403,NL,SVC_3,CET 1 capital ratio,0.15510751290015273
202403,NO,SVC_3,CET 1 capital ratio,0.1877041897985521
202403,PL,SVC_3,CET 1 capital ratio,0.16690015842168968
202403,PT,SVC_3,CET 1 capital ratio,0.16933132536784207
202403,RO,SVC_3,CET 1 capital ratio,0.1809493818930026
202403,SE,SVC_3,CET 1 capital ratio,0.1885002729965806
202403,SI,SVC_3,CET 1 capital ratio,0.17162540117696273
202403,SK,SVC_3,CET 1 capital ratio,0.16573989376094753
202406,AT,AQT_3.1,Non-performing debt instruments (loans and advances & debt securities) other than held for trading to total gross debt instruments (NPE ratio),0.01830975089740488
202406,BE,AQT_3.1,Non-performing debt instruments (loans and advances & debt securities) other than held for trading to total gross debt instruments (NPE ratio),0.011142397295034965
202406,BG,AQT_3.1,Non-performing debt instruments (loans and advances & debt securities) other than held for trading to total gross debt instruments (NPE ratio),0.01676801287642341
202406,CY,AQT_3.1,Non-performing debt instruments (loans and advances & debt securities) other than held for trading to total gross debt instruments (NPE ratio),0.018560588336050995
202406,CZ,AQT_3.1,Non-performing debt instruments (loans and advances & debt securities) other than held for trading to total gross debt instruments (NPE ratio),0.009067303159257153
202406,DE,AQT_3.1,Non-performing debt instruments (loans and advances & debt securities) other than held for trading to total gross debt instruments (NPE ratio),0.012309568204101257
202406,DK,AQT_3.1,Non-performing debt instruments (loans and advances & debt securities) other than held for trading to total gross debt instruments (NPE ratio),0.01110418939681268
202406,EE,AQT_3.1,Non-performing debt instruments (loans and advances & debt securities) other than held for trading to total gross debt instruments (NPE ratio),0.007255754703606876
202406,ES,AQT_3.1,Non-performing debt instruments (loans and advances & debt securities) other than held for trading to total gross debt instruments (NPE ratio),0.024071981817629828
202406,EU,AQT_3.1,Non-performing debt instruments (loans and advances & debt securities) other than held for trading to total gross debt instruments (NPE ratio),0.016375510702286968
202406,FI,AQT_3.1,Non-performing debt instruments (loans and advances & debt securities) other than held for trading to total gross debt instruments (NPE ratio),0.011000345976588707
202406,FR,AQT_3.1,Non-performing debt instruments (loans and advances & debt securities) other than held for trading to total gross debt instruments (NPE ratio),0.01855336988012468
202406,GR,AQT_3.1,Non-performing debt instruments (loans and advances & debt securities) other than held for trading to total gross debt instruments (NPE ratio),0.025900468837558747
202406,HR,AQT_3.1,Non-performing debt instruments (loans and advances & debt securities) other than held for trading to total gross debt instruments (NPE ratio),0.01562858162292727
202406,HU,AQT_3.1,Non-performing debt instruments (loans and advances & debt securities) other than held for trading to total gross debt instruments (NPE ratio),0.023087568333868824
202406,IE,AQT_3.1,Non-performing debt instruments (loans and advances & debt securities) other than held for trading to total gross debt instruments (NPE ratio),0.013161263750191702
202406,IS,AQT_3.1,Non-performing debt instruments (loans and advances & debt securities) other than held for trading to total gross debt instruments (NPE ratio),0.016804297450144123
202406,IT,AQT_3.1,Non-performing debt instruments (loans and advances & debt securities) other than held for trading to total gross debt instruments (NPE ratio),0.018319660512784615
202406,LI,AQT_3.1,Non-performing debt instruments (loans and advances & debt securities) other than held for trading to total gross debt instruments (NPE ratio),0.003233958103635927
202406,LT,AQT_3.1,Non-performing debt instruments (loans and advances & debt securities) other than held for trading to total gross debt instruments (NPE ratio),0.005064625390560545
202406,LU,AQT_3.1,Non-performing debt instruments (loans and advances & debt securities) other than held for trading to total gross debt instruments (NPE ratio),0.014438717827543458
202406,LV,AQT_3.1,Non-performing debt instruments (loans and advances & debt securities) other than held for trading to total gross debt instruments (NPE ratio),0.0038680150711632834
202406,MT,AQT_3.1,Non-performing debt instruments (loans and advances & debt securities) other than held for trading to total gross debt instruments (NPE ratio),0.013145676793213802
202406,NL,AQT_3.1,Non-performing debt instruments (loans and advances & debt securities) other than held for trading to total gross debt instruments (NPE ratio),0.012915580047063674
202406,NO,AQT_3.1,Non-performing debt instruments (loans and advances & debt securities) other than held for trading to total gross debt instruments (NPE ratio),0.007906226053745264
202406,PL,AQT_3.1,Non-performing debt instruments (loans and advances & debt securities) other than held for trading to total gross debt instruments (NPE ratio),0.02467179216122456
202406,PT,AQT_3.1,Non-performing debt instruments (loans and advances & debt securities) other than held for trading to total gross debt instruments (NPE ratio),0.019193310014916896
202406,RO,AQT_3.1,Non-performing debt instruments (loans and advances & debt securities) other than held for trading to total gross debt instruments (NPE ratio),0.019412257337542704
202406,SE,AQT_3.1,Non-performing debt instruments (loans and advances & debt securities) other than held for trading to total gross debt instruments (NPE ratio),0.0029321774543057265
202406,SI,AQT_3.1,Non-performing debt instruments (loans and advances & debt securities) other than held for trading to total gross debt instruments (NPE ratio),0.01360089973649196
202406,SK,AQT_3.1,Non-performing debt instruments (loans and advances & debt securities) other than held for trading to total gross debt instruments (NPE ratio),0.015103292730481162
202406,AT,AQT_3.2,"Share of non‐performing loans and advances
(NPL ratio)",0.021817372065377816
202406,BE,AQT_3.2,"Share of non‐performing loans and advances
(NPL ratio)",0.01231528861115208
202406,BG,AQT_3.2,"Share of non‐performing loans and advances
(NPL ratio)",0.0199093700567036
202406,CY,AQT_3.2,"Share of non‐performing loans and advances
(NPL ratio)",0.024018730265873704
202406,CZ,AQT_3.2,"Share of non‐performing loans and advances
(NPL ratio)",0.010807063254933656
202406,DE,AQT_3.2,"Share of non‐performing loans and advances
(NPL ratio)",0.013673109128141995
202406,DK,AQT_3.2,"Share of non‐performing loans and advances
(NPL ratio)",0.012194903486958402
202406,EE,AQT_3.2,"Share of non‐performing loans and advances
(NPL ratio)",0.0075687604035339275
202406,ES,AQT_3.2,"Share of non‐performing loans and advances
(NPL ratio)",0.027876439507211453
202406,EU,AQT_3.2,"Share of non‐performing loans and advances
(NPL ratio)",0.018635583865158213
202406,FI,AQT_3.2,"Share of non‐performing loans and advances
(NPL ratio)",0.012102229160974101
202406,FR,AQT_3.2,"Share of non‐performing loans and advances
(NPL ratio)",0.020319699199995274
202406,GR,AQT_3.2,"Share of non‐performing loans and advances
(NPL ratio)",0.034234985988792974
202406,HR,AQT_3.2,"Share of non‐performing loans and advances
(NPL ratio)",0.01797884076990358
202406,HU,AQT_3.2,"Share of non‐performing loans and advances
(NPL ratio)",0.02799150695059588
202406,IE,AQT_3.2,"Share of non‐performing loans and advances
(NPL ratio)",0.015121349374834878
202406,IS,AQT_3.2,"Share of non‐performing loans and advances
(NPL ratio)",0.01807414590595932
202406,IT,AQT_3.2,"Share of non‐performing loans and advances
(NPL ratio)",0.024074945952681642
202406,LI,AQT_3.2,"Share of non‐performing loans and advances
(NPL ratio)",0.003919826612578997
202406,LT,AQT_3.2,"Share of non‐performing loans and advances
(NPL ratio)",0.005622471191988909
202406,LU,AQT_3.2,"Share of non‐performing loans and advances
(NPL ratio)",0.017049477655410913
202406,LV,AQT_3.2,"Share of non‐performing loans and advances
(NPL ratio)",0.003987779687857812
202406,MT,AQT_3.2,"Share of non‐performing loans and advances
(NPL ratio)",0.020744768110640025
202406,NL,AQT_3.2,"Share of non‐performing loans and advances
(NPL ratio)",0.014160388207576135
202406,NO,AQT_3.2,"Share of non‐performing loans and advances
(NPL ratio)",0.008825133653521593
202406,PL,AQT_3.2,"Share of non‐performing loans and advances
(NPL ratio)",0.03833144340853364
202406,PT,AQT_3.2,"Share of non‐performing loans and advances
(NPL ratio)",0.024371789603641714
202406,RO,AQT_3.2,"Share of non‐performing loans and advances
(NPL ratio)",0.028213272701165328
202406,SE,AQT_3.2,"Share of non‐performing loans and advances
(NPL ratio)",0.003207698618995371
202406,SI,AQT_3.2,"Share of non‐performing loans and advances
(NPL ratio)",0.01764891689535236
202406,SK,AQT_3.2,"Share of non‐performing loans and advances
(NPL ratio)",0.01787248941366637
202406,AT,AQT_41.2,Coverage ratio of non-performing loans and advances,0.4290073288792063
202406,BE,AQT_41.2,Coverage ratio of non-performing loans and advances,0.46599191209008367
202406,BG,AQT_41.2,Coverage ratio of non-performing loans and advances,0.6267080749125364
202406,CY,AQT_41.2,Coverage ratio of non-performing loans and advances,0.35944789885239675
202406,CZ,AQT_41.2,Coverage ratio of non-performing loans and advances,0.49813333917881747
202406,DE,AQT_41.2,Coverage ratio of non-performing loans and advances,0.3256743422654293
202406,DK,AQT_41.2,Coverage ratio of non-performing loans and advances,0.2961083845331711
202406,EE,AQT_41.2,Coverage ratio of non-performing loans and advances,0.2720862794293078
202406,ES,AQT_41.2,Coverage ratio of non-performing loans and advances,0.4359231690320746
202406,EU,AQT_41.2,Coverage ratio of non-performing loans and advances,0.4199036881505467
202406,FI,AQT_41.2,Coverage ratio of non-performing loans and advances,0.2637035844097705
202406,FR,AQT_41.2,Coverage ratio of non-performing loans and advances,0.4483178662339553
202406,GR,AQT_41.2,Coverage ratio of non-performing loans and advances,0.3721043204881047
202406,HR,AQT_41.2,Coverage ratio of non-performing loans and advances,0.6968442265928886
202406,HU,AQT_41.2,Coverage ratio of non-performing loans and advances,0.609097703211708
202406,IE,AQT_41.2,Coverage ratio of non-performing loans and advances,0.3180341862239837
202406,IS,AQT_41.2,Coverage ratio of non-performing loans and advances,0.1972820726813892
202406,IT,AQT_41.2,Coverage ratio of non-performing loans and advances,0.5397808758518817
202406,LI,AQT_41.2,Coverage ratio of non-performing loans and advances,0.3478622094285582
202406,LT,AQT_41.2,Coverage ratio of non-performing loans and advances,0.4126584439417865
202406,LU,AQT_41.2,Coverage ratio of non-performing loans and advances,0.35154760521796535
202406,LV,AQT_41.2,Coverage ratio of non-performing loans and advances,0.3901193355910366
202406,MT,AQT_41.2,Coverage ratio of non-performing loans and advances,0.3047425100633983
202406,NL,AQT_41.2,Coverage ratio of non-performing loans and advances,0.2651620056867121
202406,NO,AQT_41.2,Coverage ratio of non-performing loans and advances,0.24089988268095594
202406,PL,AQT_41.2,Coverage ratio of non-performing loans and advances,0.5598892949384557
202406,PT,AQT_41.2,Coverage ratio of non-performing loans and advances,0.5846522372233945
202406,RO,AQT_41.2,Coverage ratio of non-performing loans and advances,0.6694258411626961
202406,SE,AQT_41.2,Coverage ratio of non-performing loans and advances,0.2624377048340375
202406,SI,AQT_41.2,Coverage ratio of non-performing loans and advances,0.5749305395745737
202406,SK,AQT_41.2,Coverage ratio of non-performing loans and advances,0.5490133732105107
202406,AT,AQT_42.2,Forbearance ratio - Loans and advances (gross amount) (FBL),0.018336415742318746
202406,BE,AQT_42.2,Forbearance ratio - Loans and advances (gross amount) (FBL),0.007945699595559977
202406,BG,AQT_42.2,Forbearance ratio - Loans and advances (gross amount) (FBL),0.014464296380836182
202406,CY,AQT_42.2,Forbearance ratio - Loans and advances (gross amount) (FBL),0.02442956398546714
202406,CZ,AQT_42.2,Forbearance ratio - Loans and advances (gross amount) (FBL),0.004695561243903199
202406,DE,AQT_42.2,Forbearance ratio - Loans and advances (gross amount) (FBL),0.01497751667603921
202406,DK,AQT_42.2,Forbearance ratio - Loans and advances (gross amount) (FBL),0.005349882848399111
202406,EE,AQT_42.2,Forbearance ratio - Loans and advances (gross amount) (FBL),0.015346507547046941
202406,ES,AQT_42.2,Forbearance ratio - Loans and advances (gross amount) (FBL),0.021655978025405618
202406,EU,AQT_42.2,Forbearance ratio - Loans and advances (gross amount) (FBL),0.014157084720371632
202406,FI,AQT_42.2,Forbearance ratio - Loans and advances (gross amount) (FBL),0.01570070625574204
202406,FR,AQT_42.2,Forbearance ratio - Loans and advances (gross amount) (FBL),0.009964281123881692
202406,GR,AQT_42.2,Forbearance ratio - Loans and advances (gross amount) (FBL),0.03819769456628295
202406,HR,AQT_42.2,Forbearance ratio - Loans and advances (gross amount) (FBL),0.01863819983464253
202406,HU,AQT_42.2,Forbearance ratio - Loans and advances (gross amount) (FBL),0.0201877274852547
202406,IE,AQT_42.2,Forbearance ratio - Loans and advances (gross amount) (FBL),0.018415677484504643
202406,IS,AQT_42.2,Forbearance ratio - Loans and advances (gross amount) (FBL),0.0237067016546689
202406,IT,AQT_42.2,Forbearance ratio - Loans and advances (gross amount) (FBL),0.0182563026599506
202406,LI,AQT_42.2,Forbearance ratio - Loans and advances (gross amount) (FBL),0.0033699433495486624
202406,LT,AQT_42.2,Forbearance ratio - Loans and advances (gross amount) (FBL),0.0068173453032308005
202406,LU,AQT_42.2,Forbearance ratio - Loans and advances (gross amount) (FBL),0.009671988553383842
202406,LV,AQT_42.2,Forbearance ratio - Loans and advances (gross amount) (FBL),0.010904845416944276
202406,MT,AQT_42.2,Forbearance ratio - Loans and advances (gross amount) (FBL),0.023863876894959224
202406,NL,AQT_42.2,Forbearance ratio - Loans and advances (gross amount) (FBL),0.01535147148078725
202406,NO,AQT_42.2,Forbearance ratio - Loans and advances (gross amount) (FBL),0.010085100287867712
202406,PL,AQT_42.2,Forbearance ratio - Loans and advances (gross amount) (FBL),0.014103073043764522
202406,PT,AQT_42.2,Forbearance ratio - Loans and advances (gross amount) (FBL),0.02445630078635853
202406,RO,AQT_42.2,Forbearance ratio - Loans and advances (gross amount) (FBL),0.01627139455298428
202406,SE,AQT_42.2,Forbearance ratio - Loans and advances (gross amount) (FBL),0.0044920512138349935
202406,SI,AQT_42.2,Forbearance ratio - Loans and advances (gross amount) (FBL),0.012781969124243424
202406,SK,AQT_42.2,Forbearance ratio - Loans and advances (gross amount) (FBL),0.014379948000055523
202406,AT,FND_32,Loans and advances-to-deposits ratio for households and non-financial corporations,0.9933689272098072
202406,BE,FND_32,Loans and advances-to-deposits ratio for households and non-financial corporations,1.0371021638463573
202406,BG,FND_32,Loans and advances-to-deposits ratio for households and non-financial corporations,0.7731100453487875
202406,CY,FND_32,Loans and advances-to-deposits ratio for households and non-financial corporations,0.49525237798770433
202406,CZ,FND_32,Loans and advances-to-deposits ratio for households and non-financial corporations,0.8424960346480918
202406,DE,FND_32,Loans and advances-to-deposits ratio for households and non-financial corporations,1.127509188575058
202406,DK,FND_32,Loans and advances-to-deposits ratio for households and non-financial corporations,3.072881829422862
202406,EE,FND_32,Loans and advances-to-deposits ratio for households and non-financial corporations,1.008556854083957
202406,ES,FND_32,Loans and advances-to-deposits ratio for households and non-financial corporations,0.993245551079222
202406,EU,FND_32,Loans and advances-to-deposits ratio for households and non-financial corporations,1.0644872409055108
202406,FI,FND_32,Loans and advances-to-deposits ratio for households and non-financial corporations,1.648572619393479
202406,FR,FND_32,Loans and advances-to-deposits ratio for households and non-financial corporations,1.0547319560010118
202406,GR,FND_32,Loans and advances-to-deposits ratio for households and non-financial corporations,0.6002796389242525
202406,HR,FND_32,Loans and advances-to-deposits ratio for households and non-financial corporations,0.6940567895589144
202406,HU,FND_32,Loans and advances-to-deposits ratio for households and non-financial corporations,0.7775387513758325
202406,IE,FND_32,Loans and advances-to-deposits ratio for households and non-financial corporations,0.7203538178423812
202406,IS,FND_32,Loans and advances-to-deposits ratio for households and non-financial corporations,1.709293107544115
202406,IT,FND_32,Loans and advances-to-deposits ratio for households and non-financial corporations,0.8897759760830422
202406,LI,FND_32,Loans and advances-to-deposits ratio for households and non-financial corporations,0.6626269892484761
202406,LT,FND_32,Loans and advances-to-deposits ratio for households and non-financial corporations,0.4429967698005661
202406,LU,FND_32,Loans and advances-to-deposits ratio for households and non-financial corporations,1.5305648456913967
202406,LV,FND_32,Loans and advances-to-deposits ratio for households and non-financial corporations,0.739823767540906
202406,MT,FND_32,Loans and advances-to-deposits ratio for households and non-financial corporations,0.6004389749775038
202406,NL,FND_32,Loans and advances-to-deposits ratio for households and non-financial corporations,1.1018746161081325
202406,NO,FND_32,Loans and advances-to-deposits ratio for households and non-financial corporations,1.5909590698578209
202406,PL,FND_32,Loans and advances-to-deposits ratio for households and non-financial corporations,0.7215606834191105
202406,PT,FND_32,Loans and advances-to-deposits ratio for households and non-financial corporations,0.6896430522880124
202406,RO,FND_32,Loans and advances-to-deposits ratio for households and non-financial corporations,0.5711357425466473
202406,SE,FND_32,Loans and advances-to-deposits ratio for households and non-financial corporations,1.723660790709463
202406,SI,FND_32,Loans and advances-to-deposits ratio for households and non-financial corporations,0.6913822783323711
202406,SK,FND_32,Loans and advances-to-deposits ratio for households and non-financial corporations,1.0753632079217423
202406,AT,FND_33,Asset encumbrance ratio,0.18045225529661826
202406,BE,FND_33,Asset encumbrance ratio,0.10299484070140476
202406,BG,FND_33,Asset encumbrance ratio,0.025734116408104322
202406,CY,FND_33,Asset encumbrance ratio,0.07421158645481256
202406,CZ,FND_33,Asset encumbrance ratio,0.1265894660254522
202406,DE,FND_33,Asset encumbrance ratio,0.30984714533635166
202406,DK,FND_33,Asset encumbrance ratio,0.5089825680210739
202406,EE,FND_33,Asset encumbrance ratio,0.031864985271687636
202406,ES,FND_33,Asset encumbrance ratio,0.1886661881321517
202406,EU,FND_33,Asset encumbrance ratio,0.24152995596642762
202406,FI,FND_33,Asset encumbrance ratio,0.30359202040063027
202406,FR,FND_33,Asset encumbrance ratio,0.2721161379571264
202406,GR,FND_33,Asset encumbrance ratio,0.1101181087929679
202406,HR,FND_33,Asset encumbrance ratio,0.015829892155850903
202406,HU,FND_33,Asset encumbrance ratio,0.093760472783567
202406,IE,FND_33,Asset encumbrance ratio,0.18110478855085707
202406,IS,FND_33,Asset encumbrance ratio,0.2034102802221567
202406,IT,FND_33,Asset encumbrance ratio,0.2207873349236088
202406,LI,FND_33,Asset encumbrance ratio,0.03974639281633452
202406,LT,FND_33,Asset encumbrance ratio,0.01196878716440219
202406,LU,FND_33,Asset encumbrance ratio,0.08057080049282683
202406,LV,FND_33,Asset encumbrance ratio,0.00991724681664645
202406,MT,FND_33,Asset encumbrance ratio,0.060729413610865236
202406,NL,FND_33,Asset encumbrance ratio,0.1607474246900259
202406,NO,FND_33,Asset encumbrance ratio,0.18029432154002342
202406,PL,FND_33,Asset encumbrance ratio,0.03289421423183162
202406,PT,FND_33,Asset encumbrance ratio,0.0865749344326421
202406,RO,FND_33,Asset encumbrance ratio,0.016961433102617645
202406,SE,FND_33,Asset encumbrance ratio,0.20651075141849917
202406,SI,FND_33,Asset encumbrance ratio,0.03162213297438004
202406,SK,FND_33,Asset encumbrance ratio,0.15471168720737202
202406,AT,LIQ_17,Liquidity coverage ratio,1.66852704977214
202406,BE,LIQ_17,Liquidity coverage ratio,1.8666004759212025
202406,BG,LIQ_17,Liquidity coverage ratio,2.2394917635060367
202406,CY,LIQ_17,Liquidity coverage ratio,3.3280843035636756
202406,CZ,LIQ_17,Liquidity coverage ratio,1.7587455049800775
202406,DE,LIQ_17,Liquidity coverage ratio,1.4939545042029816
202406,DK,LIQ_17,Liquidity coverage ratio,2.0140915184639487
202406,EE,LIQ_17,Liquidity coverage ratio,1.9566726388423985
202406,ES,LIQ_17,Liquidity coverage ratio,1.7616557427664488
202406,EU,LIQ_17,Liquidity coverage ratio,1.632394719545834
202406,FI,LIQ_17,Liquidity coverage ratio,1.7399128903626728
202406,FR,LIQ_17,Liquidity coverage ratio,1.481849864147758
202406,GR,LIQ_17,Liquidity coverage ratio,2.068355528246973
202406,HR,LIQ_17,Liquidity coverage ratio,2.098449612744064
202406,HU,LIQ_17,Liquidity coverage ratio,1.9807726529745626
202406,IE,LIQ_17,Liquidity coverage ratio,1.7419300170894838
202406,IS,LIQ_17,Liquidity coverage ratio,1.716994367817598
202406,IT,LIQ_17,Liquidity coverage ratio,1.6816648140535653
202406,LI,LIQ_17,Liquidity coverage ratio,2.0698414494300406
202406,LT,LIQ_17,Liquidity coverage ratio,3.8309670552749524
202406,LU,LIQ_17,Liquidity coverage ratio,1.536287316188502
202406,LV,LIQ_17,Liquidity coverage ratio,1.5506408926962134
202406,MT,LIQ_17,Liquidity coverage ratio,3.748064049162792
202406,NL,LIQ_17,Liquidity coverage ratio,1.5091957145341484
202406,NO,LIQ_17,Liquidity coverage ratio,1.389052320387703
202406,PL,LIQ_17,Liquidity coverage ratio,2.3567295732894094
202406,PT,LIQ_17,Liquidity coverage ratio,2.5733833713039957
202406,RO,LIQ_17,Liquidity coverage ratio,2.735587036514465
202406,SE,LIQ_17,Liquidity coverage ratio,1.6552383545123375
202406,SI,LIQ_17,Liquidity coverage ratio,3.133723682153028
202406,SK,LIQ_17,Liquidity coverage ratio,1.8812161639611338
202406,AT,LIQ_20,Net Stable Funding Ratio,1.3984703316371414
202406,BE,LIQ_20,Net Stable Funding Ratio,1.3063030415789931
202406,BG,LIQ_20,Net Stable Funding Ratio,1.5881452600635941
202406,CY,LIQ_20,Net Stable Funding Ratio,1.8358902126382837
202406,CZ,LIQ_20,Net Stable Funding Ratio,1.5513796298643732
202406,DE,LIQ_20,Net Stable Funding Ratio,1.2519677225316332
202406,DK,LIQ_20,Net Stable Funding Ratio,1.3078708868645526
202406,EE,LIQ_20,Net Stable Funding Ratio,1.4697221092466386
202406,ES,LIQ_20,Net Stable Funding Ratio,1.317733966485232
202406,EU,LIQ_20,Net Stable Funding Ratio,1.2762504580499379
202406,FI,LIQ_20,Net Stable Funding Ratio,1.2403963078305285
202406,FR,LIQ_20,Net Stable Funding Ratio,1.1637510147080303
202406,GR,LIQ_20,Net Stable Funding Ratio,1.3370140190512654
202406,HR,LIQ_20,Net Stable Funding Ratio,1.6890564462976845
202406,HU,LIQ_20,Net Stable Funding Ratio,1.4803080756570655
202406,IE,LIQ_20,Net Stable Funding Ratio,1.5277574982839164
202406,IS,LIQ_20,Net Stable Funding Ratio,1.2172927612405275
202406,IT,LIQ_20,Net Stable Funding Ratio,1.3274115694180566
202406,LI,LIQ_20,Net Stable Funding Ratio,1.6366741810750813
202406,LT,LIQ_20,Net Stable Funding Ratio,1.9736143863762994
202406,LU,LIQ_20,Net Stable Funding Ratio,1.2590173601573682
202406,LV,LIQ_20,Net Stable Funding Ratio,1.2487000535231136
202406,MT,LIQ_20,Net Stable Funding Ratio,1.7401287488385395
202406,NL,LIQ_20,Net Stable Funding Ratio,1.3562537421177125
202406,NO,LIQ_20,Net Stable Funding Ratio,1.1882641951503756
202406,PL,LIQ_20,Net Stable Funding Ratio,1.5889082447212968
202406,PT,LIQ_20,Net Stable Funding Ratio,1.570312594166009
202406,RO,LIQ_20,Net Stable Funding Ratio,2.1186373896120303
202406,SE,LIQ_20,Net Stable Funding Ratio,1.2207205760099433
202406,SI,LIQ_20,Net Stable Funding Ratio,1.745735713239615
202406,SK,LIQ_20,Net Stable Funding Ratio,1.3676840562198804
202406,AT,PFT_21,"Return on equity (numerator annualised, denominator as average)",0.13066822469959496
202406,BE,PFT_21,"Return on equity (numerator annualised, denominator as average)",0.11992331920022135
202406,BG,PFT_21,"Return on equity (numerator annualised, denominator as average)",0.18451691658988123
202406,CY,PFT_21,"Return on equity (numerator annualised, denominator as average)",0.2208800679476509
202406,CZ,PFT_21,"Return on equity (numerator annualised, denominator as average)",0.1494434511286084
202406,DE,PFT_21,"Return on equity (numerator annualised, denominator as average)",0.058601290181933045
202406,DK,PFT_21,"Return on equity (numerator annualised, denominator as average)",0.1262181533776588
202406,EE,PFT_21,"Return on equity (numerator annualised, denominator as average)",0.16445361535150468
202406,ES,PFT_21,"Return on equity (numerator annualised, denominator as average)",0.14153070736205503
202406,EU,PFT_21,"Return on equity (numerator annualised, denominator as average)",0.10865075980043495
202406,FI,PFT_21,"Return on equity (numerator annualised, denominator as average)",0.15365623916718235
202406,FR,PFT_21,"Return on equity (numerator annualised, denominator as average)",0.06864691978584699
202406,GR,PFT_21,"Return on equity (numerator annualised, denominator as average)",0.1455447019946862
202406,HR,PFT_21,"Return on equity (numerator annualised, denominator as average)",0.18908515165580092
202406,HU,PFT_21,"Return on equity (numerator annualised, denominator as average)",0.21846870463766102
202406,IE,PFT_21,"Return on equity (numerator annualised, denominator as average)",0.12948186517651067
202406,IS,PFT_21,"Return on equity (numerator annualised, denominator as average)",0.10259574547536368
202406,IT,PFT_21,"Return on equity (numerator annualised, denominator as average)",0.15549607559258377
202406,LI,PFT_21,"Return on equity (numerator annualised, denominator as average)",0.05783966186236131
202406,LT,PFT_21,"Return on equity (numerator annualised, denominator as average)",0.20540969159215502
202406,LU,PFT_21,"Return on equity (numerator annualised, denominator as average)",0.09300971851350455
202406,LV,PFT_21,"Return on equity (numerator annualised, denominator as average)",0.20233562077653175
202406,MT,PFT_21,"Return on equity (numerator annualised, denominator as average)",0.13739437936422572
202406,NL,PFT_21,"Return on equity (numerator annualised, denominator as average)",0.12206616797470599
202406,NO,PFT_21,"Return on equity (numerator annualised, denominator as average)",0.1456771625740363
202406,PL,PFT_21,"Return on equity (numerator annualised, denominator as average)",0.17944763683318063
202406,PT,PFT_21,"Return on equity (numerator annualised, denominator as average)",0.18008322874089017
202406,RO,PFT_21,"Return on equity (numerator annualised, denominator as average)",0.21790646840363692
202406,SE,PFT_21,"Return on equity (numerator annualised, denominator as average)",0.14788169726512168
202406,SI,PFT_21,"Return on equity (numerator annualised, denominator as average)",0.17517914527259504
202406,SK,PFT_21,"Return on equity (numerator annualised, denominator as average)",0.11967064647646233
202406,AT,PFT_23,Cost to income ratio,0.4782775441813517
202406,BE,PFT_23,Cost to income ratio,0.5086361741846868
202406,BG,PFT_23,Cost to income ratio,0.3148877114787202
202406,CY,PFT_23,Cost to income ratio,0.34659211721949285
202406,CZ,PFT_23,Cost to income ratio,0.45792927550375406
202406,DE,PFT_23,Cost to income ratio,0.5916486159894879
202406,DK,PFT_23,Cost to income ratio,0.41478423170458883
202406,EE,PFT_23,Cost to income ratio,0.3836728891390061
202406,ES,PFT_23,Cost to income ratio,0.4224135605690983
202406,EU,PFT_23,Cost to income ratio,0.517664700069487
202406,FI,PFT_23,Cost to income ratio,0.40777168749758536
202406,FR,PFT_23,Cost to income ratio,0.6781451137338974
202406,GR,PFT_23,Cost to income ratio,0.3239920540321166
202406,HR,PFT_23,Cost to income ratio,0.3760472156718964
202406,HU,PFT_23,Cost to income ratio,0.48238197948622524
202406,IE,PFT_23,Cost to income ratio,0.46821572256046373
202406,IS,PFT_23,Cost to income ratio,0.41636657558864487
202406,IT,PFT_23,Cost to income ratio,0.4659310481055044
202406,LI,PFT_23,Cost to income ratio,0.7948642392563832
202406,LT,PFT_23,Cost to income ratio,0.4598413540640202
202406,LU,PFT_23,Cost to income ratio,0.4990321039158863
202406,LV,PFT_23,Cost to income ratio,0.38527979127523065
202406,MT,PFT_23,Cost to income ratio,0.4593067214098829
202406,NL,PFT_23,Cost to income ratio,0.5012783103654084
202406,NO,PFT_23,Cost to income ratio,0.36670149675752806
202406,PL,PFT_23,Cost to income ratio,0.3680543992264507
202406,PT,PFT_23,Cost to income ratio,0.30639187853757643
202406,RO,PFT_23,Cost to income ratio,0.458417401128687
202406,SE,PFT_23,Cost to income ratio,0.3989290201049768
202406,SI,PFT_23,Cost to income ratio,0.454948746634782
202406,SK,PFT_23,Cost to income ratio,0.4072070898533576
202406,AT,PFT_24,Return on assets,0.01204766699368684
202406,BE,PFT_24,Return on assets,0.0085924160027282
202406,BG,PFT_24,Return on assets,0.02219425730264182
202406,CY,PFT_24,Return on assets,0.02009020886906474
202406,CZ,PFT_24,Return on assets,0.010427342181824834
202406,DE,PFT_24,Return on assets,0.0035811979216482954
202406,DK,PFT_24,Return on assets,0.00718408373616962
202406,EE,PFT_24,Return on assets,0.01851368927497349
202406,ES,PFT_24,Return on assets,0.009093857368481529
202406,EU,PFT_24,Return on assets,0.007380754326373618
202406,FI,PFT_24,Return on assets,0.010407345189318731
202406,FR,PFT_24,Return on assets,0.004372082820475505
202406,GR,PFT_24,Return on assets,0.014933339953039096
202406,HR,PFT_24,Return on assets,0.02198197452691114
202406,HU,PFT_24,Return on assets,0.02358495616038419
202406,IE,PFT_24,Return on assets,0.01412432795927672
202406,IS,PFT_24,Return on assets,0.014328077086388691
202406,IT,PFT_24,Return on assets,0.012735230720042165
202406,LI,PFT_24,Return on assets,0.005601228214916512
202406,LT,PFT_24,Return on assets,0.014360918054140625
202406,LU,PFT_24,Return on assets,0.00866571534855967
202406,LV,PFT_24,Return on assets,0.023046008863793307
202406,MT,PFT_24,Return on assets,0.010880924747817126
202406,NL,PFT_24,Return on assets,0.007654794193900304
202406,NO,PFT_24,Return on assets,0.012362148204385809
202406,PL,PFT_24,Return on assets,0.01777446661623847
202406,PT,PFT_24,Return on assets,0.01593306353693462
202406,RO,PFT_24,Return on assets,0.0194171744432088
202406,SE,PFT_24,Return on assets,0.009006329438647374
202406,SI,PFT_24,Return on assets,0.020812447635708293
202406,SK,PFT_24,Return on assets,0.01019835280970132
202406,AT,PFT_25,Net interest income to total net operating income,0.6828137135162334
202406,BE,PFT_25,Net interest income to total net operating income,0.7333817883927758
202406,BG,PFT_25,Net interest income to total net operating income,0.7028109696776278
202406,CY,PFT_25,Net interest income to total net operating income,0.8151181328863789
202406,CZ,PFT_25,Net interest income to total net operating income,0.7062421490309785
202406,DE,PFT_25,Net interest income to total net operating income,0.5291997343532463
202406,DK,PFT_25,Net interest income to total net operating income,0.6340858936732441
202406,EE,PFT_25,Net interest income to total net operating income,0.8211146051772181
202406,ES,PFT_25,Net interest income to total net operating income,0.7653119363867172
202406,EU,PFT_25,Net interest income to total net operating income,0.6124902764410571
202406,FI,PFT_25,Net interest income to total net operating income,0.6943883591261996
202406,FR,PFT_25,Net interest income to total net operating income,0.41747149560102226
202406,GR,PFT_25,Net interest income to total net operating income,0.7855304021967451
202406,HR,PFT_25,Net interest income to total net operating income,0.7339692033805829
202406,HU,PFT_25,Net interest income to total net operating income,0.6854765941527924
202406,IE,PFT_25,Net interest income to total net operating income,0.7117242250932828
202406,IS,PFT_25,Net interest income to total net operating income,0.7407296575573087
202406,IT,PFT_25,Net interest income to total net operating income,0.5959027110563455
202406,LI,PFT_25,Net interest income to total net operating income,0.1821914908846657
202406,LT,PFT_25,Net interest income to total net operating income,1.005508167872786
202406,LU,PFT_25,Net interest income to total net operating income,0.7239801391681789
202406,LV,PFT_25,Net interest income to total net operating income,0.8156083452628126
202406,MT,PFT_25,Net interest income to total net operating income,0.8525916842938343
202406,NL,PFT_25,Net interest income to total net operating income,0.6900989207592277
202406,NO,PFT_25,Net interest income to total net operating income,0.772335317715618
202406,PL,PFT_25,Net interest income to total net operating income,0.8005789568916539
202406,PT,PFT_25,Net interest income to total net operating income,0.787188850793758
202406,RO,PFT_25,Net interest income to total net operating income,0.712374199017003
202406,SE,PFT_25,Net interest income to total net operating income,0.7044374612444866
202406,SI,PFT_25,Net interest income to total net operating income,0.7494918179779463
202406,SK,PFT_25,Net interest income to total net operating income,0.7052953911035581
202406,AT,PFT_26,Net fee and comission income to total net operating income,0.2848867156695876
202406,BE,PFT_26,Net fee and comission income to total net operating income,0.244961585276659
202406,BG,PFT_26,Net fee and comission income to total net operating income,0.22395555037014878
202406,CY,PFT_26,Net fee and comission income to total net operating income,0.14380477246969223
202406,CZ,PFT_26,Net fee and comission income to total net operating income,0.23149688497830115
202406,DE,PFT_26,Net fee and comission income to total net operating income,0.3092497559298264
202406,DK,PFT_26,Net fee and comission income to total net operating income,0.1862214329217359
202406,EE,PFT_26,Net fee and comission income to total net operating income,0.13284467462783783
202406,ES,PFT_26,Net fee and comission income to total net operating income,0.22981441054292778
202406,EU,PFT_26,Net fee and comission income to total net operating income,0.2796966236903325
202406,FI,PFT_26,Net fee and comission income to total net operating income,0.2082415841814649
202406,FR,PFT_26,Net fee and comission income to total net operating income,0.36951724484533577
202406,GR,PFT_26,Net fee and comission income to total net operating income,0.17335845642773723
202406,HR,PFT_26,Net fee and comission income to total net operating income,0.22181783837414873
202406,HU,PFT_26,Net fee and comission income to total net operating income,0.28182550543924006
202406,IE,PFT_26,Net fee and comission income to total net operating income,0.1784156303817052
202406,IS,PFT_26,Net fee and comission income to total net operating income,0.18711925271690502
202406,IT,PFT_26,Net fee and comission income to total net operating income,0.3172697673642269
202406,LI,PFT_26,Net fee and comission income to total net operating income,0.5906229917402567
202406,LT,PFT_26,Net fee and comission income to total net operating income,0.729257051302059
202406,LU,PFT_26,Net fee and comission income to total net operating income,0.20005169690246777
202406,LV,PFT_26,Net fee and comission income to total net operating income,0.14923374804123385
202406,MT,PFT_26,Net fee and comission income to total net operating income,0.12630387193305478
202406,NL,PFT_26,Net fee and comission income to total net operating income,0.16750819585476076
202406,NO,PFT_26,Net fee and comission income to total net operating income,0.15344642436888817
202406,PL,PFT_26,Net fee and comission income to total net operating income,0.19219640870349627
202406,PT,PFT_26,Net fee and comission income to total net operating income,0.19853326365137422
202406,RO,PFT_26,Net fee and comission income to total net operating income,0.16926682663511883
202406,SE,PFT_26,Net fee and comission income to total net operating income,0.20449110395007936
202406,SI,PFT_26,Net fee and comission income to total net operating income,0.21950523608099562
202406,SK,PFT_26,Net fee and comission income to total net operating income,0.26503348741061505
202406,AT,PFT_29,Net trading income to total net operating income,0.06634743457699162
202406,BE,PFT_29,Net trading income to total net operating income,0.04414192730455561
202406,BG,PFT_29,Net trading income to total net operating income,0.06691323578614676
202406,CY,PFT_29,Net trading income to total net operating income,0.002714128799012168
202406,CZ,PFT_29,Net trading income to total net operating income,0.03353502659079149
202406,DE,PFT_29,Net trading income to total net operating income,0.11517431669828977
202406,DK,PFT_29,Net trading income to total net operating income,0.0988574821717735
202406,EE,PFT_29,Net trading income to total net operating income,0.045245765878657605
202406,ES,PFT_29,Net trading income to total net operating income,0.03634348098733091
202406,EU,PFT_29,Net trading income to total net operating income,0.07763474186978443
202406,FI,PFT_29,Net trading income to total net operating income,0.13737101334208707
202406,FR,PFT_29,Net trading income to total net operating income,0.1257658797853854
202406,GR,PFT_29,Net trading income to total net operating income,0.007418216242643294
202406,HR,PFT_29,Net trading income to total net operating income,0.016553632145138088
202406,HU,PFT_29,Net trading income to total net operating income,0.032153028999545925
202406,IE,PFT_29,Net trading income to total net operating income,0.033676666613350996
202406,IS,PFT_29,Net trading income to total net operating income,0.052636329533242016
202406,IT,PFT_29,Net trading income to total net operating income,0.036214795731990615
202406,LI,PFT_29,Net trading income to total net operating income,0.14400690544724293
202406,LT,PFT_29,Net trading income to total net operating income,0.064418513745896
202406,LU,PFT_29,Net trading income to total net operating income,-0.06612838934809587
202406,LV,PFT_29,Net trading income to total net operating income,0.03843080993718984
202406,MT,PFT_29,Net trading income to total net operating income,0.013940687430018871
202406,NL,PFT_29,Net trading income to total net operating income,0.10841147652849463
202406,NO,PFT_29,Net trading income to total net operating income,0.04937785810033071
202406,PL,PFT_29,Net trading income to total net operating income,0.028706131254719606
202406,PT,PFT_29,Net trading income to total net operating income,0.006633932296176194
202406,RO,PFT_29,Net trading income to total net operating income,0.04221826411132798
202406,SE,PFT_29,Net trading income to total net operating income,0.0743506324674838
202406,SI,PFT_29,Net trading income to total net operating income,0.014541298154147392
202406,SK,PFT_29,Net trading income to total net operating income,0.016803006119943086
202406,AT,PFT_41,Net interest margin,0.022781858304589567
202406,BE,PFT_41,Net interest margin,0.017733127121130596
202406,BG,PFT_41,Net interest margin,0.031426877412404595
202406,CY,PFT_41,Net interest margin,0.03500436430907923
202406,CZ,PFT_41,Net interest margin,0.017873011863511777
202406,DE,PFT_41,Net interest margin,0.011511110600184365
202406,DK,PFT_41,Net interest margin,0.011280459534099523
202406,EE,PFT_41,Net interest margin,0.037100669156285536
202406,ES,PFT_41,Net interest margin,0.02872139885653527
202406,EU,PFT_41,Net interest margin,0.016760534886371945
202406,FI,PFT_41,Net interest margin,0.01713009224418709
202406,FR,PFT_41,Net interest margin,0.009001081018206836
202406,GR,PFT_41,Net interest margin,0.03292734428862711
202406,HR,PFT_41,Net interest margin,0.030857184619345463
202406,HU,PFT_41,Net interest margin,0.04407561466467445
202406,IE,PFT_41,Net interest margin,0.027830035765887714
202406,IS,PFT_41,Net interest margin,0.031093257804387972
202406,IT,PFT_41,Net interest margin,0.022858385893435543
202406,LI,PFT_41,Net interest margin,0.007252122694362958
202406,LT,PFT_41,Net interest margin,0.03783961935812338
202406,LU,PFT_41,Net interest margin,0.01722047556436818
202406,LV,PFT_41,Net interest margin,0.03818525537152049
202406,MT,PFT_41,Net interest margin,0.02642992820872261
202406,NL,PFT_41,Net interest margin,0.016549969560553414
202406,NO,PFT_41,Net interest margin,0.0217535694159878
202406,PL,PFT_41,Net interest margin,0.043905905891781734
202406,PT,PFT_41,Net interest margin,0.03071683043550113
202406,RO,PFT_41,Net interest margin,0.034237971179331035
202406,SE,PFT_41,Net interest margin,0.014539634928415208
202406,SI,PFT_41,Net interest margin,0.03558340890197784
202406,SK,PFT_41,Net interest margin,0.022363210822970245
202406,AT,PFT_43,Cost of risk,0.00528961984478301
202406,BE,PFT_43,Cost of risk,0.0016663862833429192
202406,BG,PFT_43,Cost of risk,0.005934743394824393
202406,CY,PFT_43,Cost of risk,0.003721215549240827
202406,CZ,PFT_43,Cost of risk,0.0012638350975874954
202406,DE,PFT_43,Cost of risk,0.004822777482661507
202406,DK,PFT_43,Cost of risk,0.002718952871469566
202406,EE,PFT_43,Cost of risk,-3.4000780065175065e-05
202406,ES,PFT_43,Cost of risk,0.010839628265009706
202406,EU,PFT_43,Cost of risk,0.005069848294396862
202406,FI,PFT_43,Cost of risk,0.0018948519283938194
202406,FR,PFT_43,Cost of risk,0.005400979311404342
202406,GR,PFT_43,Cost of risk,0.005527044741844458
202406,HR,PFT_43,Cost of risk,0.00046723298264094565
202406,HU,PFT_43,Cost of risk,0.010959635946466302
202406,IE,PFT_43,Cost of risk,0.003274300764885318
202406,IS,PFT_43,Cost of risk,0.00531559474453389
202406,IT,PFT_43,Cost of risk,0.003229134718713895
202406,LI,PFT_43,Cost of risk,-0.0007425491547229421
202406,LT,PFT_43,Cost of risk,0.0036000081600034268
202406,LU,PFT_43,Cost of risk,0.0033156614644693156
202406,LV,PFT_43,Cost of risk,0.00012024644623688619
202406,MT,PFT_43,Cost of risk,0.008208402761468381
202406,NL,PFT_43,Cost of risk,0.0018254513646008684
202406,NO,PFT_43,Cost of risk,0.0015327439125545942
202406,PL,PFT_43,Cost of risk,0.006772860321858059
202406,PT,PFT_43,Cost of risk,0.0034641041311461213
202406,RO,PFT_43,Cost of risk,0.01396884883866552
202406,SE,PFT_43,Cost of risk,0.0006496197546060589
202406,SI,PFT_43,Cost of risk,0.004550041721476192
202406,SK,PFT_43,Cost of risk,0.0033986291186207398
202406,AT,SVC_1,Tier 1 capital ratio,0.1825237536881634
202406,BE,SVC_1,Tier 1 capital ratio,0.19465362621692656
202406,BG,SVC_1,Tier 1 capital ratio,0.22213196196065058
202406,CY,SVC_1,Tier 1 capital ratio,0.2510193114172776
202406,CZ,SVC_1,Tier 1 capital ratio,0.18221875351954067
202406,DE,SVC_1,Tier 1 capital ratio,0.18028462466343476
202406,DK,SVC_1,Tier 1 capital ratio,0.19877494608653254
202406,EE,SVC_1,Tier 1 capital ratio,0.20464856517243116
202406,ES,SVC_1,Tier 1 capital ratio,0.14302509883771689
202406,EU,SVC_1,Tier 1 capital ratio,0.1747922432436431
202406,FI,SVC_1,Tier 1 capital ratio,0.2075051624425359
202406,FR,SVC_1,Tier 1 capital ratio,0.17092376918304517
202406,GR,SVC_1,Tier 1 capital ratio,0.16222145423026368
202406,HR,SVC_1,Tier 1 capital ratio,0.2094424933442524
202406,HU,SVC_1,Tier 1 capital ratio,0.1740675691220084
202406,IE,SVC_1,Tier 1 capital ratio,0.20730849148828262
202406,IS,SVC_1,Tier 1 capital ratio,0.20961207330071485
202406,IT,SVC_1,Tier 1 capital ratio,0.17845161736853268
202406,LI,SVC_1,Tier 1 capital ratio,0.19894813239106046
202406,LT,SVC_1,Tier 1 capital ratio,0.1869801787886352
202406,LU,SVC_1,Tier 1 capital ratio,0.22516966354831575
202406,LV,SVC_1,Tier 1 capital ratio,0.2348575809736716
202406,MT,SVC_1,Tier 1 capital ratio,0.2114581663580909
202406,NL,SVC_1,Tier 1 capital ratio,0.17385133646730463
202406,NO,SVC_1,Tier 1 capital ratio,0.20691842585688344
202406,PL,SVC_1,Tier 1 capital ratio,0.16870497892062977
202406,PT,SVC_1,Tier 1 capital ratio,0.1901564629132406
202406,RO,SVC_1,Tier 1 capital ratio,0.20223536711004453
202406,SE,SVC_1,Tier 1 capital ratio,0.21055831564920066
202406,SI,SVC_1,Tier 1 capital ratio,0.1712113515431192
202406,SK,SVC_1,Tier 1 capital ratio,0.18354114746058314
202406,AT,SVC_13,Leverage ratio,0.07391224157007557
202406,BE,SVC_13,Leverage ratio,0.06467800152225378
202406,BG,SVC_13,Leverage ratio,0.10487485868709231
202406,CY,SVC_13,Leverage ratio,0.09173425176898467
202406,CZ,SVC_13,Leverage ratio,0.05344725112535343
202406,DE,SVC_13,Leverage ratio,0.05518694056843396
202406,DK,SVC_13,Leverage ratio,0.05036921750522749
202406,EE,SVC_13,Leverage ratio,0.08646047951555343
202406,ES,SVC_13,Leverage ratio,0.05471307552840696
202406,EU,SVC_13,Leverage ratio,0.0580396878281487
202406,FI,SVC_13,Leverage ratio,0.061618242324313545
202406,FR,SVC_13,Leverage ratio,0.05358521102716579
202406,GR,SVC_13,Leverage ratio,0.07898370738761631
202406,HR,SVC_13,Leverage ratio,0.09333772668819226
202406,HU,SVC_13,Leverage ratio,0.09104977101733944
202406,IE,SVC_13,Leverage ratio,0.08278991092000075
202406,IS,SVC_13,Leverage ratio,0.12850627807062107
202406,IT,SVC_13,Leverage ratio,0.061290829270591256
202406,LI,SVC_13,Leverage ratio,0.0769855910402244
202406,LT,SVC_13,Leverage ratio,0.061199700423235484
202406,LU,SVC_13,Leverage ratio,0.07361024420401878
202406,LV,SVC_13,Leverage ratio,0.09683185893930756
202406,MT,SVC_13,Leverage ratio,0.06914949474770139
202406,NL,SVC_13,Leverage ratio,0.05773771132419566
202406,NO,SVC_13,Leverage ratio,0.06600131395261592
202406,PL,SVC_13,Leverage ratio,0.07865851681859819
202406,PT,SVC_13,Leverage ratio,0.07201648451954266
202406,RO,SVC_13,Leverage ratio,0.07557060702206661
202406,SE,SVC_13,Leverage ratio,0.053060316579641456
202406,SI,SVC_13,Leverage ratio,0.09699872808763754
202406,SK,SVC_13,Leverage ratio,0.07251230086216351
202406,AT,SVC_2,Total capital ratio,0.2064058838399274
202406,BE,SVC_2,Total capital ratio,0.22143116568305948
202406,BG,SVC_2,Total capital ratio,0.2393706185108202
202406,CY,SVC_2,Total capital ratio,0.2779072835891121
202406,CZ,SVC_2,Total capital ratio,0.19275345773280583
202406,DE,SVC_2,Total capital ratio,0.21549599788527088
202406,DK,SVC_2,Total capital ratio,0.22620652523934015
202406,EE,SVC_2,Total capital ratio,0.21190265243521064
202406,ES,SVC_2,Total capital ratio,0.16868969980162568
202406,EU,SVC_2,Total capital ratio,0.20120310687102372
202406,FI,SVC_2,Total capital ratio,0.23501088201733142
202406,FR,SVC_2,Total capital ratio,0.19525648852132818
202406,GR,SVC_2,Total capital ratio,0.1907186541877721
202406,HR,SVC_2,Total capital ratio,0.2106184890786133
202406,HU,SVC_2,Total capital ratio,0.18765214324969728
202406,IE,SVC_2,Total capital ratio,0.23236627716706296
202406,IS,SVC_2,Total capital ratio,0.2354631579738379
202406,IT,SVC_2,Total capital ratio,0.20595071579496355
202406,LI,SVC_2,Total capital ratio,0.19894813239106046
202406,LT,SVC_2,Total capital ratio,0.20014904312260928
202406,LU,SVC_2,Total capital ratio,0.22946324124912404
202406,LV,SVC_2,Total capital ratio,0.24821657726498608
202406,MT,SVC_2,Total capital ratio,0.24266602976275242
202406,NL,SVC_2,Total capital ratio,0.1998999781746891
202406,NO,SVC_2,Total capital ratio,0.2321738537022706
202406,PL,SVC_2,Total capital ratio,0.17906582839764396
202406,PT,SVC_2,Total capital ratio,0.20866608302429202
202406,RO,SVC_2,Total capital ratio,0.23431365691008713
202406,SE,SVC_2,Total capital ratio,0.23211961148827662
202406,SI,SVC_2,Total capital ratio,0.1966088249680271
202406,SK,SVC_2,Total capital ratio,0.1993395532189284
202406,AT,SVC_3,CET 1 capital ratio,0.16742325007480716
202406,BE,SVC_3,CET 1 capital ratio,0.18555764869847038
202406,BG,SVC_3,CET 1 capital ratio,0.22213196196065058
202406,CY,SVC_3,CET 1 capital ratio,0.23261190661549727
202406,CZ,SVC_3,CET 1 capital ratio,0.177063499232799
202406,DE,SVC_3,CET 1 capital ratio,0.1657477713112253
202406,DK,SVC_3,CET 1 capital ratio,0.18649765491434295
202406,EE,SVC_3,CET 1 capital ratio,0.20295363653300003
202406,ES,SVC_3,CET 1 capital ratio,0.12772512042344047
202406,EU,SVC_3,CET 1 capital ratio,0.16092308180366338
202406,FI,SVC_3,CET 1 capital ratio,0.19203388921568715
202406,FR,SVC_3,CET 1 capital ratio,0.1589087943655316
202406,GR,SVC_3,CET 1 capital ratio,0.15556726444380123
202406,HR,SVC_3,CET 1 capital ratio,0.2094424933442524
202406,HU,SVC_3,CET 1 capital ratio,0.1740675691220084
202406,IE,SVC_3,CET 1 capital ratio,0.1962200745492058
202406,IS,SVC_3,CET 1 capital ratio,0.2025253280482788
202406,IT,SVC_3,CET 1 capital ratio,0.1622933826385474
202406,LI,SVC_3,CET 1 capital ratio,0.19894813239106046
202406,LT,SVC_3,CET 1 capital ratio,0.1869801787886352
202406,LU,SVC_3,CET 1 capital ratio,0.22289047604827691
202406,LV,SVC_3,CET 1 capital ratio,0.2348575809736716
202406,MT,SVC_3,CET 1 capital ratio,0.2114581663580909
202406,NL,SVC_3,CET 1 capital ratio,0.153367774458938
202406,NO,SVC_3,CET 1 capital ratio,0.187663616100456
202406,PL,SVC_3,CET 1 capital ratio,0.16870497892062977
202406,PT,SVC_3,CET 1 capital ratio,0.17959194674825357
202406,RO,SVC_3,CET 1 capital ratio,0.1982772394179713
202406,SE,SVC_3,CET 1 capital ratio,0.19167602171052864
202406,SI,SVC_3,CET 1 capital ratio,0.16827102032756056
202406,SK,SVC_3,CET 1 capital ratio,0.16385769485449322
202409,AT,AQT_3.1,Non-performing debt instruments (loans and advances & debt securities) other than held for trading to total gross debt instruments (NPE ratio),0.018931926899502773
202409,BE,AQT_3.1,Non-performing debt instruments (loans and advances & debt securities) other than held for trading to total gross debt instruments (NPE ratio),0.012296162548293826
202409,BG,AQT_3.1,Non-performing debt instruments (loans and advances & debt securities) other than held for trading to total gross debt instruments (NPE ratio),0.016249271348049977
202409,CY,AQT_3.1,Non-performing debt instruments (loans and advances & debt securities) other than held for trading to total gross debt instruments (NPE ratio),0.017036191026876098
202409,CZ,AQT_3.1,Non-performing debt instruments (loans and advances & debt securities) other than held for trading to total gross debt instruments (NPE ratio),0.00884876040857808
202409,DE,AQT_3.1,Non-performing debt instruments (loans and advances & debt securities) other than held for trading to total gross debt instruments (NPE ratio),0.013144330738321868
202409,DK,AQT_3.1,Non-performing debt instruments (loans and advances & debt securities) other than held for trading to total gross debt instruments (NPE ratio),0.01117362395750064
202409,EE,AQT_3.1,Non-performing debt instruments (loans and advances & debt securities) other than held for trading to total gross debt instruments (NPE ratio),0.007224256903919492
202409,ES,AQT_3.1,Non-performing debt instruments (loans and advances & debt securities) other than held for trading to total gross debt instruments (NPE ratio),0.024062909335432817
202409,EU,AQT_3.1,Non-performing debt instruments (loans and advances & debt securities) other than held for trading to total gross debt instruments (NPE ratio),0.016535798032689328
202409,FI,AQT_3.1,Non-performing debt instruments (loans and advances & debt securities) other than held for trading to total gross debt instruments (NPE ratio),0.011310198696111082
202409,FR,AQT_3.1,Non-performing debt instruments (loans and advances & debt securities) other than held for trading to total gross debt instruments (NPE ratio),0.0186854244518768
202409,GR,AQT_3.1,Non-performing debt instruments (loans and advances & debt securities) other than held for trading to total gross debt instruments (NPE ratio),0.024579055405662138
202409,HR,AQT_3.1,Non-performing debt instruments (loans and advances & debt securities) other than held for trading to total gross debt instruments (NPE ratio),0.015255485582952127
202409,HU,AQT_3.1,Non-performing debt instruments (loans and advances & debt securities) other than held for trading to total gross debt instruments (NPE ratio),0.022026018163507247
202409,IE,AQT_3.1,Non-performing debt instruments (loans and advances & debt securities) other than held for trading to total gross debt instruments (NPE ratio),0.012560854920779699
202409,IS,AQT_3.1,Non-performing debt instruments (loans and advances & debt securities) other than held for trading to total gross debt instruments (NPE ratio),0.01650496839164458
202409,IT,AQT_3.1,Non-performing debt instruments (loans and advances & debt securities) other than held for trading to total gross debt instruments (NPE ratio),0.018154623321834144
202409,LI,AQT_3.1,Non-performing debt instruments (loans and advances & debt securities) other than held for trading to total gross debt instruments (NPE ratio),0.004096414320158275
202409,LT,AQT_3.1,Non-performing debt instruments (loans and advances & debt securities) other than held for trading to total gross debt instruments (NPE ratio),0.004832345562988094
202409,LU,AQT_3.1,Non-performing debt instruments (loans and advances & debt securities) other than held for trading to total gross debt instruments (NPE ratio),0.015882408218627443
202409,LV,AQT_3.1,Non-performing debt instruments (loans and advances & debt securities) other than held for trading to total gross debt instruments (NPE ratio),0.003794909618834919
202409,MT,AQT_3.1,Non-performing debt instruments (loans and advances & debt securities) other than held for trading to total gross debt instruments (NPE ratio),0.01316306710033643
202409,NL,AQT_3.1,Non-performing debt instruments (loans and advances & debt securities) other than held for trading to total gross debt instruments (NPE ratio),0.012894328354703237
202409,NO,AQT_3.1,Non-performing debt instruments (loans and advances & debt securities) other than held for trading to total gross debt instruments (NPE ratio),0.007770717131575716
202409,PL,AQT_3.1,Non-performing debt instruments (loans and advances & debt securities) other than held for trading to total gross debt instruments (NPE ratio),0.025909301418631903
202409,PT,AQT_3.1,Non-performing debt instruments (loans and advances & debt securities) other than held for trading to total gross debt instruments (NPE ratio),0.018811575523281072
202409,RO,AQT_3.1,Non-performing debt instruments (loans and advances & debt securities) other than held for trading to total gross debt instruments (NPE ratio),0.0203852383446125
202409,SE,AQT_3.1,Non-performing debt instruments (loans and advances & debt securities) other than held for trading to total gross debt instruments (NPE ratio),0.003268146343258971
202409,SI,AQT_3.1,Non-performing debt instruments (loans and advances & debt securities) other than held for trading to total gross debt instruments (NPE ratio),0.013776101861001316
202409,SK,AQT_3.1,Non-performing debt instruments (loans and advances & debt securities) other than held for trading to total gross debt instruments (NPE ratio),0.015275863847087415
202409,AT,AQT_3.2,"Share of non‐performing loans and advances
(NPL ratio)",0.0226762120714786
202409,BE,AQT_3.2,"Share of non‐performing loans and advances
(NPL ratio)",0.013072758879013416
202409,BG,AQT_3.2,"Share of non‐performing loans and advances
(NPL ratio)",0.01929902324192934
202409,CY,AQT_3.2,"Share of non‐performing loans and advances
(NPL ratio)",0.022269285562432784
202409,CZ,AQT_3.2,"Share of non‐performing loans and advances
(NPL ratio)",0.010566491719012843
202409,DE,AQT_3.2,"Share of non‐performing loans and advances
(NPL ratio)",0.014617489782970679
202409,DK,AQT_3.2,"Share of non‐performing loans and advances
(NPL ratio)",0.012244942373277157
202409,EE,AQT_3.2,"Share of non‐performing loans and advances
(NPL ratio)",0.007576151096526844
202409,ES,AQT_3.2,"Share of non‐performing loans and advances
(NPL ratio)",0.027780104028520256
202409,EU,AQT_3.2,"Share of non‐performing loans and advances
(NPL ratio)",0.018846500718721036
202409,FI,AQT_3.2,"Share of non‐performing loans and advances
(NPL ratio)",0.012321302645279636
202409,FR,AQT_3.2,"Share of non‐performing loans and advances
(NPL ratio)",0.02063504129806308
202409,GR,AQT_3.2,"Share of non‐performing loans and advances
(NPL ratio)",0.032581833547600435
202409,HR,AQT_3.2,"Share of non‐performing loans and advances
(NPL ratio)",0.017614255480810956
202409,HU,AQT_3.2,"Share of non‐performing loans and advances
(NPL ratio)",0.027428268916843464
202409,IE,AQT_3.2,"Share of non‐performing loans and advances
(NPL ratio)",0.014395831605077392
202409,IS,AQT_3.2,"Share of non‐performing loans and advances
(NPL ratio)",0.017874532043147824
202409,IT,AQT_3.2,"Share of non‐performing loans and advances
(NPL ratio)",0.024047635351583205
202409,LI,AQT_3.2,"Share of non‐performing loans and advances
(NPL ratio)",0.0049856898946862875
202409,LT,AQT_3.2,"Share of non‐performing loans and advances
(NPL ratio)",0.0054771221284895255
202409,LU,AQT_3.2,"Share of non‐performing loans and advances
(NPL ratio)",0.01893708293482076
202409,LV,AQT_3.2,"Share of non‐performing loans and advances
(NPL ratio)",0.003916279910745394
202409,MT,AQT_3.2,"Share of non‐performing loans and advances
(NPL ratio)",0.020762282018007866
202409,NL,AQT_3.2,"Share of non‐performing loans and advances
(NPL ratio)",0.014125849985687012
202409,NO,AQT_3.2,"Share of non‐performing loans and advances
(NPL ratio)",0.00878498372267092
202409,PL,AQT_3.2,"Share of non‐performing loans and advances
(NPL ratio)",0.03966213470374714
202409,PT,AQT_3.2,"Share of non‐performing loans and advances
(NPL ratio)",0.023878180159643592
202409,RO,AQT_3.2,"Share of non‐performing loans and advances
(NPL ratio)",0.030071486092934346
202409,SE,AQT_3.2,"Share of non‐performing loans and advances
(NPL ratio)",0.0035802030734254685
202409,SI,AQT_3.2,"Share of non‐performing loans and advances
(NPL ratio)",0.017903131565261302
202409,SK,AQT_3.2,"Share of non‐performing loans and advances
(NPL ratio)",0.01817340509886993
202409,AT,AQT_41.2,Coverage ratio of non-performing loans and advances,0.42275773807972505
202409,BE,AQT_41.2,Coverage ratio of non-performing loans and advances,0.4570161505557643
202409,BG,AQT_41.2,Coverage ratio of non-performing loans and advances,0.6348121905783382
202409,CY,AQT_41.2,Coverage ratio of non-performing loans and advances,0.3603959865797275
202409,CZ,AQT_41.2,Coverage ratio of non-performing loans and advances,0.5051899984664148
202409,DE,AQT_41.2,Coverage ratio of non-performing loans and advances,0.3227979947959455
202409,DK,AQT_41.2,Coverage ratio of non-performing loans and advances,0.29558258682997557
202409,EE,AQT_41.2,Coverage ratio of non-performing loans and advances,0.2788695607953875
202409,ES,AQT_41.2,Coverage ratio of non-performing loans and advances,0.43544212631623647
202409,EU,AQT_41.2,Coverage ratio of non-performing loans and advances,0.4167344473552253
202409,FI,AQT_41.2,Coverage ratio of non-performing loans and advances,0.26387733449686296
202409,FR,AQT_41.2,Coverage ratio of non-performing loans and advances,0.4484966373437817
202409,GR,AQT_41.2,Coverage ratio of non-performing loans and advances,0.37727251378869536
202409,HR,AQT_41.2,Coverage ratio of non-performing loans and advances,0.6849940376705108
202409,HU,AQT_41.2,Coverage ratio of non-performing loans and advances,0.6095401724741533
202409,IE,AQT_41.2,Coverage ratio of non-performing loans and advances,0.32018002957926694
202409,IS,AQT_41.2,Coverage ratio of non-performing loans and advances,0.18808848257420008
202409,IT,AQT_41.2,Coverage ratio of non-performing loans and advances,0.5333802554060526
202409,LI,AQT_41.2,Coverage ratio of non-performing loans and advances,0.26795841978910295
202409,LT,AQT_41.2,Coverage ratio of non-performing loans and advances,0.39126238306357525
202409,LU,AQT_41.2,Coverage ratio of non-performing loans and advances,0.33772513321116915
202409,LV,AQT_41.2,Coverage ratio of non-performing loans and advances,0.4001593241460601
202409,MT,AQT_41.2,Coverage ratio of non-performing loans and advances,0.2834061712623006
202409,NL,AQT_41.2,Coverage ratio of non-performing loans and advances,0.25782457345614995
202409,NO,AQT_41.2,Coverage ratio of non-performing loans and advances,0.24189443634945987
202409,PL,AQT_41.2,Coverage ratio of non-performing loans and advances,0.5468959630781647
202409,PT,AQT_41.2,Coverage ratio of non-performing loans and advances,0.585847849141826
202409,RO,AQT_41.2,Coverage ratio of non-performing loans and advances,0.6456182223589055
202409,SE,AQT_41.2,Coverage ratio of non-performing loans and advances,0.2584889106018416
202409,SI,AQT_41.2,Coverage ratio of non-performing loans and advances,0.5645646735553339
202409,SK,AQT_41.2,Coverage ratio of non-performing loans and advances,0.56015020977482
202409,AT,AQT_42.2,Forbearance ratio - Loans and advances (gross amount) (FBL),0.01884433507873805
202409,BE,AQT_42.2,Forbearance ratio - Loans and advances (gross amount) (FBL),0.007770186925949593
202409,BG,AQT_42.2,Forbearance ratio - Loans and advances (gross amount) (FBL),0.014851823267987594
202409,CY,AQT_42.2,Forbearance ratio - Loans and advances (gross amount) (FBL),0.022939587232883876
202409,CZ,AQT_42.2,Forbearance ratio - Loans and advances (gross amount) (FBL),0.005209086829433647
202409,DE,AQT_42.2,Forbearance ratio - Loans and advances (gross amount) (FBL),0.015484011570987263
202409,DK,AQT_42.2,Forbearance ratio - Loans and advances (gross amount) (FBL),0.00467975557566265
202409,EE,AQT_42.2,Forbearance ratio - Loans and advances (gross amount) (FBL),0.013570731617780385
202409,ES,AQT_42.2,Forbearance ratio - Loans and advances (gross amount) (FBL),0.02097462060445372
202409,EU,AQT_42.2,Forbearance ratio - Loans and advances (gross amount) (FBL),0.014168071528694473
202409,FI,AQT_42.2,Forbearance ratio - Loans and advances (gross amount) (FBL),0.015857309521484262
202409,FR,AQT_42.2,Forbearance ratio - Loans and advances (gross amount) (FBL),0.010543286016725578
202409,GR,AQT_42.2,Forbearance ratio - Loans and advances (gross amount) (FBL),0.033739972956992374
202409,HR,AQT_42.2,Forbearance ratio - Loans and advances (gross amount) (FBL),0.016466341860165382
202409,HU,AQT_42.2,Forbearance ratio - Loans and advances (gross amount) (FBL),0.0195437482001684
202409,IE,AQT_42.2,Forbearance ratio - Loans and advances (gross amount) (FBL),0.017790787029407024
202409,IS,AQT_42.2,Forbearance ratio - Loans and advances (gross amount) (FBL),0.01935381290633795
202409,IT,AQT_42.2,Forbearance ratio - Loans and advances (gross amount) (FBL),0.018487268689481466
202409,LI,AQT_42.2,Forbearance ratio - Loans and advances (gross amount) (FBL),0.0029618315836358196
202409,LT,AQT_42.2,Forbearance ratio - Loans and advances (gross amount) (FBL),0.00607321417321101
202409,LU,AQT_42.2,Forbearance ratio - Loans and advances (gross amount) (FBL),0.010117503689095276
202409,LV,AQT_42.2,Forbearance ratio - Loans and advances (gross amount) (FBL),0.010031242781446343
202409,MT,AQT_42.2,Forbearance ratio - Loans and advances (gross amount) (FBL),0.023180735468447126
202409,NL,AQT_42.2,Forbearance ratio - Loans and advances (gross amount) (FBL),0.014503097754291391
202409,NO,AQT_42.2,Forbearance ratio - Loans and advances (gross amount) (FBL),0.00978281911692399
202409,PL,AQT_42.2,Forbearance ratio - Loans and advances (gross amount) (FBL),0.014348296981779989
202409,PT,AQT_42.2,Forbearance ratio - Loans and advances (gross amount) (FBL),0.022479044811828365
202409,RO,AQT_42.2,Forbearance ratio - Loans and advances (gross amount) (FBL),0.015353151249940928
202409,SE,AQT_42.2,Forbearance ratio - Loans and advances (gross amount) (FBL),0.004782757525954276
202409,SI,AQT_42.2,Forbearance ratio - Loans and advances (gross amount) (FBL),0.010953667083402388
202409,SK,AQT_42.2,Forbearance ratio - Loans and advances (gross amount) (FBL),0.014458250185004129
202409,AT,FND_32,Loans and advances-to-deposits ratio for households and non-financial corporations,0.9998038299722432
202409,BE,FND_32,Loans and advances-to-deposits ratio for households and non-financial corporations,1.0077762123621545
202409,BG,FND_32,Loans and advances-to-deposits ratio for households and non-financial corporations,0.7791625459305226
202409,CY,FND_32,Loans and advances-to-deposits ratio for households and non-financial corporations,0.48754832375128426
202409,CZ,FND_32,Loans and advances-to-deposits ratio for households and non-financial corporations,0.854038608139062
202409,DE,FND_32,Loans and advances-to-deposits ratio for households and non-financial corporations,1.1503781601026555
202409,DK,FND_32,Loans and advances-to-deposits ratio for households and non-financial corporations,3.1168653778163256
202409,EE,FND_32,Loans and advances-to-deposits ratio for households and non-financial corporations,1.0099763896960805
202409,ES,FND_32,Loans and advances-to-deposits ratio for households and non-financial corporations,0.9854292378366087
202409,EU,FND_32,Loans and advances-to-deposits ratio for households and non-financial corporations,1.066028149389842
202409,FI,FND_32,Loans and advances-to-deposits ratio for households and non-financial corporations,1.6545252566665616
202409,FR,FND_32,Loans and advances-to-deposits ratio for households and non-financial corporations,1.0479270351810717
202409,GR,FND_32,Loans and advances-to-deposits ratio for households and non-financial corporations,0.5884580043124578
202409,HR,FND_32,Loans and advances-to-deposits ratio for households and non-financial corporations,0.6737823693659495
202409,HU,FND_32,Loans and advances-to-deposits ratio for households and non-financial corporations,0.7964612495986438
202409,IE,FND_32,Loans and advances-to-deposits ratio for households and non-financial corporations,0.7182381443513199
202409,IS,FND_32,Loans and advances-to-deposits ratio for households and non-financial corporations,1.681718941303024
202409,IT,FND_32,Loans and advances-to-deposits ratio for households and non-financial corporations,0.8971927854178886
202409,LI,FND_32,Loans and advances-to-deposits ratio for households and non-financial corporations,0.691716599836466
202409,LT,FND_32,Loans and advances-to-deposits ratio for households and non-financial corporations,0.435487746068687
202409,LU,FND_32,Loans and advances-to-deposits ratio for households and non-financial corporations,1.5306121183088874
202409,LV,FND_32,Loans and advances-to-deposits ratio for households and non-financial corporations,0.7445917578534786
202409,MT,FND_32,Loans and advances-to-deposits ratio for households and non-financial corporations,0.5995782612579326
202409,NL,FND_32,Loans and advances-to-deposits ratio for households and non-financial corporations,1.10700517351141
202409,NO,FND_32,Loans and advances-to-deposits ratio for households and non-financial corporations,1.6344953390431003
202409,PL,FND_32,Loans and advances-to-deposits ratio for households and non-financial corporations,0.7269599325728301
202409,PT,FND_32,Loans and advances-to-deposits ratio for households and non-financial corporations,0.6968297544623899
202409,RO,FND_32,Loans and advances-to-deposits ratio for households and non-financial corporations,0.63165693172385
202409,SE,FND_32,Loans and advances-to-deposits ratio for households and non-financial corporations,1.729313509302499
202409,SI,FND_32,Loans and advances-to-deposits ratio for households and non-financial corporations,0.7166949248654257
202409,SK,FND_32,Loans and advances-to-deposits ratio for households and non-financial corporations,1.1106708129592073
202409,AT,FND_33,Asset encumbrance ratio,0.1735137531326772
202409,BE,FND_33,Asset encumbrance ratio,0.10480439586785166
202409,BG,FND_33,Asset encumbrance ratio,0.02297840574862197
202409,CY,FND_33,Asset encumbrance ratio,0.07412000676355829
202409,CZ,FND_33,Asset encumbrance ratio,0.13060898377878075
202409,DE,FND_33,Asset encumbrance ratio,0.30370752804156564
202409,DK,FND_33,Asset encumbrance ratio,0.5063549313061467
202409,EE,FND_33,Asset encumbrance ratio,0.03163390857533816
202409,ES,FND_33,Asset encumbrance ratio,0.19117234400327168
202409,EU,FND_33,Asset encumbrance ratio,0.2424805902285219
202409,FI,FND_33,Asset encumbrance ratio,0.2910315099099325
202409,FR,FND_33,Asset encumbrance ratio,0.2773591785978088
202409,GR,FND_33,Asset encumbrance ratio,0.09821562196246657
202409,HR,FND_33,Asset encumbrance ratio,0.015081027146283923
202409,HU,FND_33,Asset encumbrance ratio,0.10324195177092782
202409,IE,FND_33,Asset encumbrance ratio,0.19095734676780698
202409,IS,FND_33,Asset encumbrance ratio,0.2065929287045045
202409,IT,FND_33,Asset encumbrance ratio,0.21572357953545337
202409,LI,FND_33,Asset encumbrance ratio,0.04943026185938703
202409,LT,FND_33,Asset encumbrance ratio,0.0021573387686507363
202409,LU,FND_33,Asset encumbrance ratio,0.07837849159983316
202409,LV,FND_33,Asset encumbrance ratio,0.00865567437744585
202409,MT,FND_33,Asset encumbrance ratio,0.05840759529138582
202409,NL,FND_33,Asset encumbrance ratio,0.16333284848934412
202409,NO,FND_33,Asset encumbrance ratio,0.18886150720862993
202409,PL,FND_33,Asset encumbrance ratio,0.0323172026317333
202409,PT,FND_33,Asset encumbrance ratio,0.07960723134794713
202409,RO,FND_33,Asset encumbrance ratio,0.017062093499699414
202409,SE,FND_33,Asset encumbrance ratio,0.21122053193684046
202409,SI,FND_33,Asset encumbrance ratio,0.03186530266525525
202409,SK,FND_33,Asset encumbrance ratio,0.15660414473265652
202409,AT,LIQ_17,Liquidity coverage ratio,1.6829807719407959
202409,BE,LIQ_17,Liquidity coverage ratio,1.8399876347537185
202409,BG,LIQ_17,Liquidity coverage ratio,2.2538509060828424
202409,CY,LIQ_17,Liquidity coverage ratio,3.384331362208053
202409,CZ,LIQ_17,Liquidity coverage ratio,1.7348058925368324
202409,DE,LIQ_17,Liquidity coverage ratio,1.4798876441154456
202409,DK,LIQ_17,Liquidity coverage ratio,1.9897290259285765
202409,EE,LIQ_17,Liquidity coverage ratio,2.03619848911906
202409,ES,LIQ_17,Liquidity coverage ratio,1.7151793645186133
202409,EU,LIQ_17,Liquidity coverage ratio,1.616195453402167
202409,FI,LIQ_17,Liquidity coverage ratio,1.7216079799493023
202409,FR,LIQ_17,Liquidity coverage ratio,1.4653641263540822
202409,GR,LIQ_17,Liquidity coverage ratio,2.177696126791269
202409,HR,LIQ_17,Liquidity coverage ratio,2.2520665936508117
202409,HU,LIQ_17,Liquidity coverage ratio,2.0406164145451955
202409,IE,LIQ_17,Liquidity coverage ratio,1.7294277905166022
202409,IS,LIQ_17,Liquidity coverage ratio,2.1530924425547306
202409,IT,LIQ_17,Liquidity coverage ratio,1.707091357517247
202409,LI,LIQ_17,Liquidity coverage ratio,1.8922457392475114
202409,LT,LIQ_17,Liquidity coverage ratio,3.7273374897744347
202409,LU,LIQ_17,Liquidity coverage ratio,1.6055882630953036
202409,LV,LIQ_17,Liquidity coverage ratio,1.6697829237272477
202409,MT,LIQ_17,Liquidity coverage ratio,3.750042431107913
202409,NL,LIQ_17,Liquidity coverage ratio,1.4875453533679726
202409,NO,LIQ_17,Liquidity coverage ratio,1.3004850337286962
202409,PL,LIQ_17,Liquidity coverage ratio,2.403810910938372
202409,PT,LIQ_17,Liquidity coverage ratio,2.608044573571906
202409,RO,LIQ_17,Liquidity coverage ratio,2.7944417909097696
202409,SE,LIQ_17,Liquidity coverage ratio,1.585950992773162
202409,SI,LIQ_17,Liquidity coverage ratio,2.7395751333431253
202409,SK,LIQ_17,Liquidity coverage ratio,1.7122305282990402
202409,AT,LIQ_20,Net Stable Funding Ratio,1.3999974375039395
202409,BE,LIQ_20,Net Stable Funding Ratio,1.3174056939313605
202409,BG,LIQ_20,Net Stable Funding Ratio,1.6467404725995105
202409,CY,LIQ_20,Net Stable Funding Ratio,1.8325619307301948
202409,CZ,LIQ_20,Net Stable Funding Ratio,1.5851313595760466
202409,DE,LIQ_20,Net Stable Funding Ratio,1.2372409542880456
202409,DK,LIQ_20,Net Stable Funding Ratio,1.269195562808621
202409,EE,LIQ_20,Net Stable Funding Ratio,1.4576203659933946
202409,ES,LIQ_20,Net Stable Funding Ratio,1.3279626438160315
202409,EU,LIQ_20,Net Stable Funding Ratio,1.27163342214169
202409,FI,LIQ_20,Net Stable Funding Ratio,1.244412472444518
202409,FR,LIQ_20,Net Stable Funding Ratio,1.1536355151469597
202409,GR,LIQ_20,Net Stable Funding Ratio,1.3959045284500098
202409,HR,LIQ_20,Net Stable Funding Ratio,1.7419335322371958
202409,HU,LIQ_20,Net Stable Funding Ratio,1.488283627470104
202409,IE,LIQ_20,Net Stable Funding Ratio,1.522019913680984
202409,IS,LIQ_20,Net Stable Funding Ratio,1.2175082845633853
202409,IT,LIQ_20,Net Stable Funding Ratio,1.3201616145457307
202409,LI,LIQ_20,Net Stable Funding Ratio,1.6233675756774566
202409,LT,LIQ_20,Net Stable Funding Ratio,2.0005492633821627
202409,LU,LIQ_20,Net Stable Funding Ratio,1.2627739408316925
202409,LV,LIQ_20,Net Stable Funding Ratio,1.2507443490279078
202409,MT,LIQ_20,Net Stable Funding Ratio,1.7801272652916478
202409,NL,LIQ_20,Net Stable Funding Ratio,1.3557103057595905
202409,NO,LIQ_20,Net Stable Funding Ratio,1.1611592661418766
202409,PL,LIQ_20,Net Stable Funding Ratio,1.5978688133868526
202409,PT,LIQ_20,Net Stable Funding Ratio,1.5687702454416872
202409,RO,LIQ_20,Net Stable Funding Ratio,2.113913471209212
202409,SE,LIQ_20,Net Stable Funding Ratio,1.2285301760177836
202409,SI,LIQ_20,Net Stable Funding Ratio,1.690951120484727
202409,SK,LIQ_20,Net Stable Funding Ratio,1.316220960470768
202409,AT,PFT_21,"Return on equity (numerator annualised, denominator as average)",0.13589170252418586
202409,BE,PFT_21,"Return on equity (numerator annualised, denominator as average)",0.12336486839975623
202409,BG,PFT_21,"Return on equity (numerator annualised, denominator as average)",0.18312203178731884
202409,CY,PFT_21,"Return on equity (numerator annualised, denominator as average)",0.2125817443131606
202409,CZ,PFT_21,"Return on equity (numerator annualised, denominator as average)",0.15603547152790734
202409,DE,PFT_21,"Return on equity (numerator annualised, denominator as average)",0.061010825770876013
202409,DK,PFT_21,"Return on equity (numerator annualised, denominator as average)",0.12538082332948572
202409,EE,PFT_21,"Return on equity (numerator annualised, denominator as average)",0.17385222713184062
202409,ES,PFT_21,"Return on equity (numerator annualised, denominator as average)",0.1466808792384776
202409,EU,PFT_21,"Return on equity (numerator annualised, denominator as average)",0.11017727712125133
202409,FI,PFT_21,"Return on equity (numerator annualised, denominator as average)",0.14736126369080116
202409,FR,PFT_21,"Return on equity (numerator annualised, denominator as average)",0.0686334372992356
202409,GR,PFT_21,"Return on equity (numerator annualised, denominator as average)",0.14643496199056463
202409,HR,PFT_21,"Return on equity (numerator annualised, denominator as average)",0.18432493709914097
202409,HU,PFT_21,"Return on equity (numerator annualised, denominator as average)",0.22458415836118195
202409,IE,PFT_21,"Return on equity (numerator annualised, denominator as average)",0.13366563136339255
202409,IS,PFT_21,"Return on equity (numerator annualised, denominator as average)",0.11413306823999037
202409,IT,PFT_21,"Return on equity (numerator annualised, denominator as average)",0.15653236015302027
202409,LI,PFT_21,"Return on equity (numerator annualised, denominator as average)",0.060565925784687176
202409,LT,PFT_21,"Return on equity (numerator annualised, denominator as average)",0.19517804118250254
202409,LU,PFT_21,"Return on equity (numerator annualised, denominator as average)",0.08939107239237103
202409,LV,PFT_21,"Return on equity (numerator annualised, denominator as average)",0.19900934900868247
202409,MT,PFT_21,"Return on equity (numerator annualised, denominator as average)",0.13519004309586044
202409,NL,PFT_21,"Return on equity (numerator annualised, denominator as average)",0.12276331532503768
202409,NO,PFT_21,"Return on equity (numerator annualised, denominator as average)",0.1466680582071346
202409,PL,PFT_21,"Return on equity (numerator annualised, denominator as average)",0.19045222914214194
202409,PT,PFT_21,"Return on equity (numerator annualised, denominator as average)",0.17953662327700676
202409,RO,PFT_21,"Return on equity (numerator annualised, denominator as average)",0.24029723511220397
202409,SE,PFT_21,"Return on equity (numerator annualised, denominator as average)",0.1483448907944263
202409,SI,PFT_21,"Return on equity (numerator annualised, denominator as average)",0.17778779147869167
202409,SK,PFT_21,"Return on equity (numerator annualised, denominator as average)",0.12137613959994666
202409,AT,PFT_23,Cost to income ratio,0.47524512917903805
202409,BE,PFT_23,Cost to income ratio,0.4853750627476869
202409,BG,PFT_23,Cost to income ratio,0.31727089278061144
202409,CY,PFT_23,Cost to income ratio,0.3580099911998282
202409,CZ,PFT_23,Cost to income ratio,0.4553976399256029
202409,DE,PFT_23,Cost to income ratio,0.5964283162922952
202409,DK,PFT_23,Cost to income ratio,0.4182144502527014
202409,EE,PFT_23,Cost to income ratio,0.3823733965120611
202409,ES,PFT_23,Cost to income ratio,0.4221717227938789
202409,EU,PFT_23,Cost to income ratio,0.5153764339099343
202409,FI,PFT_23,Cost to income ratio,0.4171404196813105
202409,FR,PFT_23,Cost to income ratio,0.6676366100840856
202409,GR,PFT_23,Cost to income ratio,0.3281196597243582
202409,HR,PFT_23,Cost to income ratio,0.37619937103758655
202409,HU,PFT_23,Cost to income ratio,0.47182733401407967
202409,IE,PFT_23,Cost to income ratio,0.45753736063886014
202409,IS,PFT_23,Cost to income ratio,0.3992844128693947
202409,IT,PFT_23,Cost to income ratio,0.4649191685096408
202409,LI,PFT_23,Cost to income ratio,0.7898564726080314
202409,LT,PFT_23,Cost to income ratio,0.4569330839559709
202409,LU,PFT_23,Cost to income ratio,0.5050318680282075
202409,LV,PFT_23,Cost to income ratio,0.38412723759267947
202409,MT,PFT_23,Cost to income ratio,0.464769733220427
202409,NL,PFT_23,Cost to income ratio,0.5043326421405102
202409,NO,PFT_23,Cost to income ratio,0.3639654654810849
202409,PL,PFT_23,Cost to income ratio,0.36053560730583584
202409,PT,PFT_23,Cost to income ratio,0.30548363978150456
202409,RO,PFT_23,Cost to income ratio,0.45458042110942787
202409,SE,PFT_23,Cost to income ratio,0.39381214120260716
202409,SI,PFT_23,Cost to income ratio,0.45984278611515234
202409,SK,PFT_23,Cost to income ratio,0.4021923164157055
202409,AT,PFT_24,Return on assets,0.012752099393594587
202409,BE,PFT_24,Return on assets,0.008809865515941026
202409,BG,PFT_24,Return on assets,0.022293036045219962
202409,CY,PFT_24,Return on assets,0.01971808031777544
202409,CZ,PFT_24,Return on assets,0.011023897019262978
202409,DE,PFT_24,Return on assets,0.003852419997685096
202409,DK,PFT_24,Return on assets,0.007119602431831291
202409,EE,PFT_24,Return on assets,0.019886104096542657
202409,ES,PFT_24,Return on assets,0.009458256502379322
202409,EU,PFT_24,Return on assets,0.007556422669776072
202409,FI,PFT_24,Return on assets,0.010070175910686274
202409,FR,PFT_24,Return on assets,0.004387449297377562
202409,GR,PFT_24,Return on assets,0.014897023315737057
202409,HR,PFT_24,Return on assets,0.021510591258094767
202409,HU,PFT_24,Return on assets,0.02501502790638883
202409,IE,PFT_24,Return on assets,0.014708662705982376
202409,IS,PFT_24,Return on assets,0.015937859313899804
202409,IT,PFT_24,Return on assets,0.013026078060785833
202409,LI,PFT_24,Return on assets,0.0058757338382790505
202409,LT,PFT_24,Return on assets,0.014202081895453078
202409,LU,PFT_24,Return on assets,0.008513066021508186
202409,LV,PFT_24,Return on assets,0.0230823688765343
202409,MT,PFT_24,Return on assets,0.010857280249460973
202409,NL,PFT_24,Return on assets,0.007697912576824968
202409,NO,PFT_24,Return on assets,0.012438585746370807
202409,PL,PFT_24,Return on assets,0.01943464997352295
202409,PT,PFT_24,Return on assets,0.016069573164493534
202409,RO,PFT_24,Return on assets,0.021806863193307057
202409,SE,PFT_24,Return on assets,0.009158609226209506
202409,SI,PFT_24,Return on assets,0.02145136717323781
202409,SK,PFT_24,Return on assets,0.010542662135783101
202409,AT,PFT_25,Net interest income to total net operating income,0.6823318975792644
202409,BE,PFT_25,Net interest income to total net operating income,0.6149698569115158
202409,BG,PFT_25,Net interest income to total net operating income,0.7020522694556844
202409,CY,PFT_25,Net interest income to total net operating income,0.80548936525518
202409,CZ,PFT_25,Net interest income to total net operating income,0.7072570242704165
202409,DE,PFT_25,Net interest income to total net operating income,0.5253553729078388
202409,DK,PFT_25,Net interest income to total net operating income,0.638810285867907
202409,EE,PFT_25,Net interest income to total net operating income,0.820767181699582
202409,ES,PFT_25,Net interest income to total net operating income,0.7544349229922661
202409,EU,PFT_25,Net interest income to total net operating income,0.6064478018907237
202409,FI,PFT_25,Net interest income to total net operating income,0.7005595392655212
202409,FR,PFT_25,Net interest income to total net operating income,0.4104595167978338
202409,GR,PFT_25,Net interest income to total net operating income,0.7825398861450988
202409,HR,PFT_25,Net interest income to total net operating income,0.7316895384621308
202409,HU,PFT_25,Net interest income to total net operating income,0.6742731885557421
202409,IE,PFT_25,Net interest income to total net operating income,0.7077699936845516
202409,IS,PFT_25,Net interest income to total net operating income,0.7372657133596919
202409,IT,PFT_25,Net interest income to total net operating income,0.5954661481010033
202409,LI,PFT_25,Net interest income to total net operating income,0.17321979537923038
202409,LT,PFT_25,Net interest income to total net operating income,0.9977670152663046
202409,LU,PFT_25,Net interest income to total net operating income,0.7370847166553468
202409,LV,PFT_25,Net interest income to total net operating income,0.8141547121046876
202409,MT,PFT_25,Net interest income to total net operating income,0.8381309463729038
202409,NL,PFT_25,Net interest income to total net operating income,0.6885326006926616
202409,NO,PFT_25,Net interest income to total net operating income,0.7722892096314972
202409,PL,PFT_25,Net interest income to total net operating income,0.7970789251877146
202409,PT,PFT_25,Net interest income to total net operating income,0.7771091702026277
202409,RO,PFT_25,Net interest income to total net operating income,0.7106519269184447
202409,SE,PFT_25,Net interest income to total net operating income,0.6956742987070852
202409,SI,PFT_25,Net interest income to total net operating income,0.7467432628161058
202409,SK,PFT_25,Net interest income to total net operating income,0.7047934048176258
202409,AT,PFT_26,Net fee and comission income to total net operating income,0.2858138352252999
202409,BE,PFT_26,Net fee and comission income to total net operating income,0.22385259594501175
202409,BG,PFT_26,Net fee and comission income to total net operating income,0.22406116473567192
202409,CY,PFT_26,Net fee and comission income to total net operating income,0.14374676743856382
202409,CZ,PFT_26,Net fee and comission income to total net operating income,0.23050230607340622
202409,DE,PFT_26,Net fee and comission income to total net operating income,0.3145042052696364
202409,DK,PFT_26,Net fee and comission income to total net operating income,0.1849998532213756
202409,EE,PFT_26,Net fee and comission income to total net operating income,0.13259541747250836
202409,ES,PFT_26,Net fee and comission income to total net operating income,0.2295134428079724
202409,EU,PFT_26,Net fee and comission income to total net operating income,0.2794367781173214
202409,FI,PFT_26,Net fee and comission income to total net operating income,0.2098018433768663
202409,FR,PFT_26,Net fee and comission income to total net operating income,0.36622293678312184
202409,GR,PFT_26,Net fee and comission income to total net operating income,0.17314065908485585
202409,HR,PFT_26,Net fee and comission income to total net operating income,0.22314558658952996
202409,HU,PFT_26,Net fee and comission income to total net operating income,0.2896666148455458
202409,IE,PFT_26,Net fee and comission income to total net operating income,0.17652022170898554
202409,IS,PFT_26,Net fee and comission income to total net operating income,0.18870442238896934
202409,IT,PFT_26,Net fee and comission income to total net operating income,0.3143347511432616
202409,LI,PFT_26,Net fee and comission income to total net operating income,0.583132516927097
202409,LT,PFT_26,Net fee and comission income to total net operating income,0.7479560791534579
202409,LU,PFT_26,Net fee and comission income to total net operating income,0.19822015270138404
202409,LV,PFT_26,Net fee and comission income to total net operating income,0.15183096438149088
202409,MT,PFT_26,Net fee and comission income to total net operating income,0.12690126118473619
202409,NL,PFT_26,Net fee and comission income to total net operating income,0.1677270694872147
202409,NO,PFT_26,Net fee and comission income to total net operating income,0.15168242597466536
202409,PL,PFT_26,Net fee and comission income to total net operating income,0.18725056072599583
202409,PT,PFT_26,Net fee and comission income to total net operating income,0.19858860675986026
202409,RO,PFT_26,Net fee and comission income to total net operating income,0.1784144484492557
202409,SE,PFT_26,Net fee and comission income to total net operating income,0.20693728458934205
202409,SI,PFT_26,Net fee and comission income to total net operating income,0.22185925776001403
202409,SK,PFT_26,Net fee and comission income to total net operating income,0.2638755177225094
202409,AT,PFT_29,Net trading income to total net operating income,0.04037448330216307
202409,BE,PFT_29,Net trading income to total net operating income,0.03056638835994948
202409,BG,PFT_29,Net trading income to total net operating income,0.037516769876301606
202409,CY,PFT_29,Net trading income to total net operating income,0.01488404495892985
202409,CZ,PFT_29,Net trading income to total net operating income,0.016572030970270026
202409,DE,PFT_29,Net trading income to total net operating income,0.10743595710589683
202409,DK,PFT_29,Net trading income to total net operating income,0.12230784577642868
202409,EE,PFT_29,Net trading income to total net operating income,0.02941862893461842
202409,ES,PFT_29,Net trading income to total net operating income,0.04073228149714429
202409,EU,PFT_29,Net trading income to total net operating income,0.07353201480469003
202409,FI,PFT_29,Net trading income to total net operating income,0.13148087899403538
202409,FR,PFT_29,Net trading income to total net operating income,0.11187874964964667
202409,GR,PFT_29,Net trading income to total net operating income,0.011458524106203039
202409,HR,PFT_29,Net trading income to total net operating income,0.018396935247161603
202409,HU,PFT_29,Net trading income to total net operating income,0.0291463878527445
202409,IE,PFT_29,Net trading income to total net operating income,0.030272428610867166
202409,IS,PFT_29,Net trading income to total net operating income,0.052817145411777656
202409,IT,PFT_29,Net trading income to total net operating income,0.036222758482822075
202409,LI,PFT_29,Net trading income to total net operating income,0.15081611813016663
202409,LT,PFT_29,Net trading income to total net operating income,0.03686407321946304
202409,LU,PFT_29,Net trading income to total net operating income,-0.03924568498054585
202409,LV,PFT_29,Net trading income to total net operating income,0.032661409832974456
202409,MT,PFT_29,Net trading income to total net operating income,0.01655112592890218
202409,NL,PFT_29,Net trading income to total net operating income,0.1139945451173184
202409,NO,PFT_29,Net trading income to total net operating income,0.056157406399899246
202409,PL,PFT_29,Net trading income to total net operating income,0.015143352062376308
202409,PT,PFT_29,Net trading income to total net operating income,0.0007860040547335282
202409,RO,PFT_29,Net trading income to total net operating income,0.022421682232610755
202409,SE,PFT_29,Net trading income to total net operating income,0.07290763744470727
202409,SI,PFT_29,Net trading income to total net operating income,0.014682611689377113
202409,SK,PFT_29,Net trading income to total net operating income,0.01747568656205989
202409,AT,PFT_41,Net interest margin,0.02292822758223606
202409,BE,PFT_41,Net interest margin,0.016355774630855035
202409,BG,PFT_41,Net interest margin,0.03121511942298669
202409,CY,PFT_41,Net interest margin,0.03457248582008242
202409,CZ,PFT_41,Net interest margin,0.017830770962778512
202409,DE,PFT_41,Net interest margin,0.01109662905854591
202409,DK,PFT_41,Net interest margin,0.011219912743384552
202409,EE,PFT_41,Net interest margin,0.036461353218582765
202409,ES,PFT_41,Net interest margin,0.028137756188811404
202409,EU,PFT_41,Net interest margin,0.01653499020377781
202409,FI,PFT_41,Net interest margin,0.016918669437857813
202409,FR,PFT_41,Net interest margin,0.008948526120806358
202409,GR,PFT_41,Net interest margin,0.03214220132171971
202409,HR,PFT_41,Net interest margin,0.030209683549668978
202409,HU,PFT_41,Net interest margin,0.04375797863558091
202409,IE,PFT_41,Net interest margin,0.027710122892195026
202409,IS,PFT_41,Net interest margin,0.030462818160662184
202409,IT,PFT_41,Net interest margin,0.02275984775907906
202409,LI,PFT_41,Net interest margin,0.007020671527410926
202409,LT,PFT_41,Net interest margin,0.03741407647090909
202409,LU,PFT_41,Net interest margin,0.017685410597626263
202409,LV,PFT_41,Net interest margin,0.03758186553847689
202409,MT,PFT_41,Net interest margin,0.02632782830527557
202409,NL,PFT_41,Net interest margin,0.01623115421382073
202409,NO,PFT_41,Net interest margin,0.021209085065719717
202409,PL,PFT_41,Net interest margin,0.04478033034118249
202409,PT,PFT_41,Net interest margin,0.03034676210403768
202409,RO,PFT_41,Net interest margin,0.03412758139565929
202409,SE,PFT_41,Net interest margin,0.014449829372941585
202409,SI,PFT_41,Net interest margin,0.03727733307526781
202409,SK,PFT_41,Net interest margin,0.022711202372255376
202409,AT,PFT_43,Cost of risk,0.004748303453152215
202409,BE,PFT_43,Cost of risk,0.001688662594850247
202409,BG,PFT_43,Cost of risk,0.006520454929509634
202409,CY,PFT_43,Cost of risk,0.003161941138616786
202409,CZ,PFT_43,Cost of risk,0.0014711944589505537
202409,DE,PFT_43,Cost of risk,0.0052873287171226096
202409,DK,PFT_43,Cost of risk,0.002428737966113768
202409,EE,PFT_43,Cost of risk,0.0004254177844338534
202409,ES,PFT_43,Cost of risk,0.010773943840427277
202409,EU,PFT_43,Cost of risk,0.00495717475345225
202409,FI,PFT_43,Cost of risk,0.001602151521570935
202409,FR,PFT_43,Cost of risk,0.005277055508810214
202409,GR,PFT_43,Cost of risk,0.004769916904387681
202409,HR,PFT_43,Cost of risk,0.0007149463509795619
202409,HU,PFT_43,Cost of risk,0.006959100589698519
202409,IE,PFT_43,Cost of risk,0.002240034865132753
202409,IS,PFT_43,Cost of risk,0.00296194474132666
202409,IT,PFT_43,Cost of risk,0.0031413745566741336
202409,LI,PFT_43,Cost of risk,-0.0004905360668243647
202409,LT,PFT_43,Cost of risk,0.0032197674928394955
202409,LU,PFT_43,Cost of risk,0.002854269654022766
202409,LV,PFT_43,Cost of risk,0.0005506842843259024
202409,MT,PFT_43,Cost of risk,0.004568777148045244
202409,NL,PFT_43,Cost of risk,0.0016413841627410364
202409,NO,PFT_43,Cost of risk,0.0012459203797179671
202409,PL,PFT_43,Cost of risk,0.006995959301271779
202409,PT,PFT_43,Cost of risk,0.0027795171816236567
202409,RO,PFT_43,Cost of risk,0.012859737717478767
202409,SE,PFT_43,Cost of risk,0.0006134788461039734
202409,SI,PFT_43,Cost of risk,0.005161880108265436
202409,SK,PFT_43,Cost of risk,0.0038521251562237935
202409,AT,SVC_1,Tier 1 capital ratio,0.17939303809660326
202409,BE,SVC_1,Tier 1 capital ratio,0.1803631971930709
202409,BG,SVC_1,Tier 1 capital ratio,0.22426705412911774
202409,CY,SVC_1,Tier 1 capital ratio,0.25373328659516214
202409,CZ,SVC_1,Tier 1 capital ratio,0.1790870757767641
202409,DE,SVC_1,Tier 1 capital ratio,0.17924250431592853
202409,DK,SVC_1,Tier 1 capital ratio,0.20267253205607808
202409,EE,SVC_1,Tier 1 capital ratio,0.20641184803584808
202409,ES,SVC_1,Tier 1 capital ratio,0.14423151065015155
202409,EU,SVC_1,Tier 1 capital ratio,0.17444923620787092
202409,FI,SVC_1,Tier 1 capital ratio,0.19720647016257623
202409,FR,SVC_1,Tier 1 capital ratio,0.1688448604044164
202409,GR,SVC_1,Tier 1 capital ratio,0.17074538460886543
202409,HR,SVC_1,Tier 1 capital ratio,0.20728291471599453
202409,HU,SVC_1,Tier 1 capital ratio,0.1897554657506853
202409,IE,SVC_1,Tier 1 capital ratio,0.194106857609661
202409,IS,SVC_1,Tier 1 capital ratio,0.2103449053320512
202409,IT,SVC_1,Tier 1 capital ratio,0.18106136187564595
202409,LI,SVC_1,Tier 1 capital ratio,0.19617314563945318
202409,LT,SVC_1,Tier 1 capital ratio,0.1991444702729907
202409,LU,SVC_1,Tier 1 capital ratio,0.2217858339628611
202409,LV,SVC_1,Tier 1 capital ratio,0.22810041249507998
202409,MT,SVC_1,Tier 1 capital ratio,0.20988393832932514
202409,NL,SVC_1,Tier 1 capital ratio,0.1808926422765751
202409,NO,SVC_1,Tier 1 capital ratio,0.20774471764122504
202409,PL,SVC_1,Tier 1 capital ratio,0.16858884520949097
202409,PT,SVC_1,Tier 1 capital ratio,0.1877761709534335
202409,RO,SVC_1,Tier 1 capital ratio,0.20362651935236115
202409,SE,SVC_1,Tier 1 capital ratio,0.21186794506921527
202409,SI,SVC_1,Tier 1 capital ratio,0.16656945729233646
202409,SK,SVC_1,Tier 1 capital ratio,0.1835464908133603
202409,AT,SVC_13,Leverage ratio,0.07382675664895605
202409,BE,SVC_13,Leverage ratio,0.06296779367716748
202409,BG,SVC_13,Leverage ratio,0.10213362447988625
202409,CY,SVC_13,Leverage ratio,0.091495171248614
202409,CZ,SVC_13,Leverage ratio,0.0524982621068014
202409,DE,SVC_13,Leverage ratio,0.0572286717303925
202409,DK,SVC_13,Leverage ratio,0.05117923110929507
202409,EE,SVC_13,Leverage ratio,0.08694092628034643
202409,ES,SVC_13,Leverage ratio,0.05449466759956904
202409,EU,SVC_13,Leverage ratio,0.058113376580958234
202409,FI,SVC_13,Leverage ratio,0.06147329995018786
202409,FR,SVC_13,Leverage ratio,0.052986716676171504
202409,GR,SVC_13,Leverage ratio,0.07726560213942345
202409,HR,SVC_13,Leverage ratio,0.08964187584827961
202409,HU,SVC_13,Leverage ratio,0.09795236485759207
202409,IE,SVC_13,Leverage ratio,0.0797522405697242
202409,IS,SVC_13,Leverage ratio,0.12692004485214886
202409,IT,SVC_13,Leverage ratio,0.06202078088295892
202409,LI,SVC_13,Leverage ratio,0.07681262598057925
202409,LT,SVC_13,Leverage ratio,0.0643332820427502
202409,LU,SVC_13,Leverage ratio,0.07312232980103225
202409,LV,SVC_13,Leverage ratio,0.09535730064860003
202409,MT,SVC_13,Leverage ratio,0.06822902809262853
202409,NL,SVC_13,Leverage ratio,0.057339232819480786
202409,NO,SVC_13,Leverage ratio,0.06479554116170465
202409,PL,SVC_13,Leverage ratio,0.07808587792349758
202409,PT,SVC_13,Leverage ratio,0.07101794882762243
202409,RO,SVC_13,Leverage ratio,0.0756132128183145
202409,SE,SVC_13,Leverage ratio,0.0531879298958183
202409,SI,SVC_13,Leverage ratio,0.09602070138776524
202409,SK,SVC_13,Leverage ratio,0.07288251945990791
202409,AT,SVC_2,Total capital ratio,0.20427815763349727
202409,BE,SVC_2,Total capital ratio,0.20465620452284158
202409,BG,SVC_2,Total capital ratio,0.24364811594818975
202409,CY,SVC_2,Total capital ratio,0.28164688578100927
202409,CZ,SVC_2,Total capital ratio,0.1896225187364764
202409,DE,SVC_2,Total capital ratio,0.21290432422257446
202409,DK,SVC_2,Total capital ratio,0.22971624487198325
202409,EE,SVC_2,Total capital ratio,0.21369900895012184
202409,ES,SVC_2,Total capital ratio,0.17177637462198467
202409,EU,SVC_2,Total capital ratio,0.20062830794118058
202409,FI,SVC_2,Total capital ratio,0.22038117469886717
202409,FR,SVC_2,Total capital ratio,0.19303825127784702
202409,GR,SVC_2,Total capital ratio,0.20141946362818106
202409,HR,SVC_2,Total capital ratio,0.2084363040403498
202409,HU,SVC_2,Total capital ratio,0.2030792806151857
202409,IE,SVC_2,Total capital ratio,0.2165549354399065
202409,IS,SVC_2,Total capital ratio,0.23484588855600175
202409,IT,SVC_2,Total capital ratio,0.20657833755925561
202409,LI,SVC_2,Total capital ratio,0.19617314563945318
202409,LT,SVC_2,Total capital ratio,0.21349187636512124
202409,LU,SVC_2,Total capital ratio,0.22601516029130972
202409,LV,SVC_2,Total capital ratio,0.2410363272617032
202409,MT,SVC_2,Total capital ratio,0.24140504901104265
202409,NL,SVC_2,Total capital ratio,0.20837498375036861
202409,NO,SVC_2,Total capital ratio,0.23412683273182044
202409,PL,SVC_2,Total capital ratio,0.17816987968823148
202409,PT,SVC_2,Total capital ratio,0.20598171389081002
202409,RO,SVC_2,Total capital ratio,0.2340724387386122
202409,SE,SVC_2,Total capital ratio,0.23335801553494195
202409,SI,SVC_2,Total capital ratio,0.1884197515245088
202409,SK,SVC_2,Total capital ratio,0.19892402809917842
202409,AT,SVC_3,CET 1 capital ratio,0.1637714123219569
202409,BE,SVC_3,CET 1 capital ratio,0.17059745520656616
202409,BG,SVC_3,CET 1 capital ratio,0.22426705412911774
202409,CY,SVC_3,CET 1 capital ratio,0.2351216417093499
202409,CZ,SVC_3,CET 1 capital ratio,0.1740460258862258
202409,DE,SVC_3,CET 1 capital ratio,0.16547692750188847
202409,DK,SVC_3,CET 1 capital ratio,0.19062714784694712
202409,EE,SVC_3,CET 1 capital ratio,0.20470104471757222
202409,ES,SVC_3,CET 1 capital ratio,0.12818818992784645
202409,EU,SVC_3,CET 1 capital ratio,0.1604105035748243
202409,FI,SVC_3,CET 1 capital ratio,0.17998241011418742
202409,FR,SVC_3,CET 1 capital ratio,0.1573181323615213
202409,GR,SVC_3,CET 1 capital ratio,0.16149536246744722
202409,HR,SVC_3,CET 1 capital ratio,0.20728291471599453
202409,HU,SVC_3,CET 1 capital ratio,0.1897554657506853
202409,IE,SVC_3,CET 1 capital ratio,0.18310405778832772
202409,IS,SVC_3,CET 1 capital ratio,0.20164018560492777
202409,IT,SVC_3,CET 1 capital ratio,0.16385306781762032
202409,LI,SVC_3,CET 1 capital ratio,0.19617314563945318
202409,LT,SVC_3,CET 1 capital ratio,0.1991444702729907
202409,LU,SVC_3,CET 1 capital ratio,0.21946838199842705
202409,LV,SVC_3,CET 1 capital ratio,0.22810041249507998
202409,MT,SVC_3,CET 1 capital ratio,0.20988393832932514
202409,NL,SVC_3,CET 1 capital ratio,0.15805446417040175
202409,NO,SVC_3,CET 1 capital ratio,0.18822065476946412
202409,PL,SVC_3,CET 1 capital ratio,0.16858884520949097
202409,PT,SVC_3,CET 1 capital ratio,0.17732233515770338
202409,RO,SVC_3,CET 1 capital ratio,0.19984627360942994
202409,SE,SVC_3,CET 1 capital ratio,0.19396834568411148
202409,SI,SVC_3,CET 1 capital ratio,0.16375134038609618
202409,SK,SVC_3,CET 1 capital ratio,0.16384063395834164
202412,AT,AQT_3.1,Non-performing debt instruments (loans and advances & debt securities) other than held for trading to total gross debt instruments (NPE ratio),0.01997313493802035
202412,BE,AQT_3.1,Non-performing debt instruments (loans and advances & debt securities) other than held for trading to total gross debt instruments (NPE ratio),0.012168311586398613
202412,BG,AQT_3.1,Non-performing debt instruments (loans and advances & debt securities) other than held for trading to total gross debt instruments (NPE ratio),0.015766734605686047
202412,CY,AQT_3.1,Non-performing debt instruments (loans and advances & debt securities) other than held for trading to total gross debt instruments (NPE ratio),0.014743586152886812
202412,CZ,AQT_3.1,Non-performing debt instruments (loans and advances & debt securities) other than held for trading to total gross debt instruments (NPE ratio),0.009442749972708353
202412,DE,AQT_3.1,Non-performing debt instruments (loans and advances & debt securities) other than held for trading to total gross debt instruments (NPE ratio),0.014380383852011937
202412,DK,AQT_3.1,Non-performing debt instruments (loans and advances & debt securities) other than held for trading to total gross debt instruments (NPE ratio),0.011391239317787167
202412,EE,AQT_3.1,Non-performing debt instruments (loans and advances & debt securities) other than held for trading to total gross debt instruments (NPE ratio),0.00627097322048697
202412,ES,AQT_3.1,Non-performing debt instruments (loans and advances & debt securities) other than held for trading to total gross debt instruments (NPE ratio),0.02308157328601088
202412,EU,AQT_3.1,Non-performing debt instruments (loans and advances & debt securities) other than held for trading to total gross debt instruments (NPE ratio),0.016506491041739894
202412,FI,AQT_3.1,Non-performing debt instruments (loans and advances & debt securities) other than held for trading to total gross debt instruments (NPE ratio),0.01074153073278071
202412,FR,AQT_3.1,Non-performing debt instruments (loans and advances & debt securities) other than held for trading to total gross debt instruments (NPE ratio),0.01831675801962524
202412,GR,AQT_3.1,Non-performing debt instruments (loans and advances & debt securities) other than held for trading to total gross debt instruments (NPE ratio),0.02131249496338567
202412,HR,AQT_3.1,Non-performing debt instruments (loans and advances & debt securities) other than held for trading to total gross debt instruments (NPE ratio),0.01582803814422524
202412,HU,AQT_3.1,Non-performing debt instruments (loans and advances & debt securities) other than held for trading to total gross debt instruments (NPE ratio),0.021043779455488257
202412,IE,AQT_3.1,Non-performing debt instruments (loans and advances & debt securities) other than held for trading to total gross debt instruments (NPE ratio),0.010835394901081884
202412,IS,AQT_3.1,Non-performing debt instruments (loans and advances & debt securities) other than held for trading to total gross debt instruments (NPE ratio),0.017206215627418288
202412,IT,AQT_3.1,Non-performing debt instruments (loans and advances & debt securities) other than held for trading to total gross debt instruments (NPE ratio),0.017779476707319528
202412,LI,AQT_3.1,Non-performing debt instruments (loans and advances & debt securities) other than held for trading to total gross debt instruments (NPE ratio),0.0035281792398128577
202412,LT,AQT_3.1,Non-performing debt instruments (loans and advances & debt securities) other than held for trading to total gross debt instruments (NPE ratio),0.003682120727088682
202412,LU,AQT_3.1,Non-performing debt instruments (loans and advances & debt securities) other than held for trading to total gross debt instruments (NPE ratio),0.01604603826687691
202412,LV,AQT_3.1,Non-performing debt instruments (loans and advances & debt securities) other than held for trading to total gross debt instruments (NPE ratio),0.003978242107407994
202412,MT,AQT_3.1,Non-performing debt instruments (loans and advances & debt securities) other than held for trading to total gross debt instruments (NPE ratio),0.012573981883968178
202412,NL,AQT_3.1,Non-performing debt instruments (loans and advances & debt securities) other than held for trading to total gross debt instruments (NPE ratio),0.013698082197843204
202412,NO,AQT_3.1,Non-performing debt instruments (loans and advances & debt securities) other than held for trading to total gross debt instruments (NPE ratio),0.007861679396990787
202412,PL,AQT_3.1,Non-performing debt instruments (loans and advances & debt securities) other than held for trading to total gross debt instruments (NPE ratio),0.0240316412607602
202412,PT,AQT_3.1,Non-performing debt instruments (loans and advances & debt securities) other than held for trading to total gross debt instruments (NPE ratio),0.017351455135614036
202412,RO,AQT_3.1,Non-performing debt instruments (loans and advances & debt securities) other than held for trading to total gross debt instruments (NPE ratio),0.019485642316578573
202412,SE,AQT_3.1,Non-performing debt instruments (loans and advances & debt securities) other than held for trading to total gross debt instruments (NPE ratio),0.0037244930929067935
202412,SI,AQT_3.1,Non-performing debt instruments (loans and advances & debt securities) other than held for trading to total gross debt instruments (NPE ratio),0.013382519497894594
202412,SK,AQT_3.1,Non-performing debt instruments (loans and advances & debt securities) other than held for trading to total gross debt instruments (NPE ratio),0.015067996239180878
202412,AT,AQT_3.2,"Share of non‐performing loans and advances
(NPL ratio)",0.02407867898244626
202412,BE,AQT_3.2,"Share of non‐performing loans and advances
(NPL ratio)",0.01310833830454721
202412,BG,AQT_3.2,"Share of non‐performing loans and advances
(NPL ratio)",0.01882831421826298
202412,CY,AQT_3.2,"Share of non‐performing loans and advances
(NPL ratio)",0.0192529896803663
202412,CZ,AQT_3.2,"Share of non‐performing loans and advances
(NPL ratio)",0.011465956547658562
202412,DE,AQT_3.2,"Share of non‐performing loans and advances
(NPL ratio)",0.01583827840439117
202412,DK,AQT_3.2,"Share of non‐performing loans and advances
(NPL ratio)",0.012470778194158476
202412,EE,AQT_3.2,"Share of non‐performing loans and advances
(NPL ratio)",0.006587153594502346
202412,ES,AQT_3.2,"Share of non‐performing loans and advances
(NPL ratio)",0.026815254851807156
202412,EU,AQT_3.2,"Share of non‐performing loans and advances
(NPL ratio)",0.018824446698765495
202412,FI,AQT_3.2,"Share of non‐performing loans and advances
(NPL ratio)",0.012147136497141529
202412,FR,AQT_3.2,"Share of non‐performing loans and advances
(NPL ratio)",0.020262405458850507
202412,GR,AQT_3.2,"Share of non‐performing loans and advances
(NPL ratio)",0.028622200449126382
202412,HR,AQT_3.2,"Share of non‐performing loans and advances
(NPL ratio)",0.01840152701873616
202412,HU,AQT_3.2,"Share of non‐performing loans and advances
(NPL ratio)",0.025704997524443423
202412,IE,AQT_3.2,"Share of non‐performing loans and advances
(NPL ratio)",0.012432728185850044
202412,IS,AQT_3.2,"Share of non‐performing loans and advances
(NPL ratio)",0.018651003975238258
202412,IT,AQT_3.2,"Share of non‐performing loans and advances
(NPL ratio)",0.023093827484241138
202412,LI,AQT_3.2,"Share of non‐performing loans and advances
(NPL ratio)",0.00431243238440636
202412,LT,AQT_3.2,"Share of non‐performing loans and advances
(NPL ratio)",0.0041876389002352445
202412,LU,AQT_3.2,"Share of non‐performing loans and advances
(NPL ratio)",0.019278979103278856
202412,LV,AQT_3.2,"Share of non‐performing loans and advances
(NPL ratio)",0.004104372560486399
202412,MT,AQT_3.2,"Share of non‐performing loans and advances
(NPL ratio)",0.020565839492822136
202412,NL,AQT_3.2,"Share of non‐performing loans and advances
(NPL ratio)",0.015057495458857482
202412,NO,AQT_3.2,"Share of non‐performing loans and advances
(NPL ratio)",0.009050107181111591
202412,PL,AQT_3.2,"Share of non‐performing loans and advances
(NPL ratio)",0.03805287538797318
202412,PT,AQT_3.2,"Share of non‐performing loans and advances
(NPL ratio)",0.0227944389691301
202412,RO,AQT_3.2,"Share of non‐performing loans and advances
(NPL ratio)",0.028606861089481236
202412,SE,AQT_3.2,"Share of non‐performing loans and advances
(NPL ratio)",0.004016624347763532
202412,SI,AQT_3.2,"Share of non‐performing loans and advances
(NPL ratio)",0.01766878789155798
202412,SK,AQT_3.2,"Share of non‐performing loans and advances
(NPL ratio)",0.017941890502352006
202412,AT,AQT_41.2,Coverage ratio of non-performing loans and advances,0.4099806990185484
202412,BE,AQT_41.2,Coverage ratio of non-performing loans and advances,0.4564953583500437
202412,BG,AQT_41.2,Coverage ratio of non-performing loans and advances,0.6220190908009072
202412,CY,AQT_41.2,Coverage ratio of non-performing loans and advances,0.3749915630071795
202412,CZ,AQT_41.2,Coverage ratio of non-performing loans and advances,0.5018323148055681
202412,DE,AQT_41.2,Coverage ratio of non-performing loans and advances,0.32787289759301735
202412,DK,AQT_41.2,Coverage ratio of non-performing loans and advances,0.23554750798348237
202412,EE,AQT_41.2,Coverage ratio of non-performing loans and advances,0.30089844149247025
202412,ES,AQT_41.2,Coverage ratio of non-performing loans and advances,0.441816298258995
202412,EU,AQT_41.2,Coverage ratio of non-performing loans and advances,0.4119226097938206
202412,FI,AQT_41.2,Coverage ratio of non-performing loans and advances,0.2397230892318977
202412,FR,AQT_41.2,Coverage ratio of non-performing loans and advances,0.44887892913368704
202412,GR,AQT_41.2,Coverage ratio of non-performing loans and advances,0.3947460157616371
202412,HR,AQT_41.2,Coverage ratio of non-performing loans and advances,0.672957092256107
202412,HU,AQT_41.2,Coverage ratio of non-performing loans and advances,0.6015943302036431
202412,IE,AQT_41.2,Coverage ratio of non-performing loans and advances,0.3067363627353637
202412,IS,AQT_41.2,Coverage ratio of non-performing loans and advances,0.2113027943628565
202412,IT,AQT_41.2,Coverage ratio of non-performing loans and advances,0.5248257392124511
202412,LI,AQT_41.2,Coverage ratio of non-performing loans and advances,0.31651396629291007
202412,LT,AQT_41.2,Coverage ratio of non-performing loans and advances,0.36122101124713846
202412,LU,AQT_41.2,Coverage ratio of non-performing loans and advances,0.35407275248285996
202412,LV,AQT_41.2,Coverage ratio of non-performing loans and advances,0.364420524030625
202412,MT,AQT_41.2,Coverage ratio of non-performing loans and advances,0.2825645536389994
202412,NL,AQT_41.2,Coverage ratio of non-performing loans and advances,0.2423167689564286
202412,NO,AQT_41.2,Coverage ratio of non-performing loans and advances,0.22678098673555477
202412,PL,AQT_41.2,Coverage ratio of non-performing loans and advances,0.4906794836521171
202412,PT,AQT_41.2,Coverage ratio of non-performing loans and advances,0.5909187666034614
202412,RO,AQT_41.2,Coverage ratio of non-performing loans and advances,0.6453218552875912
202412,SE,AQT_41.2,Coverage ratio of non-performing loans and advances,0.25073706358707615
202412,SI,AQT_41.2,Coverage ratio of non-performing loans and advances,0.569479822494817
202412,SK,AQT_41.2,Coverage ratio of non-performing loans and advances,0.5219471487539938
202412,AT,AQT_42.2,Forbearance ratio - Loans and advances (gross amount) (FBL),0.020369798642787994
202412,BE,AQT_42.2,Forbearance ratio - Loans and advances (gross amount) (FBL),0.008215749474259277
202412,BG,AQT_42.2,Forbearance ratio - Loans and advances (gross amount) (FBL),0.01592012016078366
202412,CY,AQT_42.2,Forbearance ratio - Loans and advances (gross amount) (FBL),0.021155659480767676
202412,CZ,AQT_42.2,Forbearance ratio - Loans and advances (gross amount) (FBL),0.006171122107427437
202412,DE,AQT_42.2,Forbearance ratio - Loans and advances (gross amount) (FBL),0.017331339886085532
202412,DK,AQT_42.2,Forbearance ratio - Loans and advances (gross amount) (FBL),0.0047873459026995125
202412,EE,AQT_42.2,Forbearance ratio - Loans and advances (gross amount) (FBL),0.011631787357965414
202412,ES,AQT_42.2,Forbearance ratio - Loans and advances (gross amount) (FBL),0.019846074098641513
202412,EU,AQT_42.2,Forbearance ratio - Loans and advances (gross amount) (FBL),0.014334531152913492
202412,FI,AQT_42.2,Forbearance ratio - Loans and advances (gross amount) (FBL),0.015622148676168108
202412,FR,AQT_42.2,Forbearance ratio - Loans and advances (gross amount) (FBL),0.010769982968329716
202412,GR,AQT_42.2,Forbearance ratio - Loans and advances (gross amount) (FBL),0.02958114969279508
202412,HR,AQT_42.2,Forbearance ratio - Loans and advances (gross amount) (FBL),0.0156895697126947
202412,HU,AQT_42.2,Forbearance ratio - Loans and advances (gross amount) (FBL),0.017967250090637998
202412,IE,AQT_42.2,Forbearance ratio - Loans and advances (gross amount) (FBL),0.016075105204993622
202412,IS,AQT_42.2,Forbearance ratio - Loans and advances (gross amount) (FBL),0.02180866810578206
202412,IT,AQT_42.2,Forbearance ratio - Loans and advances (gross amount) (FBL),0.017601341303316212
202412,LI,AQT_42.2,Forbearance ratio - Loans and advances (gross amount) (FBL),0.0024219494220533186
202412,LT,AQT_42.2,Forbearance ratio - Loans and advances (gross amount) (FBL),0.003778440682826471
202412,LU,AQT_42.2,Forbearance ratio - Loans and advances (gross amount) (FBL),0.009343448995832808
202412,LV,AQT_42.2,Forbearance ratio - Loans and advances (gross amount) (FBL),0.008683835942949171
202412,MT,AQT_42.2,Forbearance ratio - Loans and advances (gross amount) (FBL),0.023555093492690662
202412,NL,AQT_42.2,Forbearance ratio - Loans and advances (gross amount) (FBL),0.015128707369261571
202412,NO,AQT_42.2,Forbearance ratio - Loans and advances (gross amount) (FBL),0.01000370112516444
202412,PL,AQT_42.2,Forbearance ratio - Loans and advances (gross amount) (FBL),0.01648960311189447
202412,PT,AQT_42.2,Forbearance ratio - Loans and advances (gross amount) (FBL),0.02166712159817655
202412,RO,AQT_42.2,Forbearance ratio - Loans and advances (gross amount) (FBL),0.014408409128936591
202412,SE,AQT_42.2,Forbearance ratio - Loans and advances (gross amount) (FBL),0.005406305818184229
202412,SI,AQT_42.2,Forbearance ratio - Loans and advances (gross amount) (FBL),0.01274034208825256
202412,SK,AQT_42.2,Forbearance ratio - Loans and advances (gross amount) (FBL),0.014266434695676816
202412,AT,FND_32,Loans and advances-to-deposits ratio for households and non-financial corporations,0.9755283781650768
202412,BE,FND_32,Loans and advances-to-deposits ratio for households and non-financial corporations,1.0089204053331846
202412,BG,FND_32,Loans and advances-to-deposits ratio for households and non-financial corporations,0.7774117939253483
202412,CY,FND_32,Loans and advances-to-deposits ratio for households and non-financial corporations,0.47436181086866214
202412,CZ,FND_32,Loans and advances-to-deposits ratio for households and non-financial corporations,0.8592060590855868
202412,DE,FND_32,Loans and advances-to-deposits ratio for households and non-financial corporations,1.1131974597534466
202412,DK,FND_32,Loans and advances-to-deposits ratio for households and non-financial corporations,2.9938311337846426
202412,EE,FND_32,Loans and advances-to-deposits ratio for households and non-financial corporations,1.0083562875321586
202412,ES,FND_32,Loans and advances-to-deposits ratio for households and non-financial corporations,0.9671376229322001
202412,EU,FND_32,Loans and advances-to-deposits ratio for households and non-financial corporations,1.0480074425602852
202412,FI,FND_32,Loans and advances-to-deposits ratio for households and non-financial corporations,1.5578023143963573
202412,FR,FND_32,Loans and advances-to-deposits ratio for households and non-financial corporations,1.0381201726493676
202412,GR,FND_32,Loans and advances-to-deposits ratio for households and non-financial corporations,0.6060464448164337
202412,HR,FND_32,Loans and advances-to-deposits ratio for households and non-financial corporations,0.6867926808272601
202412,HU,FND_32,Loans and advances-to-deposits ratio for households and non-financial corporations,0.7832868605649129
202412,IE,FND_32,Loans and advances-to-deposits ratio for households and non-financial corporations,0.7033430585483488
202412,IS,FND_32,Loans and advances-to-deposits ratio for households and non-financial corporations,1.6855208773054857
202412,IT,FND_32,Loans and advances-to-deposits ratio for households and non-financial corporations,0.8760805874727378
202412,LI,FND_32,Loans and advances-to-deposits ratio for households and non-financial corporations,0.7029907938927347
202412,LT,FND_32,Loans and advances-to-deposits ratio for households and non-financial corporations,0.39254912337381803
202412,LU,FND_32,Loans and advances-to-deposits ratio for households and non-financial corporations,1.4738224330392138
202412,LV,FND_32,Loans and advances-to-deposits ratio for households and non-financial corporations,0.7208834007202277
202412,MT,FND_32,Loans and advances-to-deposits ratio for households and non-financial corporations,0.5887227474709733
202412,NL,FND_32,Loans and advances-to-deposits ratio for households and non-financial corporations,1.1020647656323312
202412,NO,FND_32,Loans and advances-to-deposits ratio for households and non-financial corporations,1.674126304460548
202412,PL,FND_32,Loans and advances-to-deposits ratio for households and non-financial corporations,0.7139246660216282
202412,PT,FND_32,Loans and advances-to-deposits ratio for households and non-financial corporations,0.6856006753708419
202412,RO,FND_32,Loans and advances-to-deposits ratio for households and non-financial corporations,0.6134585530162632
202412,SE,FND_32,Loans and advances-to-deposits ratio for households and non-financial corporations,1.7055313722204868
202412,SI,FND_32,Loans and advances-to-deposits ratio for households and non-financial corporations,0.7033280321622618
202412,SK,FND_32,Loans and advances-to-deposits ratio for households and non-financial corporations,1.072690085553438
202412,AT,FND_33,Asset encumbrance ratio,0.17429398073619887
202412,BE,FND_33,Asset encumbrance ratio,0.10267309335267968
202412,BG,FND_33,Asset encumbrance ratio,0.021630157740040696
202412,CY,FND_33,Asset encumbrance ratio,0.0730965394533719
202412,CZ,FND_33,Asset encumbrance ratio,0.11708564551705156
202412,DE,FND_33,Asset encumbrance ratio,0.30526096396570884
202412,DK,FND_33,Asset encumbrance ratio,0.5022810700827924
202412,EE,FND_33,Asset encumbrance ratio,0.03650027348049682
202412,ES,FND_33,Asset encumbrance ratio,0.18351133074702589
202412,EU,FND_33,Asset encumbrance ratio,0.24052842542111064
202412,FI,FND_33,Asset encumbrance ratio,0.2991180621524767
202412,FR,FND_33,Asset encumbrance ratio,0.27792111695923194
202412,GR,FND_33,Asset encumbrance ratio,0.07311977557378219
202412,HR,FND_33,Asset encumbrance ratio,0.016141193017629493
202412,HU,FND_33,Asset encumbrance ratio,0.07937910017224163
202412,IE,FND_33,Asset encumbrance ratio,0.20319080380731647
202412,IS,FND_33,Asset encumbrance ratio,0.2153385558552508
202412,IT,FND_33,Asset encumbrance ratio,0.20541409960701973
202412,LI,FND_33,Asset encumbrance ratio,0.04696120200617277
202412,LT,FND_33,Asset encumbrance ratio,0.01084177275576273
202412,LU,FND_33,Asset encumbrance ratio,0.081967213151254
202412,LV,FND_33,Asset encumbrance ratio,0.007570868232223412
202412,MT,FND_33,Asset encumbrance ratio,0.04821267206568805
202412,NL,FND_33,Asset encumbrance ratio,0.15369602510807803
202412,NO,FND_33,Asset encumbrance ratio,0.17112926482333957
202412,PL,FND_33,Asset encumbrance ratio,0.02903110750211226
202412,PT,FND_33,Asset encumbrance ratio,0.06196251900915615
202412,RO,FND_33,Asset encumbrance ratio,0.00973139358020927
202412,SE,FND_33,Asset encumbrance ratio,0.21223895596744258
202412,SI,FND_33,Asset encumbrance ratio,0.03218051395564472
202412,SK,FND_33,Asset encumbrance ratio,0.1625345217228462
202412,AT,LIQ_17,Liquidity coverage ratio,1.6837021833172596
202412,BE,LIQ_17,Liquidity coverage ratio,1.976581538990895
202412,BG,LIQ_17,Liquidity coverage ratio,2.2454299726835947
202412,CY,LIQ_17,Liquidity coverage ratio,3.3884430979390023
202412,CZ,LIQ_17,Liquidity coverage ratio,1.723605292717019
202412,DE,LIQ_17,Liquidity coverage ratio,1.4796783687643336
202412,DK,LIQ_17,Liquidity coverage ratio,1.9241515458403615
202412,EE,LIQ_17,Liquidity coverage ratio,1.8425222518566824
202412,ES,LIQ_17,Liquidity coverage ratio,1.6850338983578728
202412,EU,LIQ_17,Liquidity coverage ratio,1.634247627008603
202412,FI,LIQ_17,Liquidity coverage ratio,1.6995715667477636
202412,FR,LIQ_17,Liquidity coverage ratio,1.4493115766541618
202412,GR,LIQ_17,Liquidity coverage ratio,2.1461640528896444
202412,HR,LIQ_17,Liquidity coverage ratio,2.2167641034584418
202412,HU,LIQ_17,Liquidity coverage ratio,2.194509163655872
202412,IE,LIQ_17,Liquidity coverage ratio,1.7192366274936983
202412,IS,LIQ_17,Liquidity coverage ratio,1.6996034113665048
202412,IT,LIQ_17,Liquidity coverage ratio,1.6900116432317638
202412,LI,LIQ_17,Liquidity coverage ratio,1.8907854568845808
202412,LT,LIQ_17,Liquidity coverage ratio,3.5414403849367644
202412,LU,LIQ_17,Liquidity coverage ratio,1.726603142399192
202412,LV,LIQ_17,Liquidity coverage ratio,1.776792913300759
202412,MT,LIQ_17,Liquidity coverage ratio,3.7112129142957597
202412,NL,LIQ_17,Liquidity coverage ratio,1.5913545843461587
202412,NO,LIQ_17,Liquidity coverage ratio,1.513971946720972
202412,PL,LIQ_17,Liquidity coverage ratio,2.3609008690371405
202412,PT,LIQ_17,Liquidity coverage ratio,2.6393518912128213
202412,RO,LIQ_17,Liquidity coverage ratio,2.870381437014569
202412,SE,LIQ_17,Liquidity coverage ratio,1.9536751932207614
202412,SI,LIQ_17,Liquidity coverage ratio,2.734941852124845
202412,SK,LIQ_17,Liquidity coverage ratio,1.8134893848024525
202412,AT,LIQ_20,Net Stable Funding Ratio,1.4049368570195253
202412,BE,LIQ_20,Net Stable Funding Ratio,1.3242437982192246
202412,BG,LIQ_20,Net Stable Funding Ratio,1.687097982317122
202412,CY,LIQ_20,Net Stable Funding Ratio,1.855507997636314
202412,CZ,LIQ_20,Net Stable Funding Ratio,1.5132035547696558
202412,DE,LIQ_20,Net Stable Funding Ratio,1.242196039257743
202412,DK,LIQ_20,Net Stable Funding Ratio,1.2423134328910899
202412,EE,LIQ_20,Net Stable Funding Ratio,1.457013086847981
202412,ES,LIQ_20,Net Stable Funding Ratio,1.329054280690658
202412,EU,LIQ_20,Net Stable Funding Ratio,1.2723071496230716
202412,FI,LIQ_20,Net Stable Funding Ratio,1.2506549324508136
202412,FR,LIQ_20,Net Stable Funding Ratio,1.1519403369023402
202412,GR,LIQ_20,Net Stable Funding Ratio,1.3813533919017442
202412,HR,LIQ_20,Net Stable Funding Ratio,1.71122816317328
202412,HU,LIQ_20,Net Stable Funding Ratio,1.5207674802526314
202412,IE,LIQ_20,Net Stable Funding Ratio,1.5396692637248401
202412,IS,LIQ_20,Net Stable Funding Ratio,1.2219069888894458
202412,IT,LIQ_20,Net Stable Funding Ratio,1.316491511903022
202412,LI,LIQ_20,Net Stable Funding Ratio,1.6194099897749958
202412,LT,LIQ_20,Net Stable Funding Ratio,2.0714808444553996
202412,LU,LIQ_20,Net Stable Funding Ratio,1.264670757423552
202412,LV,LIQ_20,Net Stable Funding Ratio,1.3676244600896938
202412,MT,LIQ_20,Net Stable Funding Ratio,1.8378747962040984
202412,NL,LIQ_20,Net Stable Funding Ratio,1.3544009305155114
202412,NO,LIQ_20,Net Stable Funding Ratio,1.172250491057155
202412,PL,LIQ_20,Net Stable Funding Ratio,1.6062280454133537
202412,PT,LIQ_20,Net Stable Funding Ratio,1.5894348404315364
202412,RO,LIQ_20,Net Stable Funding Ratio,2.1698331411701197
202412,SE,LIQ_20,Net Stable Funding Ratio,1.2208859250130568
202412,SI,LIQ_20,Net Stable Funding Ratio,1.6881469417037624
202412,SK,LIQ_20,Net Stable Funding Ratio,1.3180199261912093
202412,AT,PFT_21,"Return on equity (numerator annualised, denominator as average)",0.10963406981045033
202412,BE,PFT_21,"Return on equity (numerator annualised, denominator as average)",0.12157628204519025
202412,BG,PFT_21,"Return on equity (numerator annualised, denominator as average)",0.18327782590384215
202412,CY,PFT_21,"Return on equity (numerator annualised, denominator as average)",0.20704890131204198
202412,CZ,PFT_21,"Return on equity (numerator annualised, denominator as average)",0.15736212458419108
202412,DE,PFT_21,"Return on equity (numerator annualised, denominator as average)",0.06556765640138064
202412,DK,PFT_21,"Return on equity (numerator annualised, denominator as average)",0.12432747716746487
202412,EE,PFT_21,"Return on equity (numerator annualised, denominator as average)",0.1658177516027466
202412,ES,PFT_21,"Return on equity (numerator annualised, denominator as average)",0.14555492553299215
202412,EU,PFT_21,"Return on equity (numerator annualised, denominator as average)",0.1053428575207447
202412,FI,PFT_21,"Return on equity (numerator annualised, denominator as average)",0.13922797028347456
202412,FR,PFT_21,"Return on equity (numerator annualised, denominator as average)",0.06555905109026657
202412,GR,PFT_21,"Return on equity (numerator annualised, denominator as average)",0.1366619656011168
202412,HR,PFT_21,"Return on equity (numerator annualised, denominator as average)",0.16428487777961215
202412,HU,PFT_21,"Return on equity (numerator annualised, denominator as average)",0.2078725050004051
202412,IE,PFT_21,"Return on equity (numerator annualised, denominator as average)",0.12488837820294012
202412,IS,PFT_21,"Return on equity (numerator annualised, denominator as average)",0.1207859314067339
202412,IT,PFT_21,"Return on equity (numerator annualised, denominator as average)",0.14662797396201108
202412,LI,PFT_21,"Return on equity (numerator annualised, denominator as average)",0.05762386674174576
202412,LT,PFT_21,"Return on equity (numerator annualised, denominator as average)",0.18998504830204221
202412,LU,PFT_21,"Return on equity (numerator annualised, denominator as average)",0.09147537515175835
202412,LV,PFT_21,"Return on equity (numerator annualised, denominator as average)",0.19368512330113605
202412,MT,PFT_21,"Return on equity (numerator annualised, denominator as average)",0.13275537016488612
202412,NL,PFT_21,"Return on equity (numerator annualised, denominator as average)",0.10821668167602463
202412,NO,PFT_21,"Return on equity (numerator annualised, denominator as average)",0.14952032210249644
202412,PL,PFT_21,"Return on equity (numerator annualised, denominator as average)",0.18459089542950233
202412,PT,PFT_21,"Return on equity (numerator annualised, denominator as average)",0.16686312600791095
202412,RO,PFT_21,"Return on equity (numerator annualised, denominator as average)",0.22577737212984003
202412,SE,PFT_21,"Return on equity (numerator annualised, denominator as average)",0.14129390861703797
202412,SI,PFT_21,"Return on equity (numerator annualised, denominator as average)",0.1637910816173779
202412,SK,PFT_21,"Return on equity (numerator annualised, denominator as average)",0.1230398664499609
202412,AT,PFT_23,Cost to income ratio,0.4878582458970206
202412,BE,PFT_23,Cost to income ratio,0.4866967008798373
202412,BG,PFT_23,Cost to income ratio,0.32316867257115006
202412,CY,PFT_23,Cost to income ratio,0.3707053968671465
202412,CZ,PFT_23,Cost to income ratio,0.46013589635441154
202412,DE,PFT_23,Cost to income ratio,0.6091027022125988
202412,DK,PFT_23,Cost to income ratio,0.4218101612218024
202412,EE,PFT_23,Cost to income ratio,0.3935690579828653
202412,ES,PFT_23,Cost to income ratio,0.4263685296019027
202412,EU,PFT_23,Cost to income ratio,0.5279984464760129
202412,FI,PFT_23,Cost to income ratio,0.4282425862957035
202412,FR,PFT_23,Cost to income ratio,0.6732362201023754
202412,GR,PFT_23,Cost to income ratio,0.3497680735001006
202412,HR,PFT_23,Cost to income ratio,0.39472056064335115
202412,HU,PFT_23,Cost to income ratio,0.478082456668593
202412,IE,PFT_23,Cost to income ratio,0.4621386013308101
202412,IS,PFT_23,Cost to income ratio,0.4024958908472101
202412,IT,PFT_23,Cost to income ratio,0.4985296024001512
202412,LI,PFT_23,Cost to income ratio,0.8064540677183007
202412,LT,PFT_23,Cost to income ratio,0.4571118396457021
202412,LU,PFT_23,Cost to income ratio,0.5041725908380473
202412,LV,PFT_23,Cost to income ratio,0.39256369806373265
202412,MT,PFT_23,Cost to income ratio,0.4844336695976146
202412,NL,PFT_23,Cost to income ratio,0.5365404918814781
202412,NO,PFT_23,Cost to income ratio,0.36895006866845353
202412,PL,PFT_23,Cost to income ratio,0.36098106449222217
202412,PT,PFT_23,Cost to income ratio,0.32221686824172696
202412,RO,PFT_23,Cost to income ratio,0.45939286388942807
202412,SE,PFT_23,Cost to income ratio,0.4088841370034635
202412,SI,PFT_23,Cost to income ratio,0.4818271344641227
202412,SK,PFT_23,Cost to income ratio,0.4163337403366608
202412,AT,PFT_24,Return on assets,0.010208832055590688
202412,BE,PFT_24,Return on assets,0.00892346911906664
202412,BG,PFT_24,Return on assets,0.02236272394736329
202412,CY,PFT_24,Return on assets,0.019377369414504745
202412,CZ,PFT_24,Return on assets,0.011618396324972585
202412,DE,PFT_24,Return on assets,0.004228403634149905
202412,DK,PFT_24,Return on assets,0.0071057975420074845
202412,EE,PFT_24,Return on assets,0.01882259962843556
202412,ES,PFT_24,Return on assets,0.009456395134620026
202412,EU,PFT_24,Return on assets,0.007303028920242458
202412,FI,PFT_24,Return on assets,0.009623113253188499
202412,FR,PFT_24,Return on assets,0.004226989905806963
202412,GR,PFT_24,Return on assets,0.013851281457886066
202412,HR,PFT_24,Return on assets,0.019245739244438943
202412,HU,PFT_24,Return on assets,0.023234720324675426
202412,IE,PFT_24,Return on assets,0.013505468343067435
202412,IS,PFT_24,Return on assets,0.01713699558853727
202412,IT,PFT_24,Return on assets,0.012231479381857112
202412,LI,PFT_24,Return on assets,0.005494922735010116
202412,LT,PFT_24,Return on assets,0.0135313809769429
202412,LU,PFT_24,Return on assets,0.008810414183612681
202412,LV,PFT_24,Return on assets,0.0225340935866595
202412,MT,PFT_24,Return on assets,0.010592923319163991
202412,NL,PFT_24,Return on assets,0.006907322712220033
202412,NO,PFT_24,Return on assets,0.013213710358741396
202412,PL,PFT_24,Return on assets,0.018788284016820343
202412,PT,PFT_24,Return on assets,0.015175062963881315
202412,RO,PFT_24,Return on assets,0.020294303785690797
202412,SE,PFT_24,Return on assets,0.009199826184207671
202412,SI,PFT_24,Return on assets,0.01964711232410949
202412,SK,PFT_24,Return on assets,0.010724422279061379
202412,AT,PFT_25,Net interest income to total net operating income,0.6892747554588545
202412,BE,PFT_25,Net interest income to total net operating income,0.6131305054453348
202412,BG,PFT_25,Net interest income to total net operating income,0.698966280179852
202412,CY,PFT_25,Net interest income to total net operating income,0.793082185504554
202412,CZ,PFT_25,Net interest income to total net operating income,0.7030346488834389
202412,DE,PFT_25,Net interest income to total net operating income,0.5240325106673811
202412,DK,PFT_25,Net interest income to total net operating income,0.6313816307790792
202412,EE,PFT_25,Net interest income to total net operating income,0.8147453922161038
202412,ES,PFT_25,Net interest income to total net operating income,0.7479413273224916
202412,EU,PFT_25,Net interest income to total net operating income,0.6028380633638253
202412,FI,PFT_25,Net interest income to total net operating income,0.700916474288692
202412,FR,PFT_25,Net interest income to total net operating income,0.4051805271266096
202412,GR,PFT_25,Net interest income to total net operating income,0.7729710917900785
202412,HR,PFT_25,Net interest income to total net operating income,0.7307694600271515
202412,HU,PFT_25,Net interest income to total net operating income,0.6594446630378071
202412,IE,PFT_25,Net interest income to total net operating income,0.6976008330894564
202412,IS,PFT_25,Net interest income to total net operating income,0.7142362185441087
202412,IT,PFT_25,Net interest income to total net operating income,0.5926250730103327
202412,LI,PFT_25,Net interest income to total net operating income,0.16488019682987282
202412,LT,PFT_25,Net interest income to total net operating income,0.9980236102723378
202412,LU,PFT_25,Net interest income to total net operating income,0.7328854601062114
202412,LV,PFT_25,Net interest income to total net operating income,0.8048503616754741
202412,MT,PFT_25,Net interest income to total net operating income,0.8286381334575564
202412,NL,PFT_25,Net interest income to total net operating income,0.7078597297994521
202412,NO,PFT_25,Net interest income to total net operating income,0.7691453587004499
202412,PL,PFT_25,Net interest income to total net operating income,0.8047985255609487
202412,PT,PFT_25,Net interest income to total net operating income,0.7883692753948944
202412,RO,PFT_25,Net interest income to total net operating income,0.7152112977417094
202412,SE,PFT_25,Net interest income to total net operating income,0.6875356038277881
202412,SI,PFT_25,Net interest income to total net operating income,0.7420698001632532
202412,SK,PFT_25,Net interest income to total net operating income,0.7063025972281247
202412,AT,PFT_26,Net fee and comission income to total net operating income,0.2827583444065384
202412,BE,PFT_26,Net fee and comission income to total net operating income,0.23198884063102457
202412,BG,PFT_26,Net fee and comission income to total net operating income,0.2251974295978646
202412,CY,PFT_26,Net fee and comission income to total net operating income,0.14541763771053667
202412,CZ,PFT_26,Net fee and comission income to total net operating income,0.25249970201777105
202412,DE,PFT_26,Net fee and comission income to total net operating income,0.31943951894733225
202412,DK,PFT_26,Net fee and comission income to total net operating income,0.19853985033745017
202412,EE,PFT_26,Net fee and comission income to total net operating income,0.13878452164304922
202412,ES,PFT_26,Net fee and comission income to total net operating income,0.23110437844059853
202412,EU,PFT_26,Net fee and comission income to total net operating income,0.28058652535612744
202412,FI,PFT_26,Net fee and comission income to total net operating income,0.21441980674147323
202412,FR,PFT_26,Net fee and comission income to total net operating income,0.35841478733762544
202412,GR,PFT_26,Net fee and comission income to total net operating income,0.1786127825576302
202412,HR,PFT_26,Net fee and comission income to total net operating income,0.22586328117337767
202412,HU,PFT_26,Net fee and comission income to total net operating income,0.2994923585107879
202412,IE,PFT_26,Net fee and comission income to total net operating income,0.17687377690625714
202412,IS,PFT_26,Net fee and comission income to total net operating income,0.18896010850436493
202412,IT,PFT_26,Net fee and comission income to total net operating income,0.3212766372916273
202412,LI,PFT_26,Net fee and comission income to total net operating income,0.5925596371175781
202412,LT,PFT_26,Net fee and comission income to total net operating income,0.7992055617864435
202412,LU,PFT_26,Net fee and comission income to total net operating income,0.19934925888791327
202412,LV,PFT_26,Net fee and comission income to total net operating income,0.15296611134106533
202412,MT,PFT_26,Net fee and comission income to total net operating income,0.13424919230684906
202412,NL,PFT_26,Net fee and comission income to total net operating income,0.17206129402899528
202412,NO,PFT_26,Net fee and comission income to total net operating income,0.15645495844493676
202412,PL,PFT_26,Net fee and comission income to total net operating income,0.1837508892678997
202412,PT,PFT_26,Net fee and comission income to total net operating income,0.20393696596863292
202412,RO,PFT_26,Net fee and comission income to total net operating income,0.17132589885588345
202412,SE,PFT_26,Net fee and comission income to total net operating income,0.20739420972807412
202412,SI,PFT_26,Net fee and comission income to total net operating income,0.2218791917071228
202412,SK,PFT_26,Net fee and comission income to total net operating income,0.26510022125406396
202412,AT,PFT_29,Net trading income to total net operating income,0.04001097111078997
202412,BE,PFT_29,Net trading income to total net operating income,0.025411222819833823
202412,BG,PFT_29,Net trading income to total net operating income,0.054716424133170856
202412,CY,PFT_29,Net trading income to total net operating income,0.013827116000315016
202412,CZ,PFT_29,Net trading income to total net operating income,0.0361438697750907
202412,DE,PFT_29,Net trading income to total net operating income,0.09822691640331273
202412,DK,PFT_29,Net trading income to total net operating income,0.11482915417568329
202412,EE,PFT_29,Net trading income to total net operating income,0.046113945929526
202412,ES,PFT_29,Net trading income to total net operating income,0.04054537867315001
202412,EU,PFT_29,Net trading income to total net operating income,0.07443542852183435
202412,FI,PFT_29,Net trading income to total net operating income,0.12931040102018435
202412,FR,PFT_29,Net trading income to total net operating income,0.12823517650084654
202412,GR,PFT_29,Net trading income to total net operating income,0.014971246656000282
202412,HR,PFT_29,Net trading income to total net operating income,0.021873634872716072
202412,HU,PFT_29,Net trading income to total net operating income,0.03405607292668522
202412,IE,PFT_29,Net trading income to total net operating income,0.03508089845654007
202412,IS,PFT_29,Net trading income to total net operating income,0.07514990074559089
202412,IT,PFT_29,Net trading income to total net operating income,0.02484925324411378
202412,LI,PFT_29,Net trading income to total net operating income,0.15192297082155035
202412,LT,PFT_29,Net trading income to total net operating income,0.03582449026543583
202412,LU,PFT_29,Net trading income to total net operating income,-0.04807744169467567
202412,LV,PFT_29,Net trading income to total net operating income,0.03647533230181487
202412,MT,PFT_29,Net trading income to total net operating income,0.023358704880768886
202412,NL,PFT_29,Net trading income to total net operating income,0.1071036906744904
202412,NO,PFT_29,Net trading income to total net operating income,0.04438254519625993
202412,PL,PFT_29,Net trading income to total net operating income,0.023279057581543437
202412,PT,PFT_29,Net trading income to total net operating income,6.120802803314475e-05
202412,RO,PFT_29,Net trading income to total net operating income,0.040767130534767985
202412,SE,PFT_29,Net trading income to total net operating income,0.07390497785305677
202412,SI,PFT_29,Net trading income to total net operating income,0.020840615393258145
202412,SK,PFT_29,Net trading income to total net operating income,0.019646632435499935
202412,AT,PFT_41,Net interest margin,0.02287452013437389
202412,BE,PFT_41,Net interest margin,0.0161554259924015
202412,BG,PFT_41,Net interest margin,0.03086823940999642
202412,CY,PFT_41,Net interest margin,0.03350076447540331
202412,CZ,PFT_41,Net interest margin,0.01859022379609612
202412,DE,PFT_41,Net interest margin,0.011373916793372326
202412,DK,PFT_41,Net interest margin,0.011155722699474855
202412,EE,PFT_41,Net interest margin,0.03497700040987472
202412,ES,PFT_41,Net interest margin,0.028138984444922972
202412,EU,PFT_41,Net interest margin,0.016645722793276543
202412,FI,PFT_41,Net interest margin,0.016711105779075495
202412,FR,PFT_41,Net interest margin,0.008976204986920252
202412,GR,PFT_41,Net interest margin,0.03187360403110292
202412,HR,PFT_41,Net interest margin,0.029732785841671928
202412,HU,PFT_41,Net interest margin,0.04261398069720819
202412,IE,PFT_41,Net interest margin,0.026880259131830436
202412,IS,PFT_41,Net interest margin,0.030476216647255895
202412,IT,PFT_41,Net interest margin,0.022856513357964115
202412,LI,PFT_41,Net interest margin,0.00677883007338416
202412,LT,PFT_41,Net interest margin,0.03549711459095114
202412,LU,PFT_41,Net interest margin,0.01772497499187239
202412,LV,PFT_41,Net interest margin,0.036399835515060576
202412,MT,PFT_41,Net interest margin,0.025635076733483322
202412,NL,PFT_41,Net interest margin,0.016476250424774574
202412,NO,PFT_41,Net interest margin,0.02180870065513446
202412,PL,PFT_41,Net interest margin,0.04531747562255824
202412,PT,PFT_41,Net interest margin,0.029920856730783065
202412,RO,PFT_41,Net interest margin,0.03452298342179018
202412,SE,PFT_41,Net interest margin,0.014929396620682867
202412,SI,PFT_41,Net interest margin,0.03688427960354053
202412,SK,PFT_41,Net interest margin,0.022726508564027432
202412,AT,PFT_43,Cost of risk,0.005098603438057061
202412,BE,PFT_43,Cost of risk,0.0018960617143933874
202412,BG,PFT_43,Cost of risk,0.007149150638329162
202412,CY,PFT_43,Cost of risk,0.0027760059081621503
202412,CZ,PFT_43,Cost of risk,0.0013677559222049814
202412,DE,PFT_43,Cost of risk,0.004872891156157593
202412,DK,PFT_43,Cost of risk,0.0023229686514704877
202412,EE,PFT_43,Cost of risk,-5.556852310779684e-05
202412,ES,PFT_43,Cost of risk,0.010741658922408727
202412,EU,PFT_43,Cost of risk,0.004880484474502063
202412,FI,PFT_43,Cost of risk,0.001536343994470674
202412,FR,PFT_43,Cost of risk,0.004958034112439566
202412,GR,PFT_43,Cost of risk,0.005221871265018326
202412,HR,PFT_43,Cost of risk,0.0015152577131521353
202412,HU,PFT_43,Cost of risk,0.009437964204076436
202412,IE,PFT_43,Cost of risk,0.002880094186374073
202412,IS,PFT_43,Cost of risk,0.002589834089886094
202412,IT,PFT_43,Cost of risk,0.003497506610020008
202412,LI,PFT_43,Cost of risk,-0.0002516423931635087
202412,LT,PFT_43,Cost of risk,0.0030259735843521825
202412,LU,PFT_43,Cost of risk,0.003350425984150594
202412,LV,PFT_43,Cost of risk,0.00037385742672270265
202412,MT,PFT_43,Cost of risk,0.0007738254654089285
202412,NL,PFT_43,Cost of risk,0.0016980798878106103
202412,NO,PFT_43,Cost of risk,0.0007765936900613635
202412,PL,PFT_43,Cost of risk,0.00688292671382247
202412,PT,PFT_43,Cost of risk,0.002377727775410996
202412,RO,PFT_43,Cost of risk,0.014290689899675553
202412,SE,PFT_43,Cost of risk,0.0006334509763581253
202412,SI,PFT_43,Cost of risk,0.00685126438328173
202412,SK,PFT_43,Cost of risk,0.0035846648274782803
202412,AT,SVC_1,Tier 1 capital ratio,0.18154075518718507
202412,BE,SVC_1,Tier 1 capital ratio,0.1929729984435008
202412,BG,SVC_1,Tier 1 capital ratio,0.21868764043274258
202412,CY,SVC_1,Tier 1 capital ratio,0.2580741265708042
202412,CZ,SVC_1,Tier 1 capital ratio,0.1813191062549646
202412,DE,SVC_1,Tier 1 capital ratio,0.1873890239756114
202412,DK,SVC_1,Tier 1 capital ratio,0.1989150586291959
202412,EE,SVC_1,Tier 1 capital ratio,0.19795278414963066
202412,ES,SVC_1,Tier 1 capital ratio,0.14495964417843796
202412,EU,SVC_1,Tier 1 capital ratio,0.17690943125680325
202412,FI,SVC_1,Tier 1 capital ratio,0.19979381363434098
202412,FR,SVC_1,Tier 1 capital ratio,0.17336997735583834
202412,GR,SVC_1,Tier 1 capital ratio,0.16949852735195545
202412,HR,SVC_1,Tier 1 capital ratio,0.20469339225660363
202412,HU,SVC_1,Tier 1 capital ratio,0.18625201323694698
202412,IE,SVC_1,Tier 1 capital ratio,0.19729733054913934
202412,IS,SVC_1,Tier 1 capital ratio,0.20993310037370788
202412,IT,SVC_1,Tier 1 capital ratio,0.17797032304987787
202412,LI,SVC_1,Tier 1 capital ratio,0.18897482001311072
202412,LT,SVC_1,Tier 1 capital ratio,0.20529293144814656
202412,LU,SVC_1,Tier 1 capital ratio,0.2197595247687902
202412,LV,SVC_1,Tier 1 capital ratio,0.218036426460002
202412,MT,SVC_1,Tier 1 capital ratio,0.21670782708709557
202412,NL,SVC_1,Tier 1 capital ratio,0.1813145474221441
202412,NO,SVC_1,Tier 1 capital ratio,0.2095366551394357
202412,PL,SVC_1,Tier 1 capital ratio,0.16958179172616564
202412,PT,SVC_1,Tier 1 capital ratio,0.1881557058139698
202412,RO,SVC_1,Tier 1 capital ratio,0.21010832999977264
202412,SE,SVC_1,Tier 1 capital ratio,0.20752512078119
202412,SI,SVC_1,Tier 1 capital ratio,0.16902881223301428
202412,SK,SVC_1,Tier 1 capital ratio,0.18179350850142523
202412,AT,SVC_13,Leverage ratio,0.07342571932115499
202412,BE,SVC_13,Leverage ratio,0.06921333233686287
202412,BG,SVC_13,Leverage ratio,0.09734475091940968
202412,CY,SVC_13,Leverage ratio,0.09437645280002917
202412,CZ,SVC_13,Leverage ratio,0.05543214911114785
202412,DE,SVC_13,Leverage ratio,0.060585086390754474
202412,DK,SVC_13,Leverage ratio,0.05011522474712536
202412,EE,SVC_13,Leverage ratio,0.08319980631532584
202412,ES,SVC_13,Leverage ratio,0.055099976545333676
202412,EU,SVC_13,Leverage ratio,0.059899507619489624
202412,FI,SVC_13,Leverage ratio,0.06276802438075715
202412,FR,SVC_13,Leverage ratio,0.055114065869506575
202412,GR,SVC_13,Leverage ratio,0.07672344904625918
202412,HR,SVC_13,Leverage ratio,0.08949316124025147
202412,HU,SVC_13,Leverage ratio,0.0970099495843344
202412,IE,SVC_13,Leverage ratio,0.08303272184278554
202412,IS,SVC_13,Leverage ratio,0.12917982869677125
202412,IT,SVC_13,Leverage ratio,0.06185452607600577
202412,LI,SVC_13,Leverage ratio,0.07328452365115912
202412,LT,SVC_13,Leverage ratio,0.061592126948872436
202412,LU,SVC_13,Leverage ratio,0.07388927437620513
202412,LV,SVC_13,Leverage ratio,0.09053080223929061
202412,MT,SVC_13,Leverage ratio,0.07046762638228789
202412,NL,SVC_13,Leverage ratio,0.059603819810120286
202412,NO,SVC_13,Leverage ratio,0.06975175874351608
202412,PL,SVC_13,Leverage ratio,0.07728133014278422
202412,PT,SVC_13,Leverage ratio,0.07297167700973399
202412,RO,SVC_13,Leverage ratio,0.08000403472082943
202412,SE,SVC_13,Leverage ratio,0.056848486540113013
202412,SI,SVC_13,Leverage ratio,0.09953665417736526
202412,SK,SVC_13,Leverage ratio,0.0724223124247898
202412,AT,SVC_2,Total capital ratio,0.20836325651480342
202412,BE,SVC_2,Total capital ratio,0.21724592243892268
202412,BG,SVC_2,Total capital ratio,0.23760962976240568
202412,CY,SVC_2,Total capital ratio,0.28432652036383177
202412,CZ,SVC_2,Total capital ratio,0.1917620541248087
202412,DE,SVC_2,Total capital ratio,0.2216746886245347
202412,DK,SVC_2,Total capital ratio,0.22811995739678945
202412,EE,SVC_2,Total capital ratio,0.2149710658163965
202412,ES,SVC_2,Total capital ratio,0.1713515942977444
202412,EU,SVC_2,Total capital ratio,0.2031919858518088
202412,FI,SVC_2,Total capital ratio,0.22384032860294242
202412,FR,SVC_2,Total capital ratio,0.197817357998767
202412,GR,SVC_2,Total capital ratio,0.20007892089728127
202412,HR,SVC_2,Total capital ratio,0.21606264808500772
202412,HU,SVC_2,Total capital ratio,0.19947832183119474
202412,IE,SVC_2,Total capital ratio,0.2189667088383996
202412,IS,SVC_2,Total capital ratio,0.23486737774499356
202412,IT,SVC_2,Total capital ratio,0.20332688162481644
202412,LI,SVC_2,Total capital ratio,0.18897482001311072
202412,LT,SVC_2,Total capital ratio,0.21934887554222648
202412,LU,SVC_2,Total capital ratio,0.22437565598898296
202412,LV,SVC_2,Total capital ratio,0.23483004409472374
202412,MT,SVC_2,Total capital ratio,0.2581699190762523
202412,NL,SVC_2,Total capital ratio,0.20935402666439767
202412,NO,SVC_2,Total capital ratio,0.23590983415116815
202412,PL,SVC_2,Total capital ratio,0.1809314871580309
202412,PT,SVC_2,Total capital ratio,0.2054933172880561
202412,RO,SVC_2,Total capital ratio,0.23858744996003467
202412,SE,SVC_2,Total capital ratio,0.23118814853413192
202412,SI,SVC_2,Total capital ratio,0.18939558591019903
202412,SK,SVC_2,Total capital ratio,0.19565810397081235
202412,AT,SVC_3,CET 1 capital ratio,0.1655999303074559
202412,BE,SVC_3,CET 1 capital ratio,0.17745201256698834
202412,BG,SVC_3,CET 1 capital ratio,0.21868764043274258
202412,CY,SVC_3,CET 1 capital ratio,0.2467707034802931
202412,CZ,SVC_3,CET 1 capital ratio,0.1763122751942459
202412,DE,SVC_3,CET 1 capital ratio,0.1718380288283253
202412,DK,SVC_3,CET 1 capital ratio,0.18644511409930128
202412,EE,SVC_3,CET 1 capital ratio,0.19631944786040817
202412,ES,SVC_3,CET 1 capital ratio,0.12883931635116988
202412,EU,SVC_3,CET 1 capital ratio,0.16233097516279116
202412,FI,SVC_3,CET 1 capital ratio,0.18184163243956897
202412,FR,SVC_3,CET 1 capital ratio,0.16099329035965873
202412,GR,SVC_3,CET 1 capital ratio,0.16093026653027082
202412,HR,SVC_3,CET 1 capital ratio,0.20469339225660363
202412,HU,SVC_3,CET 1 capital ratio,0.18625201323694698
202412,IE,SVC_3,CET 1 capital ratio,0.18589140877115293
202412,IS,SVC_3,CET 1 capital ratio,0.20133548472992424
202412,IT,SVC_3,CET 1 capital ratio,0.16154297164550474
202412,LI,SVC_3,CET 1 capital ratio,0.18897482001311072
202412,LT,SVC_3,CET 1 capital ratio,0.20257886345122075
202412,LU,SVC_3,CET 1 capital ratio,0.21750242681981016
202412,LV,SVC_3,CET 1 capital ratio,0.218036426460002
202412,MT,SVC_3,CET 1 capital ratio,0.21670782708709557
202412,NL,SVC_3,CET 1 capital ratio,0.1582979983055531
202412,NO,SVC_3,CET 1 capital ratio,0.19086381778358266
202412,PL,SVC_3,CET 1 capital ratio,0.16958179172616564
202412,PT,SVC_3,CET 1 capital ratio,0.17791918509976182
202412,RO,SVC_3,CET 1 capital ratio,0.20655746121740354
202412,SE,SVC_3,CET 1 capital ratio,0.18710387104947976
202412,SI,SVC_3,CET 1 capital ratio,0.16632235722674582
202412,SK,SVC_3,CET 1 capital ratio,0.162763296715665
202503,AT,AQT_3.1,Non-performing debt instruments (loans and advances & debt securities) other than held for trading to total gross debt instruments (NPE ratio),0.019205298677693397
202503,BE,AQT_3.1,Non-performing debt instruments (loans and advances & debt securities) other than held for trading to total gross debt instruments (NPE ratio),0.011795557812289614
202503,BG,AQT_3.1,Non-performing debt instruments (loans and advances & debt securities) other than held for trading to total gross debt instruments (NPE ratio),0.015274755460786545
202503,CY,AQT_3.1,Non-performing debt instruments (loans and advances & debt securities) other than held for trading to total gross debt instruments (NPE ratio),0.014103093466756585
202503,CZ,AQT_3.1,Non-performing debt instruments (loans and advances & debt securities) other than held for trading to total gross debt instruments (NPE ratio),0.008734987602342127
202503,DE,AQT_3.1,Non-performing debt instruments (loans and advances & debt securities) other than held for trading to total gross debt instruments (NPE ratio),0.013125774236479077
202503,DK,AQT_3.1,Non-performing debt instruments (loans and advances & debt securities) other than held for trading to total gross debt instruments (NPE ratio),0.011006834556362644
202503,EE,AQT_3.1,Non-performing debt instruments (loans and advances & debt securities) other than held for trading to total gross debt instruments (NPE ratio),0.008572793055738435
202503,ES,AQT_3.1,Non-performing debt instruments (loans and advances & debt securities) other than held for trading to total gross debt instruments (NPE ratio),0.022858891435408684
202503,EU,AQT_3.1,Non-performing debt instruments (loans and advances & debt securities) other than held for trading to total gross debt instruments (NPE ratio),0.016076082072816994
202503,FI,AQT_3.1,Non-performing debt instruments (loans and advances & debt securities) other than held for trading to total gross debt instruments (NPE ratio),0.010389310776708306
202503,FR,AQT_3.1,Non-performing debt instruments (loans and advances & debt securities) other than held for trading to total gross debt instruments (NPE ratio),0.018439887502693597
202503,GR,AQT_3.1,Non-performing debt instruments (loans and advances & debt securities) other than held for trading to total gross debt instruments (NPE ratio),0.0214200221750551
202503,HR,AQT_3.1,Non-performing debt instruments (loans and advances & debt securities) other than held for trading to total gross debt instruments (NPE ratio),0.01566039542162315
202503,HU,AQT_3.1,Non-performing debt instruments (loans and advances & debt securities) other than held for trading to total gross debt instruments (NPE ratio),0.019908970071772912
202503,IE,AQT_3.1,Non-performing debt instruments (loans and advances & debt securities) other than held for trading to total gross debt instruments (NPE ratio),0.011017851683710578
202503,IS,AQT_3.1,Non-performing debt instruments (loans and advances & debt securities) other than held for trading to total gross debt instruments (NPE ratio),0.017169528387278
202503,IT,AQT_3.1,Non-performing debt instruments (loans and advances & debt securities) other than held for trading to total gross debt instruments (NPE ratio),0.01781039920458922
202503,LI,AQT_3.1,Non-performing debt instruments (loans and advances & debt securities) other than held for trading to total gross debt instruments (NPE ratio),0.004549822448623192
202503,LT,AQT_3.1,Non-performing debt instruments (loans and advances & debt securities) other than held for trading to total gross debt instruments (NPE ratio),0.00338640690306191
202503,LU,AQT_3.1,Non-performing debt instruments (loans and advances & debt securities) other than held for trading to total gross debt instruments (NPE ratio),0.014673724151052765
202503,LV,AQT_3.1,Non-performing debt instruments (loans and advances & debt securities) other than held for trading to total gross debt instruments (NPE ratio),0.003941510835912453
202503,MT,AQT_3.1,Non-performing debt instruments (loans and advances & debt securities) other than held for trading to total gross debt instruments (NPE ratio),0.011349018196285879
202503,NL,AQT_3.1,Non-performing debt instruments (loans and advances & debt securities) other than held for trading to total gross debt instruments (NPE ratio),0.012859390716193369
202503,NO,AQT_3.1,Non-performing debt instruments (loans and advances & debt securities) other than held for trading to total gross debt instruments (NPE ratio),0.007333391958346672
202503,PL,AQT_3.1,Non-performing debt instruments (loans and advances & debt securities) other than held for trading to total gross debt instruments (NPE ratio),0.024092374438173476
202503,PT,AQT_3.1,Non-performing debt instruments (loans and advances & debt securities) other than held for trading to total gross debt instruments (NPE ratio),0.016758280767192872
202503,RO,AQT_3.1,Non-performing debt instruments (loans and advances & debt securities) other than held for trading to total gross debt instruments (NPE ratio),0.020679161362910606
202503,SE,AQT_3.1,Non-performing debt instruments (loans and advances & debt securities) other than held for trading to total gross debt instruments (NPE ratio),0.003380499235260791
202503,SI,AQT_3.1,Non-performing debt instruments (loans and advances & debt securities) other than held for trading to total gross debt instruments (NPE ratio),0.013326921240419528
202503,SK,AQT_3.1,Non-performing debt instruments (loans and advances & debt securities) other than held for trading to total gross debt instruments (NPE ratio),0.015580309578954493
202503,AT,AQT_3.2,"Share of non‐performing loans and advances
(NPL ratio)",0.02339943902707325
202503,BE,AQT_3.2,"Share of non‐performing loans and advances
(NPL ratio)",0.012801717583202392
202503,BG,AQT_3.2,"Share of non‐performing loans and advances
(NPL ratio)",0.018147444597218135
202503,CY,AQT_3.2,"Share of non‐performing loans and advances
(NPL ratio)",0.01854484598518438
202503,CZ,AQT_3.2,"Share of non‐performing loans and advances
(NPL ratio)",0.010451688381740046
202503,DE,AQT_3.2,"Share of non‐performing loans and advances
(NPL ratio)",0.01448266889661154
202503,DK,AQT_3.2,"Share of non‐performing loans and advances
(NPL ratio)",0.012055198651933557
202503,EE,AQT_3.2,"Share of non‐performing loans and advances
(NPL ratio)",0.009145085930917651
202503,ES,AQT_3.2,"Share of non‐performing loans and advances
(NPL ratio)",0.026713903107086417
202503,EU,AQT_3.2,"Share of non‐performing loans and advances
(NPL ratio)",0.018391305139148165
202503,FI,AQT_3.2,"Share of non‐performing loans and advances
(NPL ratio)",0.011853062533215612
202503,FR,AQT_3.2,"Share of non‐performing loans and advances
(NPL ratio)",0.02052601869445484
202503,GR,AQT_3.2,"Share of non‐performing loans and advances
(NPL ratio)",0.028994062921563087
202503,HR,AQT_3.2,"Share of non‐performing loans and advances
(NPL ratio)",0.01873094010823755
202503,HU,AQT_3.2,"Share of non‐performing loans and advances
(NPL ratio)",0.02489063587857205
202503,IE,AQT_3.2,"Share of non‐performing loans and advances
(NPL ratio)",0.012702381338453262
202503,IS,AQT_3.2,"Share of non‐performing loans and advances
(NPL ratio)",0.018803525214926172
202503,IT,AQT_3.2,"Share of non‐performing loans and advances
(NPL ratio)",0.023157369823778223
202503,LI,AQT_3.2,"Share of non‐performing loans and advances
(NPL ratio)",0.005450181717001022
202503,LT,AQT_3.2,"Share of non‐performing loans and advances
(NPL ratio)",0.003919384232610609
202503,LU,AQT_3.2,"Share of non‐performing loans and advances
(NPL ratio)",0.017613431909864405
202503,LV,AQT_3.2,"Share of non‐performing loans and advances
(NPL ratio)",0.004175884755848519
202503,MT,AQT_3.2,"Share of non‐performing loans and advances
(NPL ratio)",0.019079248273779503
202503,NL,AQT_3.2,"Share of non‐performing loans and advances
(NPL ratio)",0.014149015153603884
202503,NO,AQT_3.2,"Share of non‐performing loans and advances
(NPL ratio)",0.008222643017924181
202503,PL,AQT_3.2,"Share of non‐performing loans and advances
(NPL ratio)",0.03861571146230202
202503,PT,AQT_3.2,"Share of non‐performing loans and advances
(NPL ratio)",0.02160725505310692
202503,RO,AQT_3.2,"Share of non‐performing loans and advances
(NPL ratio)",0.030461831105052076
202503,SE,AQT_3.2,"Share of non‐performing loans and advances
(NPL ratio)",0.003675657025082687
202503,SI,AQT_3.2,"Share of non‐performing loans and advances
(NPL ratio)",0.017889915699865918
202503,SK,AQT_3.2,"Share of non‐performing loans and advances
(NPL ratio)",0.01891180753062025
202503,AT,AQT_41.2,Coverage ratio of non-performing loans and advances,0.4017953953397513
202503,BE,AQT_41.2,Coverage ratio of non-performing loans and advances,0.4571329464106257
202503,BG,AQT_41.2,Coverage ratio of non-performing loans and advances,0.6229217982608215
202503,CY,AQT_41.2,Coverage ratio of non-performing loans and advances,0.3918005895236796
202503,CZ,AQT_41.2,Coverage ratio of non-performing loans and advances,0.5028270774955833
202503,DE,AQT_41.2,Coverage ratio of non-performing loans and advances,0.3531502643508554
202503,DK,AQT_41.2,Coverage ratio of non-performing loans and advances,0.24995434194410854
202503,EE,AQT_41.2,Coverage ratio of non-performing loans and advances,0.27285870056621353
202503,ES,AQT_41.2,Coverage ratio of non-performing loans and advances,0.4433620567858025
202503,EU,AQT_41.2,Coverage ratio of non-performing loans and advances,0.41479720079508664
202503,FI,AQT_41.2,Coverage ratio of non-performing loans and advances,0.2304071013286801
202503,FR,AQT_41.2,Coverage ratio of non-performing loans and advances,0.4469655956987802
202503,GR,AQT_41.2,Coverage ratio of non-performing loans and advances,0.38238856692988993
202503,HR,AQT_41.2,Coverage ratio of non-performing loans and advances,0.6499186311299331
202503,HU,AQT_41.2,Coverage ratio of non-performing loans and advances,0.6118482530474517
202503,IE,AQT_41.2,Coverage ratio of non-performing loans and advances,0.3065590539946813
202503,IS,AQT_41.2,Coverage ratio of non-performing loans and advances,0.21172578491253657
202503,IT,AQT_41.2,Coverage ratio of non-performing loans and advances,0.5283850291154244
202503,LI,AQT_41.2,Coverage ratio of non-performing loans and advances,0.24878948885821875
202503,LT,AQT_41.2,Coverage ratio of non-performing loans and advances,0.3808647373820937
202503,LU,AQT_41.2,Coverage ratio of non-performing loans and advances,0.42228054155492845
202503,LV,AQT_41.2,Coverage ratio of non-performing loans and advances,0.3812702720958039
202503,MT,AQT_41.2,Coverage ratio of non-performing loans and advances,0.2802501836852913
202503,NL,AQT_41.2,Coverage ratio of non-performing loans and advances,0.2370508215357174
202503,NO,AQT_41.2,Coverage ratio of non-performing loans and advances,0.21729157785350944
202503,PL,AQT_41.2,Coverage ratio of non-performing loans and advances,0.49115626559251085
202503,PT,AQT_41.2,Coverage ratio of non-performing loans and advances,0.5808701785846997
202503,RO,AQT_41.2,Coverage ratio of non-performing loans and advances,0.657139536080105
202503,SE,AQT_41.2,Coverage ratio of non-performing loans and advances,0.2673059498781901
202503,SI,AQT_41.2,Coverage ratio of non-performing loans and advances,0.5851685225297314
202503,SK,AQT_41.2,Coverage ratio of non-performing loans and advances,0.5316536718764929
202503,AT,AQT_42.2,Forbearance ratio - Loans and advances (gross amount) (FBL),0.02124969186747428
202503,BE,AQT_42.2,Forbearance ratio - Loans and advances (gross amount) (FBL),0.007720958945499706
202503,BG,AQT_42.2,Forbearance ratio - Loans and advances (gross amount) (FBL),0.015300942286659656
202503,CY,AQT_42.2,Forbearance ratio - Loans and advances (gross amount) (FBL),0.019960289246283472
202503,CZ,AQT_42.2,Forbearance ratio - Loans and advances (gross amount) (FBL),0.0054029263608256555
202503,DE,AQT_42.2,Forbearance ratio - Loans and advances (gross amount) (FBL),0.016736325707205277
202503,DK,AQT_42.2,Forbearance ratio - Loans and advances (gross amount) (FBL),0.004392752697846288
202503,EE,AQT_42.2,Forbearance ratio - Loans and advances (gross amount) (FBL),0.011692730026688261
202503,ES,AQT_42.2,Forbearance ratio - Loans and advances (gross amount) (FBL),0.019330505986013925
202503,EU,AQT_42.2,Forbearance ratio - Loans and advances (gross amount) (FBL),0.014010448299903267
202503,FI,AQT_42.2,Forbearance ratio - Loans and advances (gross amount) (FBL),0.015696236616765395
202503,FR,AQT_42.2,Forbearance ratio - Loans and advances (gross amount) (FBL),0.011025324705303565
202503,GR,AQT_42.2,Forbearance ratio - Loans and advances (gross amount) (FBL),0.027540150283195668
202503,HR,AQT_42.2,Forbearance ratio - Loans and advances (gross amount) (FBL),0.016386460667717265
202503,HU,AQT_42.2,Forbearance ratio - Loans and advances (gross amount) (FBL),0.015878955288573016
202503,IE,AQT_42.2,Forbearance ratio - Loans and advances (gross amount) (FBL),0.014901050647952186
202503,IS,AQT_42.2,Forbearance ratio - Loans and advances (gross amount) (FBL),0.02080746758488645
202503,IT,AQT_42.2,Forbearance ratio - Loans and advances (gross amount) (FBL),0.017415435871278584
202503,LI,AQT_42.2,Forbearance ratio - Loans and advances (gross amount) (FBL),0.0023435479287042746
202503,LT,AQT_42.2,Forbearance ratio - Loans and advances (gross amount) (FBL),0.0037143528632364656
202503,LU,AQT_42.2,Forbearance ratio - Loans and advances (gross amount) (FBL),0.009112807299275605
202503,LV,AQT_42.2,Forbearance ratio - Loans and advances (gross amount) (FBL),0.008873851270416643
202503,MT,AQT_42.2,Forbearance ratio - Loans and advances (gross amount) (FBL),0.021864779833190802
202503,NL,AQT_42.2,Forbearance ratio - Loans and advances (gross amount) (FBL),0.01422971188723132
202503,NO,AQT_42.2,Forbearance ratio - Loans and advances (gross amount) (FBL),0.008544767789738282
202503,PL,AQT_42.2,Forbearance ratio - Loans and advances (gross amount) (FBL),0.01676662490370558
202503,PT,AQT_42.2,Forbearance ratio - Loans and advances (gross amount) (FBL),0.020004804610414133
202503,RO,AQT_42.2,Forbearance ratio - Loans and advances (gross amount) (FBL),0.013975869619210372
202503,SE,AQT_42.2,Forbearance ratio - Loans and advances (gross amount) (FBL),0.0049927385857341635
202503,SI,AQT_42.2,Forbearance ratio - Loans and advances (gross amount) (FBL),0.014073357196882581
202503,SK,AQT_42.2,Forbearance ratio - Loans and advances (gross amount) (FBL),0.01471445616467834
202503,AT,FND_32,Loans and advances-to-deposits ratio for households and non-financial corporations,0.9811641520323291
202503,BE,FND_32,Loans and advances-to-deposits ratio for households and non-financial corporations,1.025676018108727
202503,BG,FND_32,Loans and advances-to-deposits ratio for households and non-financial corporations,0.7976798936421083
202503,CY,FND_32,Loans and advances-to-deposits ratio for households and non-financial corporations,0.476168101615251
202503,CZ,FND_32,Loans and advances-to-deposits ratio for households and non-financial corporations,0.8634882934506163
202503,DE,FND_32,Loans and advances-to-deposits ratio for households and non-financial corporations,1.145794856444509
202503,DK,FND_32,Loans and advances-to-deposits ratio for households and non-financial corporations,3.0043548688486554
202503,EE,FND_32,Loans and advances-to-deposits ratio for households and non-financial corporations,1.0242640988358742
202503,ES,FND_32,Loans and advances-to-deposits ratio for households and non-financial corporations,0.977108959481099
202503,EU,FND_32,Loans and advances-to-deposits ratio for households and non-financial corporations,1.0619887529480458
202503,FI,FND_32,Loans and advances-to-deposits ratio for households and non-financial corporations,1.59812139840083
202503,FR,FND_32,Loans and advances-to-deposits ratio for households and non-financial corporations,1.0526154551529536
202503,GR,FND_32,Loans and advances-to-deposits ratio for households and non-financial corporations,0.6277836908604887
202503,HR,FND_32,Loans and advances-to-deposits ratio for households and non-financial corporations,0.7164123350532892
202503,HU,FND_32,Loans and advances-to-deposits ratio for households and non-financial corporations,0.7902468728200084
202503,IE,FND_32,Loans and advances-to-deposits ratio for households and non-financial corporations,0.7066272545954415
202503,IS,FND_32,Loans and advances-to-deposits ratio for households and non-financial corporations,1.6558103625882041
202503,IT,FND_32,Loans and advances-to-deposits ratio for households and non-financial corporations,0.8946226087227829
202503,LI,FND_32,Loans and advances-to-deposits ratio for households and non-financial corporations,0.7229641676445356
202503,LT,FND_32,Loans and advances-to-deposits ratio for households and non-financial corporations,0.37577775673990044
202503,LU,FND_32,Loans and advances-to-deposits ratio for households and non-financial corporations,1.2155111495349005
202503,LV,FND_32,Loans and advances-to-deposits ratio for households and non-financial corporations,0.7243197035102884
202503,MT,FND_32,Loans and advances-to-deposits ratio for households and non-financial corporations,0.6024293997864956
202503,NL,FND_32,Loans and advances-to-deposits ratio for households and non-financial corporations,1.0907042998824026
202503,NO,FND_32,Loans and advances-to-deposits ratio for households and non-financial corporations,1.655825735224279
202503,PL,FND_32,Loans and advances-to-deposits ratio for households and non-financial corporations,0.7178093782084153
202503,PT,FND_32,Loans and advances-to-deposits ratio for households and non-financial corporations,0.6966231909550091
202503,RO,FND_32,Loans and advances-to-deposits ratio for households and non-financial corporations,0.6325684881148046
202503,SE,FND_32,Loans and advances-to-deposits ratio for households and non-financial corporations,1.7162666523946586
202503,SI,FND_32,Loans and advances-to-deposits ratio for households and non-financial corporations,0.7305192399560934
202503,SK,FND_32,Loans and advances-to-deposits ratio for households and non-financial corporations,1.1009723995936633
202503,AT,FND_33,Asset encumbrance ratio,0.17665467466591656
202503,BE,FND_33,Asset encumbrance ratio,0.10731849696360728
202503,BG,FND_33,Asset encumbrance ratio,0.02147160485489595
202503,CY,FND_33,Asset encumbrance ratio,0.07108889809121875
202503,CZ,FND_33,Asset encumbrance ratio,0.13305449961974877
202503,DE,FND_33,Asset encumbrance ratio,0.30900914602738383
202503,DK,FND_33,Asset encumbrance ratio,0.5191458720376894
202503,EE,FND_33,Asset encumbrance ratio,0.026424578461419764
202503,ES,FND_33,Asset encumbrance ratio,0.1934130641328878
202503,EU,FND_33,Asset encumbrance ratio,0.24597832542193548
202503,FI,FND_33,Asset encumbrance ratio,0.299946415624315
202503,FR,FND_33,Asset encumbrance ratio,0.287203867922465
202503,GR,FND_33,Asset encumbrance ratio,0.0827940341254083
202503,HR,FND_33,Asset encumbrance ratio,0.01383586256053933
202503,HU,FND_33,Asset encumbrance ratio,0.08003181166080552
202503,IE,FND_33,Asset encumbrance ratio,0.21159654262047303
202503,IS,FND_33,Asset encumbrance ratio,0.20671319445327804
202503,IT,FND_33,Asset encumbrance ratio,0.21325911155777383
202503,LI,FND_33,Asset encumbrance ratio,0.05196797114406444
202503,LT,FND_33,Asset encumbrance ratio,0.010728800167885109
202503,LU,FND_33,Asset encumbrance ratio,0.07726846641475797
202503,LV,FND_33,Asset encumbrance ratio,0.00674983519054749
202503,MT,FND_33,Asset encumbrance ratio,0.06253905477987685
202503,NL,FND_33,Asset encumbrance ratio,0.1448307008070415
202503,NO,FND_33,Asset encumbrance ratio,0.18091864324957665
202503,PL,FND_33,Asset encumbrance ratio,0.027715711317130593
202503,PT,FND_33,Asset encumbrance ratio,0.06842554384300228
202503,RO,FND_33,Asset encumbrance ratio,0.01596236763163346
202503,SE,FND_33,Asset encumbrance ratio,0.2128792582729478
202503,SI,FND_33,Asset encumbrance ratio,0.03194961383258197
202503,SK,FND_33,Asset encumbrance ratio,0.1646046499121202
202503,AT,LIQ_17,Liquidity coverage ratio,1.6720594665031296
202503,BE,LIQ_17,Liquidity coverage ratio,1.8383876686486997
202503,BG,LIQ_17,Liquidity coverage ratio,2.220860245875668
202503,CY,LIQ_17,Liquidity coverage ratio,3.499741584226587
202503,CZ,LIQ_17,Liquidity coverage ratio,1.4805327289981525
202503,DE,LIQ_17,Liquidity coverage ratio,1.488134300421896
202503,DK,LIQ_17,Liquidity coverage ratio,1.9070431967077923
202503,EE,LIQ_17,Liquidity coverage ratio,1.8143836598682492
202503,ES,LIQ_17,Liquidity coverage ratio,1.6097561393100221
202503,EU,LIQ_17,Liquidity coverage ratio,1.5946272185184003
202503,FI,LIQ_17,Liquidity coverage ratio,1.7703077706844983
202503,FR,LIQ_17,Liquidity coverage ratio,1.4425520880146807
202503,GR,LIQ_17,Liquidity coverage ratio,2.055366506239437
202503,HR,LIQ_17,Liquidity coverage ratio,2.1326423831589576
202503,HU,LIQ_17,Liquidity coverage ratio,2.0664144770179913
202503,IE,LIQ_17,Liquidity coverage ratio,1.7393674052555168
202503,IS,LIQ_17,Liquidity coverage ratio,1.9944503808234832
202503,IT,LIQ_17,Liquidity coverage ratio,1.6484892259705013
202503,LI,LIQ_17,Liquidity coverage ratio,1.8806191570700854
202503,LT,LIQ_17,Liquidity coverage ratio,3.6776296270487285
202503,LU,LIQ_17,Liquidity coverage ratio,1.6132382100088714
202503,LV,LIQ_17,Liquidity coverage ratio,1.6563092881948807
202503,MT,LIQ_17,Liquidity coverage ratio,3.6248677395077213
202503,NL,LIQ_17,Liquidity coverage ratio,1.5204117451443389
202503,NO,LIQ_17,Liquidity coverage ratio,1.2688024194348537
202503,PL,LIQ_17,Liquidity coverage ratio,2.3358444845368522
202503,PT,LIQ_17,Liquidity coverage ratio,2.6364889433642116
202503,RO,LIQ_17,Liquidity coverage ratio,2.7587014596785857
202503,SE,LIQ_17,Liquidity coverage ratio,1.6384501150762123
202503,SI,LIQ_17,Liquidity coverage ratio,2.5825373455609517
202503,SK,LIQ_17,Liquidity coverage ratio,1.6848102955404818
202503,AT,LIQ_20,Net Stable Funding Ratio,1.381364831370657
202503,BE,LIQ_20,Net Stable Funding Ratio,1.3137666248131912
202503,BG,LIQ_20,Net Stable Funding Ratio,1.660650706246469
202503,CY,LIQ_20,Net Stable Funding Ratio,1.81129716909757
202503,CZ,LIQ_20,Net Stable Funding Ratio,1.5609292541219635
202503,DE,LIQ_20,Net Stable Funding Ratio,1.21912622804307
202503,DK,LIQ_20,Net Stable Funding Ratio,1.3070532690795074
202503,EE,LIQ_20,Net Stable Funding Ratio,1.4223437334417477
202503,ES,LIQ_20,Net Stable Funding Ratio,1.332829378366343
202503,EU,LIQ_20,Net Stable Funding Ratio,1.268402157022527
202503,FI,LIQ_20,Net Stable Funding Ratio,1.2638415629818938
202503,FR,LIQ_20,Net Stable Funding Ratio,1.1505258984518036
202503,GR,LIQ_20,Net Stable Funding Ratio,1.3641216554667719
202503,HR,LIQ_20,Net Stable Funding Ratio,1.6326402478522304
202503,HU,LIQ_20,Net Stable Funding Ratio,1.5208201048496282
202503,IE,LIQ_20,Net Stable Funding Ratio,1.5431318005506214
202503,IS,LIQ_20,Net Stable Funding Ratio,1.2398152973805796
202503,IT,LIQ_20,Net Stable Funding Ratio,1.3078128395563102
202503,LI,LIQ_20,Net Stable Funding Ratio,1.5914900697654206
202503,LT,LIQ_20,Net Stable Funding Ratio,2.034341797942915
202503,LU,LIQ_20,Net Stable Funding Ratio,1.272977129979334
202503,LV,LIQ_20,Net Stable Funding Ratio,1.2781460333208343
202503,MT,LIQ_20,Net Stable Funding Ratio,1.7904649266488843
202503,NL,LIQ_20,Net Stable Funding Ratio,1.3536515427550584
202503,NO,LIQ_20,Net Stable Funding Ratio,1.1828139128928712
202503,PL,LIQ_20,Net Stable Funding Ratio,1.6030620791218613
202503,PT,LIQ_20,Net Stable Funding Ratio,1.579210937730847
202503,RO,LIQ_20,Net Stable Funding Ratio,2.0958936875822345
202503,SE,LIQ_20,Net Stable Funding Ratio,1.2238987031477657
202503,SI,LIQ_20,Net Stable Funding Ratio,1.6654607689670389
202503,SK,LIQ_20,Net Stable Funding Ratio,1.2937828521409578
202503,AT,PFT_21,"Return on equity (numerator annualised, denominator as average)",0.10608234910705806
202503,BE,PFT_21,"Return on equity (numerator annualised, denominator as average)",0.05596106068112783
202503,BG,PFT_21,"Return on equity (numerator annualised, denominator as average)",0.15842699791031467
202503,CY,PFT_21,"Return on equity (numerator annualised, denominator as average)",0.13276253788402817
202503,CZ,PFT_21,"Return on equity (numerator annualised, denominator as average)",0.14155136189009437
202503,DE,PFT_21,"Return on equity (numerator annualised, denominator as average)",0.08125076003011972
202503,DK,PFT_21,"Return on equity (numerator annualised, denominator as average)",0.12137560074057847
202503,EE,PFT_21,"Return on equity (numerator annualised, denominator as average)",0.1370676972004879
202503,ES,PFT_21,"Return on equity (numerator annualised, denominator as average)",0.15032082798991703
202503,EU,PFT_21,"Return on equity (numerator annualised, denominator as average)",0.10477553222775005
202503,FI,PFT_21,"Return on equity (numerator annualised, denominator as average)",0.1455412518389637
202503,FR,PFT_21,"Return on equity (numerator annualised, denominator as average)",0.06399938326992897
202503,GR,PFT_21,"Return on equity (numerator annualised, denominator as average)",0.13036603044604506
202503,HR,PFT_21,"Return on equity (numerator annualised, denominator as average)",0.16805415673725022
202503,HU,PFT_21,"Return on equity (numerator annualised, denominator as average)",0.12012639338903457
202503,IE,PFT_21,"Return on equity (numerator annualised, denominator as average)",0.09999335897199353
202503,IS,PFT_21,"Return on equity (numerator annualised, denominator as average)",0.11324391027092177
202503,IT,PFT_21,"Return on equity (numerator annualised, denominator as average)",0.15979880200366503
202503,LI,PFT_21,"Return on equity (numerator annualised, denominator as average)",0.077975221187621
202503,LT,PFT_21,"Return on equity (numerator annualised, denominator as average)",0.18038872848250512
202503,LU,PFT_21,"Return on equity (numerator annualised, denominator as average)",0.11224452184570706
202503,LV,PFT_21,"Return on equity (numerator annualised, denominator as average)",0.1503206198461548
202503,MT,PFT_21,"Return on equity (numerator annualised, denominator as average)",0.10001637053278065
202503,NL,PFT_21,"Return on equity (numerator annualised, denominator as average)",0.10217014567478076
202503,NO,PFT_21,"Return on equity (numerator annualised, denominator as average)",0.14363005944627283
202503,PL,PFT_21,"Return on equity (numerator annualised, denominator as average)",0.19603233463340325
202503,PT,PFT_21,"Return on equity (numerator annualised, denominator as average)",0.156377141252513
202503,RO,PFT_21,"Return on equity (numerator annualised, denominator as average)",0.18193792372104167
202503,SE,PFT_21,"Return on equity (numerator annualised, denominator as average)",0.13581572671854164
202503,SI,PFT_21,"Return on equity (numerator annualised, denominator as average)",0.13205131758727212
202503,SK,PFT_21,"Return on equity (numerator annualised, denominator as average)",0.1321715569430037
202503,AT,PFT_23,Cost to income ratio,0.5025363245820434
202503,BE,PFT_23,Cost to income ratio,0.5665963872518396
202503,BG,PFT_23,Cost to income ratio,0.31884783363337665
202503,CY,PFT_23,Cost to income ratio,0.46686700007301424
202503,CZ,PFT_23,Cost to income ratio,0.45154173243697304
202503,DE,PFT_23,Cost to income ratio,0.5629272662539317
202503,DK,PFT_23,Cost to income ratio,0.4217600001267135
202503,EE,PFT_23,Cost to income ratio,0.4547489256807372
202503,ES,PFT_23,Cost to income ratio,0.42091315142558794
202503,EU,PFT_23,Cost to income ratio,0.5270788698196986
202503,FI,PFT_23,Cost to income ratio,0.42641373381825054
202503,FR,PFT_23,Cost to income ratio,0.6792762025208628
202503,GR,PFT_23,Cost to income ratio,0.3580689983880899
202503,HR,PFT_23,Cost to income ratio,0.39360194658240993
202503,HU,PFT_23,Cost to income ratio,0.6602093461492902
202503,IE,PFT_23,Cost to income ratio,0.5359192013682166
202503,IS,PFT_23,Cost to income ratio,0.4084273033377806
202503,IT,PFT_23,Cost to income ratio,0.46030544080850955
202503,LI,PFT_23,Cost to income ratio,0.7642498604068872
202503,LT,PFT_23,Cost to income ratio,0.4320811296621989
202503,LU,PFT_23,Cost to income ratio,0.41794049596318034
202503,LV,PFT_23,Cost to income ratio,0.45490375563013624
202503,MT,PFT_23,Cost to income ratio,0.5320958054591326
202503,NL,PFT_23,Cost to income ratio,0.5403092886395626
202503,NO,PFT_23,Cost to income ratio,0.37329386019919913
202503,PL,PFT_23,Cost to income ratio,0.34537852363221466
202503,PT,PFT_23,Cost to income ratio,0.34907351265616915
202503,RO,PFT_23,Cost to income ratio,0.4637002250583109
202503,SE,PFT_23,Cost to income ratio,0.42291441229265925
202503,SI,PFT_23,Cost to income ratio,0.4860520185427168
202503,SK,PFT_23,Cost to income ratio,0.4030948513710468
202503,AT,PFT_24,Return on assets,0.009979966146938095
202503,BE,PFT_24,Return on assets,0.004020170686601984
202503,BG,PFT_24,Return on assets,0.019363318996006768
202503,CY,PFT_24,Return on assets,0.013849809312510824
202503,CZ,PFT_24,Return on assets,0.010037288097264016
202503,DE,PFT_24,Return on assets,0.0053829161658255666
202503,DK,PFT_24,Return on assets,0.0069464032084120475
202503,EE,PFT_24,Return on assets,0.014191576540729006
202503,ES,PFT_24,Return on assets,0.009936696522022165
202503,EU,PFT_24,Return on assets,0.007339136766155174
202503,FI,PFT_24,Return on assets,0.00977507480004521
202503,FR,PFT_24,Return on assets,0.004162881527626435
202503,GR,PFT_24,Return on assets,0.013688060138505407
202503,HR,PFT_24,Return on assets,0.019582057758728226
202503,HU,PFT_24,Return on assets,0.013953708434522172
202503,IE,PFT_24,Return on assets,0.010386835831908943
202503,IS,PFT_24,Return on assets,0.01528442497328336
202503,IT,PFT_24,Return on assets,0.01387570606048277
202503,LI,PFT_24,Return on assets,0.007348483634700633
202503,LT,PFT_24,Return on assets,0.01257778188676567
202503,LU,PFT_24,Return on assets,0.013311095053636287
202503,LV,PFT_24,Return on assets,0.01667199020838082
202503,MT,PFT_24,Return on assets,0.008206919030030575
202503,NL,PFT_24,Return on assets,0.006419923031832634
202503,NO,PFT_24,Return on assets,0.012332909623306073
202503,PL,PFT_24,Return on assets,0.020541354272246626
202503,PT,PFT_24,Return on assets,0.01437842438998215
202503,RO,PFT_24,Return on assets,0.017050589057336665
202503,SE,PFT_24,Return on assets,0.008447938002428943
202503,SI,PFT_24,Return on assets,0.016558577610266065
202503,SK,PFT_24,Return on assets,0.011608700970069132
202503,AT,PFT_25,Net interest income to total net operating income,0.6794714650602612
202503,BE,PFT_25,Net interest income to total net operating income,0.5837418205420641
202503,BG,PFT_25,Net interest income to total net operating income,0.6993000783072713
202503,CY,PFT_25,Net interest income to total net operating income,0.7962460794476691
202503,CZ,PFT_25,Net interest income to total net operating income,0.7163118779300879
202503,DE,PFT_25,Net interest income to total net operating income,0.47260555959864065
202503,DK,PFT_25,Net interest income to total net operating income,0.6125629218996232
202503,EE,PFT_25,Net interest income to total net operating income,0.8177028067848664
202503,ES,PFT_25,Net interest income to total net operating income,0.7207353330691586
202503,EU,PFT_25,Net interest income to total net operating income,0.5759333578669401
202503,FI,PFT_25,Net interest income to total net operating income,0.6515378986792592
202503,FR,PFT_25,Net interest income to total net operating income,0.396616607910074
202503,GR,PFT_25,Net interest income to total net operating income,0.7622358803345014
202503,HR,PFT_25,Net interest income to total net operating income,0.6913667295832161
202503,HU,PFT_25,Net interest income to total net operating income,0.6567665925782087
202503,IE,PFT_25,Net interest income to total net operating income,0.6812205479490983
202503,IS,PFT_25,Net interest income to total net operating income,0.7400253881413946
202503,IT,PFT_25,Net interest income to total net operating income,0.5469285713456973
202503,LI,PFT_25,Net interest income to total net operating income,0.14472641224384375
202503,LT,PFT_25,Net interest income to total net operating income,0.9129379952902814
202503,LU,PFT_25,Net interest income to total net operating income,0.7307005725185266
202503,LV,PFT_25,Net interest income to total net operating income,0.7953718780637598
202503,MT,PFT_25,Net interest income to total net operating income,0.8048378257966172
202503,NL,PFT_25,Net interest income to total net operating income,0.6810995141137611
202503,NO,PFT_25,Net interest income to total net operating income,0.7645806419211488
202503,PL,PFT_25,Net interest income to total net operating income,0.7963338684315346
202503,PT,PFT_25,Net interest income to total net operating income,0.765357479705767
202503,RO,PFT_25,Net interest income to total net operating income,0.7413996280461256
202503,SE,PFT_25,Net interest income to total net operating income,0.6958065927707398
202503,SI,PFT_25,Net interest income to total net operating income,0.7300149906527142
202503,SK,PFT_25,Net interest income to total net operating income,0.7139257243253795
202503,AT,PFT_26,Net fee and comission income to total net operating income,0.2940805076702078
202503,BE,PFT_26,Net fee and comission income to total net operating income,0.2502485577569335
202503,BG,PFT_26,Net fee and comission income to total net operating income,0.2384532654490917
202503,CY,PFT_26,Net fee and comission income to total net operating income,0.15990587404674184
202503,CZ,PFT_26,Net fee and comission income to total net operating income,0.251002483708907
202503,DE,PFT_26,Net fee and comission income to total net operating income,0.30859777998297516
202503,DK,PFT_26,Net fee and comission income to total net operating income,0.19999749652616386
202503,EE,PFT_26,Net fee and comission income to total net operating income,0.1444444063556547
202503,ES,PFT_26,Net fee and comission income to total net operating income,0.2346886248084905
202503,EU,PFT_26,Net fee and comission income to total net operating income,0.2820918404208668
202503,FI,PFT_26,Net fee and comission income to total net operating income,0.21496795445057695
202503,FR,PFT_26,Net fee and comission income to total net operating income,0.33990341333163926
202503,GR,PFT_26,Net fee and comission income to total net operating income,0.18304227108960203
202503,HR,PFT_26,Net fee and comission income to total net operating income,0.2328129192372783
202503,HU,PFT_26,Net fee and comission income to total net operating income,0.33169942882655856
202503,IE,PFT_26,Net fee and comission income to total net operating income,0.18687768226329626
202503,IS,PFT_26,Net fee and comission income to total net operating income,0.19670826376121758
202503,IT,PFT_26,Net fee and comission income to total net operating income,0.3311064818140309
202503,LI,PFT_26,Net fee and comission income to total net operating income,0.6020585690284083
202503,LT,PFT_26,Net fee and comission income to total net operating income,0.9623072453457185
202503,LU,PFT_26,Net fee and comission income to total net operating income,0.20431218428906064
202503,LV,PFT_26,Net fee and comission income to total net operating income,0.16436212436646452
202503,MT,PFT_26,Net fee and comission income to total net operating income,0.14483694048173562
202503,NL,PFT_26,Net fee and comission income to total net operating income,0.18707862984693058
202503,NO,PFT_26,Net fee and comission income to total net operating income,0.17164905413045653
202503,PL,PFT_26,Net fee and comission income to total net operating income,0.17148564267603572
202503,PT,PFT_26,Net fee and comission income to total net operating income,0.21370860263281655
202503,RO,PFT_26,Net fee and comission income to total net operating income,0.17931196786457212
202503,SE,PFT_26,Net fee and comission income to total net operating income,0.22876730264457665
202503,SI,PFT_26,Net fee and comission income to total net operating income,0.22420734831269232
202503,SK,PFT_26,Net fee and comission income to total net operating income,0.2570775712434667
202503,AT,PFT_29,Net trading income to total net operating income,-0.0009810490568252206
202503,BE,PFT_29,Net trading income to total net operating income,0.02859315698879483
202503,BG,PFT_29,Net trading income to total net operating income,-0.015389666131163333
202503,CY,PFT_29,Net trading income to total net operating income,0.006890713720184247
202503,CZ,PFT_29,Net trading income to total net operating income,0.040680374692856555
202503,DE,PFT_29,Net trading income to total net operating income,0.142809058641325
202503,DK,PFT_29,Net trading income to total net operating income,0.11729880292207608
202503,EE,PFT_29,Net trading income to total net operating income,0.017258127118006967
202503,ES,PFT_29,Net trading income to total net operating income,0.06649793698590868
202503,EU,PFT_29,Net trading income to total net operating income,0.08691426099040292
202503,FI,PFT_29,Net trading income to total net operating income,0.015959230333392683
202503,FR,PFT_29,Net trading income to total net operating income,0.13143737769565889
202503,GR,PFT_29,Net trading income to total net operating income,0.03739455368071854
202503,HR,PFT_29,Net trading income to total net operating income,0.007510503769585271
202503,HU,PFT_29,Net trading income to total net operating income,-0.016176704682717532
202503,IE,PFT_29,Net trading income to total net operating income,0.04162877842814111
202503,IS,PFT_29,Net trading income to total net operating income,-0.020861663916062305
202503,IT,PFT_29,Net trading income to total net operating income,0.08482439490502412
202503,LI,PFT_29,Net trading income to total net operating income,0.14962559141536927
202503,LT,PFT_29,Net trading income to total net operating income,0.036516039780970205
202503,LU,PFT_29,Net trading income to total net operating income,0.01172768247072176
202503,LV,PFT_29,Net trading income to total net operating income,0.013926837351305475
202503,MT,PFT_29,Net trading income to total net operating income,0.027698827629196284
202503,NL,PFT_29,Net trading income to total net operating income,0.11018331900853584
202503,NO,PFT_29,Net trading income to total net operating income,0.048278982390633975
202503,PL,PFT_29,Net trading income to total net operating income,-0.02036724863487119
202503,PT,PFT_29,Net trading income to total net operating income,0.019779852030902698
202503,RO,PFT_29,Net trading income to total net operating income,0.010384388641586497
202503,SE,PFT_29,Net trading income to total net operating income,0.007810395587549466
202503,SI,PFT_29,Net trading income to total net operating income,0.007726653219237998
202503,SK,PFT_29,Net trading income to total net operating income,0.01851615083962236
202503,AT,PFT_41,Net interest margin,0.022533548340859966
202503,BE,PFT_41,Net interest margin,0.014312200614093967
202503,BG,PFT_41,Net interest margin,0.02868166610030144
202503,CY,PFT_41,Net interest margin,0.030132032316080033
202503,CZ,PFT_41,Net interest margin,0.01779563360663007
202503,DE,PFT_41,Net interest margin,0.010996876398911146
202503,DK,PFT_41,Net interest margin,0.010565022715972087
202503,EE,PFT_41,Net interest margin,0.02941003013761491
202503,ES,PFT_41,Net interest margin,0.027150682333189895
202503,EU,PFT_41,Net interest margin,0.016032143781435932
202503,FI,PFT_41,Net interest margin,0.01526615426503969
202503,FR,PFT_41,Net interest margin,0.009154979543523475
202503,GR,PFT_41,Net interest margin,0.02889733215848704
202503,HR,PFT_41,Net interest margin,0.027193803858290778
202503,HU,PFT_41,Net interest margin,0.04318502267886537
202503,IE,PFT_41,Net interest margin,0.023693127231313733
202503,IS,PFT_41,Net interest margin,0.030298084769777564
202503,IT,PFT_41,Net interest margin,0.02168964119113714
202503,LI,PFT_41,Net interest margin,0.0061971288266081045
202503,LT,PFT_41,Net interest margin,0.02937989349312934
202503,LU,PFT_41,Net interest margin,0.020427659983391487
202503,LV,PFT_41,Net interest margin,0.03036737909678723
202503,MT,PFT_41,Net interest margin,0.022924895370800783
202503,NL,PFT_41,Net interest margin,0.014960928379230604
202503,NO,PFT_41,Net interest margin,0.021299295514779545
202503,PL,PFT_41,Net interest margin,0.04617351833281541
202503,PT,PFT_41,Net interest margin,0.02738804925352986
202503,RO,PFT_41,Net interest margin,0.035515418551546586
202503,SE,PFT_41,Net interest margin,0.014550202224758852
202503,SI,PFT_41,Net interest margin,0.033192594193342737
202503,SK,PFT_41,Net interest margin,0.024252029826832364
202503,AT,PFT_43,Cost of risk,0.004352830208021864
202503,BE,PFT_43,Cost of risk,0.0020264932965075064
202503,BG,PFT_43,Cost of risk,0.00374949098742236
202503,CY,PFT_43,Cost of risk,0.004741576571406742
202503,CZ,PFT_43,Cost of risk,0.0018004379859334588
202503,DE,PFT_43,Cost of risk,0.00886269502676821
202503,DK,PFT_43,Cost of risk,0.006137486658882133
202503,EE,PFT_43,Cost of risk,0.0010372584947871044
202503,ES,PFT_43,Cost of risk,0.011421506310812847
202503,EU,PFT_43,Cost of risk,0.005728759051791497
202503,FI,PFT_43,Cost of risk,0.0011434321604871633
202503,FR,PFT_43,Cost of risk,0.005918208593681841
202503,GR,PFT_43,Cost of risk,0.0036352101290084197
202503,HR,PFT_43,Cost of risk,-0.0003964549745124027
202503,HU,PFT_43,Cost of risk,0.00642260995434164
202503,IE,PFT_43,Cost of risk,0.0023102675207667027
202503,IS,PFT_43,Cost of risk,0.0027787478373057224
202503,IT,PFT_43,Cost of risk,0.0029026689227668926
202503,LI,PFT_43,Cost of risk,6.305773618851899e-06
202503,LT,PFT_43,Cost of risk,0.003960515960325933
202503,LU,PFT_43,Cost of risk,0.0024017536306505938
202503,LV,PFT_43,Cost of risk,0.00041801054643444605
202503,MT,PFT_43,Cost of risk,0.002604609914142112
202503,NL,PFT_43,Cost of risk,0.0015204958936605466
202503,NO,PFT_43,Cost of risk,0.0007456889865733441
202503,PL,PFT_43,Cost of risk,0.006240042602168879
202503,PT,PFT_43,Cost of risk,0.0029993251225317106
202503,RO,PFT_43,Cost of risk,0.01637893313685507
202503,SE,PFT_43,Cost of risk,0.0008459895388187961
202503,SI,PFT_43,Cost of risk,0.006577006887285756
202503,SK,PFT_43,Cost of risk,0.003722413142429408
202503,AT,SVC_1,Tier 1 capital ratio,0.18456721897837716
202503,BE,SVC_1,Tier 1 capital ratio,0.18324194521119402
202503,BG,SVC_1,Tier 1 capital ratio,0.22024517913635747
202503,CY,SVC_1,Tier 1 capital ratio,0.27303692776289545
202503,CZ,SVC_1,Tier 1 capital ratio,0.17954413574591832
202503,DE,SVC_1,Tier 1 capital ratio,0.1884850671391997
202503,DK,SVC_1,Tier 1 capital ratio,0.20177314448553405
202503,EE,SVC_1,Tier 1 capital ratio,0.23055471331490177
202503,ES,SVC_1,Tier 1 capital ratio,0.14607238360849908
202503,EU,SVC_1,Tier 1 capital ratio,0.17690430610422053
202503,FI,SVC_1,Tier 1 capital ratio,0.18917822332200873
202503,FR,SVC_1,Tier 1 capital ratio,0.17200930296798853
202503,GR,SVC_1,Tier 1 capital ratio,0.1671667463212113
202503,HR,SVC_1,Tier 1 capital ratio,0.21214190088736268
202503,HU,SVC_1,Tier 1 capital ratio,0.1818022841691799
202503,IE,SVC_1,Tier 1 capital ratio,0.20732243227688252
202503,IT,SVC_1,Tier 1 capital ratio,0.1799025248351136
202503,LT,SVC_1,Tier 1 capital ratio,0.23152278350102182
202503,LU,SVC_1,Tier 1 capital ratio,0.23808016252868294
202503,LV,SVC_1,Tier 1 capital ratio,0.246446139282729
202503,MT,SVC_1,Tier 1 capital ratio,0.2154905898753373
202503,NL,SVC_1,Tier 1 capital ratio,0.1852510296492051
202503,PL,SVC_1,Tier 1 capital ratio,0.16522248660101196
202503,PT,SVC_1,Tier 1 capital ratio,0.1864411128523222
202503,RO,SVC_1,Tier 1 capital ratio,0.2033593821870513
202503,SE,SVC_1,Tier 1 capital ratio,0.2033622345192607
202503,SI,SVC_1,Tier 1 capital ratio,0.1732056586452379
202503,SK,SVC_1,Tier 1 capital ratio,0.1908209523210783
202503,AT,SVC_13,Leverage ratio,0.076202044882635
202503,BE,SVC_13,Leverage ratio,0.06754709240257574
202503,BG,SVC_13,Leverage ratio,0.10267772225204125
202503,CY,SVC_13,Leverage ratio,0.09246702848268772
202503,CZ,SVC_13,Leverage ratio,0.05226247716763878
202503,DE,SVC_13,Leverage ratio,0.05821891325940928
202503,DK,SVC_13,Leverage ratio,0.050715003021785984
202503,EE,SVC_13,Leverage ratio,0.0903026254392812
202503,ES,SVC_13,Leverage ratio,0.05526917868382684
202503,EU,SVC_13,Leverage ratio,0.05860178756723803
202503,FI,SVC_13,Leverage ratio,0.06095050076407621
202503,FR,SVC_13,Leverage ratio,0.054152498874841366
202503,GR,SVC_13,Leverage ratio,0.07649774417764847
202503,HR,SVC_13,Leverage ratio,0.09258533247830292
202503,HU,SVC_13,Leverage ratio,0.09432274465470333
202503,IE,SVC_13,Leverage ratio,0.07829953825467334
202503,IT,SVC_13,Leverage ratio,0.06318221479300087
202503,LT,SVC_13,Leverage ratio,0.06559724971458776
202503,LU,SVC_13,Leverage ratio,0.09335899205525724
202503,LV,SVC_13,Leverage ratio,0.0918448376857807
202503,MT,SVC_13,Leverage ratio,0.06766257614855728
202503,NL,SVC_13,Leverage ratio,0.05642679709053097
202503,PL,SVC_13,Leverage ratio,0.07374133690863145
202503,PT,SVC_13,Leverage ratio,0.07060023044708967
202503,RO,SVC_13,Leverage ratio,0.0801170644331046
202503,SE,SVC_13,Leverage ratio,0.05306984442807656
202503,SI,SVC_13,Leverage ratio,0.09917205324798814
202503,SK,SVC_13,Leverage ratio,0.07411856801825983
202503,AT,SVC_2,Total capital ratio,0.21267787395205154
202503,BE,SVC_2,Total capital ratio,0.20647051970077132
202503,BG,SVC_2,Total capital ratio,0.24138284664826418
202503,CY,SVC_2,Total capital ratio,0.3009712902579877
202503,CZ,SVC_2,Total capital ratio,0.19043575147456862
202503,DE,SVC_2,Total capital ratio,0.2252025691121194
202503,DK,SVC_2,Total capital ratio,0.22176354512469718
202503,EE,SVC_2,Total capital ratio,0.24939018515404607
202503,ES,SVC_2,Total capital ratio,0.17326364828998386
202503,EU,SVC_2,Total capital ratio,0.20398076730019613
202503,FI,SVC_2,Total capital ratio,0.2140321355088842
202503,FR,SVC_2,Total capital ratio,0.1979502254984861
202503,GR,SVC_2,Total capital ratio,0.19953126490727502
202503,HR,SVC_2,Total capital ratio,0.22335565830442972
202503,HU,SVC_2,Total capital ratio,0.19968347876600276
202503,IE,SVC_2,Total capital ratio,0.230115921305739
202503,IT,SVC_2,Total capital ratio,0.2044704774229772
202503,LT,SVC_2,Total capital ratio,0.24489838551553575
202503,LU,SVC_2,Total capital ratio,0.24135227265541667
202503,LV,SVC_2,Total capital ratio,0.2656137096007548
202503,MT,SVC_2,Total capital ratio,0.25647970890176947
202503,NL,SVC_2,Total capital ratio,0.2118878914339493
202503,PL,SVC_2,Total capital ratio,0.1758806804355566
202503,PT,SVC_2,Total capital ratio,0.2037404983992572
202503,RO,SVC_2,Total capital ratio,0.2310973602339549
202503,SE,SVC_2,Total capital ratio,0.22598519255258442
202503,SI,SVC_2,Total capital ratio,0.1932087438842151
202503,SK,SVC_2,Total capital ratio,0.2042618348791473
202503,AT,SVC_3,CET 1 capital ratio,0.16903719732019562
202503,BE,SVC_3,CET 1 capital ratio,0.16851959309689912
202503,BG,SVC_3,CET 1 capital ratio,0.22024517913635744
202503,CY,SVC_3,CET 1 capital ratio,0.26096847430410286
202503,CZ,SVC_3,CET 1 capital ratio,0.17456632412137113
202503,DE,SVC_3,CET 1 capital ratio,0.17287702124933133
202503,DK,SVC_3,CET 1 capital ratio,0.18731698808776298
202503,EE,SVC_3,CET 1 capital ratio,0.22122474477280032
202503,ES,SVC_3,CET 1 capital ratio,0.13037944374723578
202503,EU,SVC_3,CET 1 capital ratio,0.1623168228142483
202503,FI,SVC_3,CET 1 capital ratio,0.17609926204220605
202503,FR,SVC_3,CET 1 capital ratio,0.15933974137622278
202503,GR,SVC_3,CET 1 capital ratio,0.15878943703050774
202503,HR,SVC_3,CET 1 capital ratio,0.20726382360803539
202503,HU,SVC_3,CET 1 capital ratio,0.1818022841691799
202503,IE,SVC_3,CET 1 capital ratio,0.19276094427199458
202503,IT,SVC_3,CET 1 capital ratio,0.1627725426668163
202503,LT,SVC_3,CET 1 capital ratio,0.22874336567065284
202503,LU,SVC_3,CET 1 capital ratio,0.2356848422450371
202503,LV,SVC_3,CET 1 capital ratio,0.246446139282729
202503,MT,SVC_3,CET 1 capital ratio,0.21549058987533729
202503,NL,SVC_3,CET 1 capital ratio,0.16225551912412378
202503,PL,SVC_3,CET 1 capital ratio,0.16522248660101196
202503,PT,SVC_3,CET 1 capital ratio,0.17622820695355487
202503,RO,SVC_3,CET 1 capital ratio,0.19202146600010095
202503,SE,SVC_3,CET 1 capital ratio,0.18706277622594158
202503,SI,SVC_3,CET 1 capital ratio,0.17050090060408282
202503,SK,SVC_3,CET 1 capital ratio,0.17116291000747716
202506,AT,AQT_3.1,Non-performing debt instruments (loans and advances & debt securities) other than held for trading to total gross debt instruments (NPE ratio),0.018829632003113904
202506,BE,AQT_3.1,Non-performing debt instruments (loans and advances & debt securities) other than held for trading to total gross debt instruments (NPE ratio),0.011662526714777166
202506,BG,AQT_3.1,Non-performing debt instruments (loans and advances & debt securities) other than held for trading to total gross debt instruments (NPE ratio),0.015384531519501358
202506,CY,AQT_3.1,Non-performing debt instruments (loans and advances & debt securities) other than held for trading to total gross debt instruments (NPE ratio),0.01338032752417157
202506,CZ,AQT_3.1,Non-performing debt instruments (loans and advances & debt securities) other than held for trading to total gross debt instruments (NPE ratio),0.008764112067814885
202506,DE,AQT_3.1,Non-performing debt instruments (loans and advances & debt securities) other than held for trading to total gross debt instruments (NPE ratio),0.01377831150666663
202506,DK,AQT_3.1,Non-performing debt instruments (loans and advances & debt securities) other than held for trading to total gross debt instruments (NPE ratio),0.011247474726502601
202506,EE,AQT_3.1,Non-performing debt instruments (loans and advances & debt securities) other than held for trading to total gross debt instruments (NPE ratio),0.007290419371440091
202506,ES,AQT_3.1,Non-performing debt instruments (loans and advances & debt securities) other than held for trading to total gross debt instruments (NPE ratio),0.022033731726011578
202506,EU,AQT_3.1,Non-performing debt instruments (loans and advances & debt securities) other than held for trading to total gross debt instruments (NPE ratio),0.016060703469819193
202506,FI,AQT_3.1,Non-performing debt instruments (loans and advances & debt securities) other than held for trading to total gross debt instruments (NPE ratio),0.010418523148837908
202506,FR,AQT_3.1,Non-performing debt instruments (loans and advances & debt securities) other than held for trading to total gross debt instruments (NPE ratio),0.018729546186493383
202506,GR,AQT_3.1,Non-performing debt instruments (loans and advances & debt securities) other than held for trading to total gross debt instruments (NPE ratio),0.020384047388753854
202506,HR,AQT_3.1,Non-performing debt instruments (loans and advances & debt securities) other than held for trading to total gross debt instruments (NPE ratio),0.015206222851002964
202506,HU,AQT_3.1,Non-performing debt instruments (loans and advances & debt securities) other than held for trading to total gross debt instruments (NPE ratio),0.02104657785874566
202506,IE,AQT_3.1,Non-performing debt instruments (loans and advances & debt securities) other than held for trading to total gross debt instruments (NPE ratio),0.011346324795779378
202506,IS,AQT_3.1,Non-performing debt instruments (loans and advances & debt securities) other than held for trading to total gross debt instruments (NPE ratio),0.015940368135334757
202506,IT,AQT_3.1,Non-performing debt instruments (loans and advances & debt securities) other than held for trading to total gross debt instruments (NPE ratio),0.017678775404362457
202506,LI,AQT_3.1,Non-performing debt instruments (loans and advances & debt securities) other than held for trading to total gross debt instruments (NPE ratio),0.003710505660821761
202506,LT,AQT_3.1,Non-performing debt instruments (loans and advances & debt securities) other than held for trading to total gross debt instruments (NPE ratio),0.003614174664100059
202506,LU,AQT_3.1,Non-performing debt instruments (loans and advances & debt securities) other than held for trading to total gross debt instruments (NPE ratio),0.014635238935402795
202506,LV,AQT_3.1,Non-performing debt instruments (loans and advances & debt securities) other than held for trading to total gross debt instruments (NPE ratio),0.003619139815881792
202506,MT,AQT_3.1,Non-performing debt instruments (loans and advances & debt securities) other than held for trading to total gross debt instruments (NPE ratio),0.011033167814549582
202506,NL,AQT_3.1,Non-performing debt instruments (loans and advances & debt securities) other than held for trading to total gross debt instruments (NPE ratio),0.01229506329237885
202506,NO,AQT_3.1,Non-performing debt instruments (loans and advances & debt securities) other than held for trading to total gross debt instruments (NPE ratio),0.007753492712956455
202506,PL,AQT_3.1,Non-performing debt instruments (loans and advances & debt securities) other than held for trading to total gross debt instruments (NPE ratio),0.023106330152670912
202506,PT,AQT_3.1,Non-performing debt instruments (loans and advances & debt securities) other than held for trading to total gross debt instruments (NPE ratio),0.01622793478733522
202506,RO,AQT_3.1,Non-performing debt instruments (loans and advances & debt securities) other than held for trading to total gross debt instruments (NPE ratio),0.02228527802785521
202506,SE,AQT_3.1,Non-performing debt instruments (loans and advances & debt securities) other than held for trading to total gross debt instruments (NPE ratio),0.0030844573380185893
202506,SI,AQT_3.1,Non-performing debt instruments (loans and advances & debt securities) other than held for trading to total gross debt instruments (NPE ratio),0.013239185530379578
202506,SK,AQT_3.1,Non-performing debt instruments (loans and advances & debt securities) other than held for trading to total gross debt instruments (NPE ratio),0.015524931330029388
202506,AT,AQT_3.2,"Share of non‐performing loans and advances
(NPL ratio)",0.023038456130341573
202506,BE,AQT_3.2,"Share of non‐performing loans and advances
(NPL ratio)",0.012685885020078473
202506,BG,AQT_3.2,"Share of non‐performing loans and advances
(NPL ratio)",0.018303134851075438
202506,CY,AQT_3.2,"Share of non‐performing loans and advances
(NPL ratio)",0.017531739596264674
202506,CZ,AQT_3.2,"Share of non‐performing loans and advances
(NPL ratio)",0.010542614179700585
202506,DE,AQT_3.2,"Share of non‐performing loans and advances
(NPL ratio)",0.0152765020205246
202506,DK,AQT_3.2,"Share of non‐performing loans and advances
(NPL ratio)",0.012314658194180832
202506,EE,AQT_3.2,"Share of non‐performing loans and advances
(NPL ratio)",0.007830884370801488
202506,ES,AQT_3.2,"Share of non‐performing loans and advances
(NPL ratio)",0.02559457712211318
202506,EU,AQT_3.2,"Share of non‐performing loans and advances
(NPL ratio)",0.018373103633770364
202506,FI,AQT_3.2,"Share of non‐performing loans and advances
(NPL ratio)",0.011868185840851867
202506,FR,AQT_3.2,"Share of non‐performing loans and advances
(NPL ratio)",0.020931490357003046
202506,GR,AQT_3.2,"Share of non‐performing loans and advances
(NPL ratio)",0.027297325171105162
202506,HR,AQT_3.2,"Share of non‐performing loans and advances
(NPL ratio)",0.018665510822721977
202506,HU,AQT_3.2,"Share of non‐performing loans and advances
(NPL ratio)",0.02550881547667342
202506,IE,AQT_3.2,"Share of non‐performing loans and advances
(NPL ratio)",0.013370122766557732
202506,IS,AQT_3.2,"Share of non‐performing loans and advances
(NPL ratio)",0.017510641946355147
202506,IT,AQT_3.2,"Share of non‐performing loans and advances
(NPL ratio)",0.022626523833190887
202506,LI,AQT_3.2,"Share of non‐performing loans and advances
(NPL ratio)",0.004333178323336816
202506,LT,AQT_3.2,"Share of non‐performing loans and advances
(NPL ratio)",0.004258737538950616
202506,LU,AQT_3.2,"Share of non‐performing loans and advances
(NPL ratio)",0.018013356107868625
202506,LV,AQT_3.2,"Share of non‐performing loans and advances
(NPL ratio)",0.003940892498133082
202506,MT,AQT_3.2,"Share of non‐performing loans and advances
(NPL ratio)",0.01820421110733472
202506,NL,AQT_3.2,"Share of non‐performing loans and advances
(NPL ratio)",0.013554524165088308
202506,NO,AQT_3.2,"Share of non‐performing loans and advances
(NPL ratio)",0.008715039634926255
202506,PL,AQT_3.2,"Share of non‐performing loans and advances
(NPL ratio)",0.036543327706237326
202506,PT,AQT_3.2,"Share of non‐performing loans and advances
(NPL ratio)",0.02121434884188481
202506,RO,AQT_3.2,"Share of non‐performing loans and advances
(NPL ratio)",0.03346120902444428
202506,SE,AQT_3.2,"Share of non‐performing loans and advances
(NPL ratio)",0.0033285541351337354
202506,SI,AQT_3.2,"Share of non‐performing loans and advances
(NPL ratio)",0.017711313040484983
202506,SK,AQT_3.2,"Share of non‐performing loans and advances
(NPL ratio)",0.019179253624114996
202506,AT,AQT_41.2,Coverage ratio of non-performing loans and advances,0.4081125839038479
202506,BE,AQT_41.2,Coverage ratio of non-performing loans and advances,0.4610809842064418
202506,BG,AQT_41.2,Coverage ratio of non-performing loans and advances,0.6018736235989904
202506,CY,AQT_41.2,Coverage ratio of non-performing loans and advances,0.4038708500809927
202506,CZ,AQT_41.2,Coverage ratio of non-performing loans and advances,0.5035169732614174
202506,DE,AQT_41.2,Coverage ratio of non-performing loans and advances,0.34978926543027916
202506,DK,AQT_41.2,Coverage ratio of non-performing loans and advances,0.25949590694708663
202506,EE,AQT_41.2,Coverage ratio of non-performing loans and advances,0.26074059247921594
202506,ES,AQT_41.2,Coverage ratio of non-performing loans and advances,0.45465037517640755
202506,EU,AQT_41.2,Coverage ratio of non-performing loans and advances,0.4166538852005742
202506,FI,AQT_41.2,Coverage ratio of non-performing loans and advances,0.22773655133193538
202506,FR,AQT_41.2,Coverage ratio of non-performing loans and advances,0.44323197890257643
202506,GR,AQT_41.2,Coverage ratio of non-performing loans and advances,0.4089946547301729
202506,HR,AQT_41.2,Coverage ratio of non-performing loans and advances,0.6378561386340469
202506,HU,AQT_41.2,Coverage ratio of non-performing loans and advances,0.6078916022601702
202506,IE,AQT_41.2,Coverage ratio of non-performing loans and advances,0.3172294491262202
202506,IS,AQT_41.2,Coverage ratio of non-performing loans and advances,0.2062310466229469
202506,IT,AQT_41.2,Coverage ratio of non-performing loans and advances,0.5212226927139995
202506,LI,AQT_41.2,Coverage ratio of non-performing loans and advances,0.2987841735804369
202506,LT,AQT_41.2,Coverage ratio of non-performing loans and advances,0.38665482225226505
202506,LU,AQT_41.2,Coverage ratio of non-performing loans and advances,0.42270243125163987
202506,LV,AQT_41.2,Coverage ratio of non-performing loans and advances,0.38335482896170653
202506,MT,AQT_41.2,Coverage ratio of non-performing loans and advances,0.27273157121623853
202506,NL,AQT_41.2,Coverage ratio of non-performing loans and advances,0.2423789694124367
202506,NO,AQT_41.2,Coverage ratio of non-performing loans and advances,0.2152025391648154
202506,PL,AQT_41.2,Coverage ratio of non-performing loans and advances,0.48004076556191666
202506,PT,AQT_41.2,Coverage ratio of non-performing loans and advances,0.6021291366415672
202506,RO,AQT_41.2,Coverage ratio of non-performing loans and advances,0.6439190788618382
202506,SE,AQT_41.2,Coverage ratio of non-performing loans and advances,0.25200955478626835
202506,SI,AQT_41.2,Coverage ratio of non-performing loans and advances,0.5743333055711535
202506,SK,AQT_41.2,Coverage ratio of non-performing loans and advances,0.538367150488873
202506,AT,AQT_42.2,Forbearance ratio - Loans and advances (gross amount) (FBL),0.02080460782437812
202506,BE,AQT_42.2,Forbearance ratio - Loans and advances (gross amount) (FBL),0.0075235139527879205
202506,BG,AQT_42.2,Forbearance ratio - Loans and advances (gross amount) (FBL),0.016046562657721017
202506,CY,AQT_42.2,Forbearance ratio - Loans and advances (gross amount) (FBL),0.018940256411581636
202506,CZ,AQT_42.2,Forbearance ratio - Loans and advances (gross amount) (FBL),0.006253598627832832
202506,DE,AQT_42.2,Forbearance ratio - Loans and advances (gross amount) (FBL),0.01746097408542375
202506,DK,AQT_42.2,Forbearance ratio - Loans and advances (gross amount) (FBL),0.004058898262635657
202506,EE,AQT_42.2,Forbearance ratio - Loans and advances (gross amount) (FBL),0.011832241266028446
202506,ES,AQT_42.2,Forbearance ratio - Loans and advances (gross amount) (FBL),0.01826720366812127
202506,EU,AQT_42.2,Forbearance ratio - Loans and advances (gross amount) (FBL),0.013990900395459603
202506,FI,AQT_42.2,Forbearance ratio - Loans and advances (gross amount) (FBL),0.015495641023381563
202506,FR,AQT_42.2,Forbearance ratio - Loans and advances (gross amount) (FBL),0.01158413735029772
202506,GR,AQT_42.2,Forbearance ratio - Loans and advances (gross amount) (FBL),0.023902512430166743
202506,HR,AQT_42.2,Forbearance ratio - Loans and advances (gross amount) (FBL),0.016128208586186455
202506,HU,AQT_42.2,Forbearance ratio - Loans and advances (gross amount) (FBL),0.014590243288484371
202506,IE,AQT_42.2,Forbearance ratio - Loans and advances (gross amount) (FBL),0.014898059868015663
202506,IS,AQT_42.2,Forbearance ratio - Loans and advances (gross amount) (FBL),0.022262561992729187
202506,IT,AQT_42.2,Forbearance ratio - Loans and advances (gross amount) (FBL),0.01701123907767345
202506,LI,AQT_42.2,Forbearance ratio - Loans and advances (gross amount) (FBL),0.002420503352477811
202506,LT,AQT_42.2,Forbearance ratio - Loans and advances (gross amount) (FBL),0.0034622148276201325
202506,LU,AQT_42.2,Forbearance ratio - Loans and advances (gross amount) (FBL),0.009122698053528375
202506,LV,AQT_42.2,Forbearance ratio - Loans and advances (gross amount) (FBL),0.008997466263948985
202506,MT,AQT_42.2,Forbearance ratio - Loans and advances (gross amount) (FBL),0.019984671795261547
202506,NL,AQT_42.2,Forbearance ratio - Loans and advances (gross amount) (FBL),0.013929617043225087
202506,NO,AQT_42.2,Forbearance ratio - Loans and advances (gross amount) (FBL),0.009010014026331408
202506,PL,AQT_42.2,Forbearance ratio - Loans and advances (gross amount) (FBL),0.01630361864071368
202506,PT,AQT_42.2,Forbearance ratio - Loans and advances (gross amount) (FBL),0.018952184818779003
202506,RO,AQT_42.2,Forbearance ratio - Loans and advances (gross amount) (FBL),0.014763991993666459
202506,SE,AQT_42.2,Forbearance ratio - Loans and advances (gross amount) (FBL),0.0048796207476985405
202506,SI,AQT_42.2,Forbearance ratio - Loans and advances (gross amount) (FBL),0.01343115203876702
202506,SK,AQT_42.2,Forbearance ratio - Loans and advances (gross amount) (FBL),0.015120463991183325
202506,AT,FND_32,Loans and advances-to-deposits ratio for households and non-financial corporations,0.9847206698129682
202506,BE,FND_32,Loans and advances-to-deposits ratio for households and non-financial corporations,1.0218779537013292
202506,BG,FND_32,Loans and advances-to-deposits ratio for households and non-financial corporations,0.8020503156827334
202506,CY,FND_32,Loans and advances-to-deposits ratio for households and non-financial corporations,0.47308649399716607
202506,CZ,FND_32,Loans and advances-to-deposits ratio for households and non-financial corporations,0.875663770803249
202506,DE,FND_32,Loans and advances-to-deposits ratio for households and non-financial corporations,1.1495325967796823
202506,DK,FND_32,Loans and advances-to-deposits ratio for households and non-financial corporations,2.918873015532074
202506,EE,FND_32,Loans and advances-to-deposits ratio for households and non-financial corporations,1.028681704535678
202506,ES,FND_32,Loans and advances-to-deposits ratio for households and non-financial corporations,0.9864240050277907
202506,EU,FND_32,Loans and advances-to-deposits ratio for households and non-financial corporations,1.0653056761376831
202506,FI,FND_32,Loans and advances-to-deposits ratio for households and non-financial corporations,1.6235159024192336
202506,FR,FND_32,Loans and advances-to-deposits ratio for households and non-financial corporations,1.0579992487382606
202506,GR,FND_32,Loans and advances-to-deposits ratio for households and non-financial corporations,0.623669684769139
202506,HR,FND_32,Loans and advances-to-deposits ratio for households and non-financial corporations,0.7309944392118145
202506,HU,FND_32,Loans and advances-to-deposits ratio for households and non-financial corporations,0.8062963395109601
202506,IE,FND_32,Loans and advances-to-deposits ratio for households and non-financial corporations,0.6992137379444907
202506,IS,FND_32,Loans and advances-to-deposits ratio for households and non-financial corporations,1.6888042597119324
202506,IT,FND_32,Loans and advances-to-deposits ratio for households and non-financial corporations,0.8977393111725231
202506,LI,FND_32,Loans and advances-to-deposits ratio for households and non-financial corporations,0.7221162830095557
202506,LT,FND_32,Loans and advances-to-deposits ratio for households and non-financial corporations,0.3635605607216656
202506,LU,FND_32,Loans and advances-to-deposits ratio for households and non-financial corporations,1.2326145369691868
202506,LV,FND_32,Loans and advances-to-deposits ratio for households and non-financial corporations,0.7359649988265481
202506,MT,FND_32,Loans and advances-to-deposits ratio for households and non-financial corporations,0.5976958598699973
202506,NL,FND_32,Loans and advances-to-deposits ratio for households and non-financial corporations,1.0812998106992073
202506,NO,FND_32,Loans and advances-to-deposits ratio for households and non-financial corporations,1.7224861478902984
202506,PL,FND_32,Loans and advances-to-deposits ratio for households and non-financial corporations,0.70707911983875
202506,PT,FND_32,Loans and advances-to-deposits ratio for households and non-financial corporations,0.6992180103391071
202506,RO,FND_32,Loans and advances-to-deposits ratio for households and non-financial corporations,0.6434821638297075
202506,SE,FND_32,Loans and advances-to-deposits ratio for households and non-financial corporations,1.701704461656418
202506,SI,FND_32,Loans and advances-to-deposits ratio for households and non-financial corporations,0.7226517895891154
202506,SK,FND_32,Loans and advances-to-deposits ratio for households and non-financial corporations,1.1149255021429652
202506,AT,FND_33,Asset encumbrance ratio,0.17649917317042363
202506,BE,FND_33,Asset encumbrance ratio,0.10599443572861447
202506,BG,FND_33,Asset encumbrance ratio,0.033242056641374224
202506,CY,FND_33,Asset encumbrance ratio,0.07266294005310497
202506,CZ,FND_33,Asset encumbrance ratio,0.12730299979654988
202506,DE,FND_33,Asset encumbrance ratio,0.31274377853930196
202506,DK,FND_33,Asset encumbrance ratio,0.5155447091931081
202506,EE,FND_33,Asset encumbrance ratio,0.02839891497322207
202506,ES,FND_33,Asset encumbrance ratio,0.18610735728399072
202506,EU,FND_33,Asset encumbrance ratio,0.24717136214157354
202506,FI,FND_33,Asset encumbrance ratio,0.2968255227726973
202506,FR,FND_33,Asset encumbrance ratio,0.28818327414510747
202506,GR,FND_33,Asset encumbrance ratio,0.07972803254796157
202506,HR,FND_33,Asset encumbrance ratio,0.014286426906140647
202506,HU,FND_33,Asset encumbrance ratio,0.07263841044707142
202506,IE,FND_33,Asset encumbrance ratio,0.24205229162857547
202506,IS,FND_33,Asset encumbrance ratio,0.18784120262766654
202506,IT,FND_33,Asset encumbrance ratio,0.21100844251523523
202506,LI,FND_33,Asset encumbrance ratio,0.048960342201088
202506,LT,FND_33,Asset encumbrance ratio,0.01050412979421376
202506,LU,FND_33,Asset encumbrance ratio,0.07917282508176568
202506,LV,FND_33,Asset encumbrance ratio,0.006275489799439249
202506,MT,FND_33,Asset encumbrance ratio,0.05679547413989487
202506,NL,FND_33,Asset encumbrance ratio,0.15294042896052767
202506,NO,FND_33,Asset encumbrance ratio,0.19550041093459625
202506,PL,FND_33,Asset encumbrance ratio,0.02573950120302915
202506,PT,FND_33,Asset encumbrance ratio,0.06911657852105339
202506,RO,FND_33,Asset encumbrance ratio,0.016866563595746686
202506,SE,FND_33,Asset encumbrance ratio,0.2120204678427824
202506,SI,FND_33,Asset encumbrance ratio,0.03414577097636163
202506,SK,FND_33,Asset encumbrance ratio,0.16769178349925046
202506,AT,LIQ_17,Liquidity coverage ratio,1.659890528446645
202506,BE,LIQ_17,Liquidity coverage ratio,1.8634816198414752
202506,BG,LIQ_17,Liquidity coverage ratio,2.3718329410340426
202506,CY,LIQ_17,Liquidity coverage ratio,3.4056302482742282
202506,CZ,LIQ_17,Liquidity coverage ratio,1.375314409987679
202506,DE,LIQ_17,Liquidity coverage ratio,1.4779483482959983
202506,DK,LIQ_17,Liquidity coverage ratio,1.9016278508595656
202506,EE,LIQ_17,Liquidity coverage ratio,1.927749064360822
202506,ES,LIQ_17,Liquidity coverage ratio,1.649295425423536
202506,EU,LIQ_17,Liquidity coverage ratio,1.615408068330537
202506,FI,LIQ_17,Liquidity coverage ratio,1.775897208248695
202506,FR,LIQ_17,Liquidity coverage ratio,1.457797407921559
202506,GR,LIQ_17,Liquidity coverage ratio,2.095905721533636
202506,HR,LIQ_17,Liquidity coverage ratio,2.063150204037235
202506,HU,LIQ_17,Liquidity coverage ratio,2.0167940520692578
202506,IE,LIQ_17,Liquidity coverage ratio,1.811334840796338
202506,IS,LIQ_17,Liquidity coverage ratio,1.8526964494867564
202506,IT,LIQ_17,Liquidity coverage ratio,1.677613320111655
202506,LI,LIQ_17,Liquidity coverage ratio,1.736430940445094
202506,LT,LIQ_17,Liquidity coverage ratio,5.006699913510375
202506,LU,LIQ_17,Liquidity coverage ratio,1.4733904823161408
202506,LV,LIQ_17,Liquidity coverage ratio,1.7657968745235604
202506,MT,LIQ_17,Liquidity coverage ratio,4.132598309165051
202506,NL,LIQ_17,Liquidity coverage ratio,1.5247589545270583
202506,NO,LIQ_17,Liquidity coverage ratio,1.4824718591262975
202506,PL,LIQ_17,Liquidity coverage ratio,2.380628953689178
202506,PT,LIQ_17,Liquidity coverage ratio,2.5671559526607437
202506,RO,LIQ_17,Liquidity coverage ratio,2.557887305383756
202506,SE,LIQ_17,Liquidity coverage ratio,1.6711702399752295
202506,SI,LIQ_17,Liquidity coverage ratio,2.653652014667206
202506,SK,LIQ_17,Liquidity coverage ratio,1.7052096329257986
202506,AT,LIQ_20,Net Stable Funding Ratio,1.396989509081484
202506,BE,LIQ_20,Net Stable Funding Ratio,1.2968380271432325
202506,BG,LIQ_20,Net Stable Funding Ratio,1.6282521341609661
202506,CY,LIQ_20,Net Stable Funding Ratio,1.8914292235157557
202506,CZ,LIQ_20,Net Stable Funding Ratio,1.5381273405214826
202506,DE,LIQ_20,Net Stable Funding Ratio,1.2291974395328824
202506,DK,LIQ_20,Net Stable Funding Ratio,1.263693961568605
202506,EE,LIQ_20,Net Stable Funding Ratio,1.4193608114258374
202506,ES,LIQ_20,Net Stable Funding Ratio,1.3320417702346656
202506,EU,LIQ_20,Net Stable Funding Ratio,1.2717879326842405
202506,FI,LIQ_20,Net Stable Funding Ratio,1.2593178430220666
202506,FR,LIQ_20,Net Stable Funding Ratio,1.152376567669335
202506,GR,LIQ_20,Net Stable Funding Ratio,1.362052660162678
202506,HR,LIQ_20,Net Stable Funding Ratio,1.6239558275820554
202506,HU,LIQ_20,Net Stable Funding Ratio,1.467179076978835
202506,IE,LIQ_20,Net Stable Funding Ratio,1.5745153833222034
202506,IS,LIQ_20,Net Stable Funding Ratio,1.2347834470491352
202506,IT,LIQ_20,Net Stable Funding Ratio,1.316613557180125
202506,LI,LIQ_20,Net Stable Funding Ratio,1.572108974413061
202506,LT,LIQ_20,Net Stable Funding Ratio,1.9033959179332358
202506,LU,LIQ_20,Net Stable Funding Ratio,1.2333364429621476
202506,LV,LIQ_20,Net Stable Funding Ratio,1.2782280447771237
202506,MT,LIQ_20,Net Stable Funding Ratio,1.8362253019575652
202506,NL,LIQ_20,Net Stable Funding Ratio,1.3617451521639063
202506,NO,LIQ_20,Net Stable Funding Ratio,1.1889796600872617
202506,PL,LIQ_20,Net Stable Funding Ratio,1.5929582490382257
202506,PT,LIQ_20,Net Stable Funding Ratio,1.5797191121125114
202506,RO,LIQ_20,Net Stable Funding Ratio,2.0488658636570354
202506,SE,LIQ_20,Net Stable Funding Ratio,1.2359305270601004
202506,SI,LIQ_20,Net Stable Funding Ratio,1.664914130735482
202506,SK,LIQ_20,Net Stable Funding Ratio,1.3060991544258558
202506,AT,PFT_21,"Return on equity (numerator annualised, denominator as average)",0.09229591658123981
202506,BE,PFT_21,"Return on equity (numerator annualised, denominator as average)",0.08796058804792607
202506,BG,PFT_21,"Return on equity (numerator annualised, denominator as average)",0.17982357282871514
202506,CY,PFT_21,"Return on equity (numerator annualised, denominator as average)",0.14254646833914164
202506,CZ,PFT_21,"Return on equity (numerator annualised, denominator as average)",0.16259516484913064
202506,DE,PFT_21,"Return on equity (numerator annualised, denominator as average)",0.0725258117872585
202506,DK,PFT_21,"Return on equity (numerator annualised, denominator as average)",0.11982205556636251
202506,EE,PFT_21,"Return on equity (numerator annualised, denominator as average)",0.14585749282422994
202506,ES,PFT_21,"Return on equity (numerator annualised, denominator as average)",0.15089378951726265
202506,EU,PFT_21,"Return on equity (numerator annualised, denominator as average)",0.1071224047483651
202506,FI,PFT_21,"Return on equity (numerator annualised, denominator as average)",0.13407312587504763
202506,FR,PFT_21,"Return on equity (numerator annualised, denominator as average)",0.07034903716316145
202506,GR,PFT_21,"Return on equity (numerator annualised, denominator as average)",0.13624405454420388
202506,HR,PFT_21,"Return on equity (numerator annualised, denominator as average)",0.17949700822200138
202506,HU,PFT_21,"Return on equity (numerator annualised, denominator as average)",0.17681372350538682
202506,IE,PFT_21,"Return on equity (numerator annualised, denominator as average)",0.09954508375378004
202506,IS,PFT_21,"Return on equity (numerator annualised, denominator as average)",0.12985108155024902
202506,IT,PFT_21,"Return on equity (numerator annualised, denominator as average)",0.1641342815226073
202506,LI,PFT_21,"Return on equity (numerator annualised, denominator as average)",0.07734988941409565
202506,LT,PFT_21,"Return on equity (numerator annualised, denominator as average)",0.18006071156880943
202506,LU,PFT_21,"Return on equity (numerator annualised, denominator as average)",0.11038294085123573
202506,LV,PFT_21,"Return on equity (numerator annualised, denominator as average)",0.14700148442748637
202506,MT,PFT_21,"Return on equity (numerator annualised, denominator as average)",0.1057861182978077
202506,NL,PFT_21,"Return on equity (numerator annualised, denominator as average)",0.10396224260361611
202506,NO,PFT_21,"Return on equity (numerator annualised, denominator as average)",0.14367065989640873
202506,PL,PFT_21,"Return on equity (numerator annualised, denominator as average)",0.19183181067097343
202506,PT,PFT_21,"Return on equity (numerator annualised, denominator as average)",0.17244209549239564
202506,RO,PFT_21,"Return on equity (numerator annualised, denominator as average)",0.18553409785268557
202506,SE,PFT_21,"Return on equity (numerator annualised, denominator as average)",0.13155942547721494
202506,SI,PFT_21,"Return on equity (numerator annualised, denominator as average)",0.14730351581239912
202506,SK,PFT_21,"Return on equity (numerator annualised, denominator as average)",0.13548312707722346
202506,AT,PFT_23,Cost to income ratio,0.5482234919760516
202506,BE,PFT_23,Cost to income ratio,0.5165996839176066
202506,BG,PFT_23,Cost to income ratio,0.3156789375085942
202506,CY,PFT_23,Cost to income ratio,0.4478914487328962
202506,CZ,PFT_23,Cost to income ratio,0.4531609690367787
202506,DE,PFT_23,Cost to income ratio,0.5699991132980464
202506,DK,PFT_23,Cost to income ratio,0.4536699307804169
202506,EE,PFT_23,Cost to income ratio,0.46178979649039054
202506,ES,PFT_23,Cost to income ratio,0.42412123432391763
202506,EU,PFT_23,Cost to income ratio,0.5246030290702597
202506,FI,PFT_23,Cost to income ratio,0.45172681291127964
202506,FR,PFT_23,Cost to income ratio,0.661384406351725
202506,GR,PFT_23,Cost to income ratio,0.3550321251935686
202506,HR,PFT_23,Cost to income ratio,0.39089349422241904
202506,HU,PFT_23,Cost to income ratio,0.547124959529517
202506,IE,PFT_23,Cost to income ratio,0.5144227976510765
202506,IS,PFT_23,Cost to income ratio,0.38121251823204044
202506,IT,PFT_23,Cost to income ratio,0.45707112121262267
202506,LI,PFT_23,Cost to income ratio,0.7725657545348686
202506,LT,PFT_23,Cost to income ratio,0.4153901672480377
202506,LU,PFT_23,Cost to income ratio,0.4093693783395604
202506,LV,PFT_23,Cost to income ratio,0.4401860991280065
202506,MT,PFT_23,Cost to income ratio,0.5342474545449095
202506,NL,PFT_23,Cost to income ratio,0.539355341967588
202506,NO,PFT_23,Cost to income ratio,0.3831603721375949
202506,PL,PFT_23,Cost to income ratio,0.3477168992865674
202506,PT,PFT_23,Cost to income ratio,0.33299082351578935
202506,RO,PFT_23,Cost to income ratio,0.4655484872307921
202506,SE,PFT_23,Cost to income ratio,0.42736724639387835
202506,SI,PFT_23,Cost to income ratio,0.4917048218654577
202506,SK,PFT_23,Cost to income ratio,0.40179850554047497
202506,AT,PFT_24,Return on assets,0.008692982150475745
202506,BE,PFT_24,Return on assets,0.0063492495775607
202506,BG,PFT_24,Return on assets,0.022076095104883356
202506,CY,PFT_24,Return on assets,0.014693400939248417
202506,CZ,PFT_24,Return on assets,0.011024925317423436
202506,DE,PFT_24,Return on assets,0.004769189300969143
202506,DK,PFT_24,Return on assets,0.006882360448955471
202506,EE,PFT_24,Return on assets,0.015154860922158172
202506,ES,PFT_24,Return on assets,0.009967919100459105
202506,EU,PFT_24,Return on assets,0.0074556922674762745
202506,FI,PFT_24,Return on assets,0.009103879736439974
202506,FR,PFT_24,Return on assets,0.00453024633122187
202506,GR,PFT_24,Return on assets,0.014362782526923782
202506,HR,PFT_24,Return on assets,0.020009553509738334
202506,HU,PFT_24,Return on assets,0.02070459160163426
202506,IE,PFT_24,Return on assets,0.009952012982477937
202506,IS,PFT_24,Return on assets,0.017650472915927393
202506,IT,PFT_24,Return on assets,0.014213243859105416
202506,LI,PFT_24,Return on assets,0.007338018141200871
202506,LT,PFT_24,Return on assets,0.01232747864594874
202506,LU,PFT_24,Return on assets,0.013118840999563158
202506,LV,PFT_24,Return on assets,0.016420676852904787
202506,MT,PFT_24,Return on assets,0.008610861349332003
202506,NL,PFT_24,Return on assets,0.006450998298800089
202506,NO,PFT_24,Return on assets,0.012311706679745595
202506,PL,PFT_24,Return on assets,0.01911287860726235
202506,PT,PFT_24,Return on assets,0.01563249093054789
202506,RO,PFT_24,Return on assets,0.01725597096036685
202506,SE,PFT_24,Return on assets,0.008159431460629845
202506,SI,PFT_24,Return on assets,0.01800562581134959
202506,SK,PFT_24,Return on assets,0.01192967828330466
202506,AT,PFT_25,Net interest income to total net operating income,0.7369774451424193
202506,BE,PFT_25,Net interest income to total net operating income,0.5852317370211744
202506,BG,PFT_25,Net interest income to total net operating income,0.6911844747077754
202506,CY,PFT_25,Net interest income to total net operating income,0.7866543089457234
202506,CZ,PFT_25,Net interest income to total net operating income,0.716975897848176
202506,DE,PFT_25,Net interest income to total net operating income,0.48741799650375633
202506,DK,PFT_25,Net interest income to total net operating income,0.6321028931601516
202506,EE,PFT_25,Net interest income to total net operating income,0.8089984735866841
202506,ES,PFT_25,Net interest income to total net operating income,0.7239351105173446
202506,EU,PFT_25,Net interest income to total net operating income,0.5756984293696153
202506,FI,PFT_25,Net interest income to total net operating income,0.6713103696557253
202506,FR,PFT_25,Net interest income to total net operating income,0.39228235427924985
202506,GR,PFT_25,Net interest income to total net operating income,0.7506663271607901
202506,HR,PFT_25,Net interest income to total net operating income,0.6890429450560046
202506,HU,PFT_25,Net interest income to total net operating income,0.6401853811283965
202506,IE,PFT_25,Net interest income to total net operating income,0.6766168061144503
202506,IS,PFT_25,Net interest income to total net operating income,0.7435685736021163
202506,IT,PFT_25,Net interest income to total net operating income,0.541184716663047
202506,LI,PFT_25,Net interest income to total net operating income,0.15700581654404053
202506,LT,PFT_25,Net interest income to total net operating income,0.8905597495009469
202506,LU,PFT_25,Net interest income to total net operating income,0.7233595378437151
202506,LV,PFT_25,Net interest income to total net operating income,0.7828429097572919
202506,MT,PFT_25,Net interest income to total net operating income,0.7991505538231205
202506,NL,PFT_25,Net interest income to total net operating income,0.6766275611573435
202506,NO,PFT_25,Net interest income to total net operating income,0.7473744465723778
202506,PL,PFT_25,Net interest income to total net operating income,0.7888933292579356
202506,PT,PFT_25,Net interest income to total net operating income,0.7491319977474443
202506,RO,PFT_25,Net interest income to total net operating income,0.7314605051794248
202506,SE,PFT_25,Net interest income to total net operating income,0.6907575686013401
202506,SI,PFT_25,Net interest income to total net operating income,0.7241942020606056
202506,SK,PFT_25,Net interest income to total net operating income,0.7114226795976236
202506,AT,PFT_26,Net fee and comission income to total net operating income,0.31215849252161826
202506,BE,PFT_26,Net fee and comission income to total net operating income,0.2494925361325824
202506,BG,PFT_26,Net fee and comission income to total net operating income,0.23572944811940386
202506,CY,PFT_26,Net fee and comission income to total net operating income,0.16188863095168005
202506,CZ,PFT_26,Net fee and comission income to total net operating income,0.24342762263363651
202506,DE,PFT_26,Net fee and comission income to total net operating income,0.3092240627266304
202506,DK,PFT_26,Net fee and comission income to total net operating income,0.19198303008645018
202506,EE,PFT_26,Net fee and comission income to total net operating income,0.149858613171788
202506,ES,PFT_26,Net fee and comission income to total net operating income,0.23761572019067703
202506,EU,PFT_26,Net fee and comission income to total net operating income,0.2823595363787128
202506,FI,PFT_26,Net fee and comission income to total net operating income,0.22021768556820728
202506,FR,PFT_26,Net fee and comission income to total net operating income,0.33587631784320127
202506,GR,PFT_26,Net fee and comission income to total net operating income,0.18945846340549616
202506,HR,PFT_26,Net fee and comission income to total net operating income,0.2413235540621965
202506,HU,PFT_26,Net fee and comission income to total net operating income,0.3308278197068961
202506,IE,PFT_26,Net fee and comission income to total net operating income,0.193635361721787
202506,IS,PFT_26,Net fee and comission income to total net operating income,0.1908263655023769
202506,IT,PFT_26,Net fee and comission income to total net operating income,0.3211429036802051
202506,LI,PFT_26,Net fee and comission income to total net operating income,0.5919967876595945
202506,LT,PFT_26,Net fee and comission income to total net operating income,1.0238690448327017
202506,LU,PFT_26,Net fee and comission income to total net operating income,0.21003433358045448
202506,LV,PFT_26,Net fee and comission income to total net operating income,0.17192222407012597
202506,MT,PFT_26,Net fee and comission income to total net operating income,0.14181212175705374
202506,NL,PFT_26,Net fee and comission income to total net operating income,0.18729415644910286
202506,NO,PFT_26,Net fee and comission income to total net operating income,0.18778568789575886
202506,PL,PFT_26,Net fee and comission income to total net operating income,0.17720427335923372
202506,PT,PFT_26,Net fee and comission income to total net operating income,0.2121535355512736
202506,RO,PFT_26,Net fee and comission income to total net operating income,0.15380466217634234
202506,SE,PFT_26,Net fee and comission income to total net operating income,0.2333692858939115
202506,SI,PFT_26,Net fee and comission income to total net operating income,0.23088782964506088
202506,SK,PFT_26,Net fee and comission income to total net operating income,0.25876252878355005
202506,AT,PFT_29,Net trading income to total net operating income,-0.032295562647661834
202506,BE,PFT_29,Net trading income to total net operating income,0.025946698380872556
202506,BG,PFT_29,Net trading income to total net operating income,-0.03988941076701937
202506,CY,PFT_29,Net trading income to total net operating income,0.004916402997796258
202506,CZ,PFT_29,Net trading income to total net operating income,0.018084556541175186
202506,DE,PFT_29,Net trading income to total net operating income,0.11168120762734371
202506,DK,PFT_29,Net trading income to total net operating income,0.1089650058364508
202506,EE,PFT_29,Net trading income to total net operating income,-0.0017926411832599133
202506,ES,PFT_29,Net trading income to total net operating income,0.056067720580649794
202506,EU,PFT_29,Net trading income to total net operating income,0.07511318329606358
202506,FI,PFT_29,Net trading income to total net operating income,0.08914635684981563
202506,FR,PFT_29,Net trading income to total net operating income,0.12561257826817934
202506,GR,PFT_29,Net trading income to total net operating income,0.028039941153867504
202506,HR,PFT_29,Net trading income to total net operating income,0.0036273993562380307
202506,HU,PFT_29,Net trading income to total net operating income,-0.030255324448142613
202506,IE,PFT_29,Net trading income to total net operating income,0.04371918440263848
202506,IS,PFT_29,Net trading income to total net operating income,-0.007358075701476196
202506,IT,PFT_29,Net trading income to total net operating income,0.045276487783002244
202506,LI,PFT_29,Net trading income to total net operating income,0.1400182687641882
202506,LT,PFT_29,Net trading income to total net operating income,0.04644257395478519
202506,LU,PFT_29,Net trading income to total net operating income,-0.02550619986564033
202506,LV,PFT_29,Net trading income to total net operating income,0.012336605083676264
202506,MT,PFT_29,Net trading income to total net operating income,0.015782115419520022
202506,NL,PFT_29,Net trading income to total net operating income,0.1006766787623925
202506,NO,PFT_29,Net trading income to total net operating income,0.04320252620580407
202506,PL,PFT_29,Net trading income to total net operating income,5.6638041909944443e-05
202506,PT,PFT_29,Net trading income to total net operating income,0.02013229727711908
202506,RO,PFT_29,Net trading income to total net operating income,0.034759855094188594
202506,SE,PFT_29,Net trading income to total net operating income,0.012876024446464721
202506,SI,PFT_29,Net trading income to total net operating income,0.010569537549209166
202506,SK,PFT_29,Net trading income to total net operating income,0.01587294333675845
202506,AT,PFT_41,Net interest margin,0.022547612419850035
202506,BE,PFT_41,Net interest margin,0.014273633805835503
202506,BG,PFT_41,Net interest margin,0.0283831500295519
202506,CY,PFT_41,Net interest margin,0.029432006166817765
202506,CZ,PFT_41,Net interest margin,0.018171121478470876
202506,DE,PFT_41,Net interest margin,0.011199573870006134
202506,DK,PFT_41,Net interest margin,0.010646981251309142
202506,EE,PFT_41,Net interest margin,0.028432454261715288
202506,ES,PFT_41,Net interest margin,0.026374662075943807
202506,EU,PFT_41,Net interest margin,0.015847753772888246
202506,FI,PFT_41,Net interest margin,0.015076862018180124
202506,FR,PFT_41,Net interest margin,0.009075607105128948
202506,GR,PFT_41,Net interest margin,0.028423344847519773
202506,HR,PFT_41,Net interest margin,0.026540147213765245
202506,HU,PFT_41,Net interest margin,0.04379936972040446
202506,IE,PFT_41,Net interest margin,0.022850600682305492
202506,IS,PFT_41,Net interest margin,0.03225691059469184
202506,IT,PFT_41,Net interest margin,0.02161721590396972
202506,LI,PFT_41,Net interest margin,0.006927767852371094
202506,LT,PFT_41,Net interest margin,0.02813387355815598
202506,LU,PFT_41,Net interest margin,0.020467919238381888
202506,LV,PFT_41,Net interest margin,0.029154305778041793
202506,MT,PFT_41,Net interest margin,0.023085989661620517
202506,NL,PFT_41,Net interest margin,0.014881107575224034
202506,NO,PFT_41,Net interest margin,0.021140376674804187
202506,PL,PFT_41,Net interest margin,0.04438894626831528
202506,PT,PFT_41,Net interest margin,0.027331372302481765
202506,RO,PFT_41,Net interest margin,0.03500032020164445
202506,SE,PFT_41,Net interest margin,0.01395215747319836
202506,SI,PFT_41,Net interest margin,0.03234420951667499
202506,SK,PFT_41,Net interest margin,0.024427301456236717
202506,AT,PFT_43,Cost of risk,0.004405632844461166
202506,BE,PFT_43,Cost of risk,0.0020554720383897276
202506,BG,PFT_43,Cost of risk,0.003171846796143036
202506,CY,PFT_43,Cost of risk,0.0033568600831292883
202506,CZ,PFT_43,Cost of risk,0.0010738909549463601
202506,DE,PFT_43,Cost of risk,0.006481992151336277
202506,DK,PFT_43,Cost of risk,0.004288114454817479
202506,EE,PFT_43,Cost of risk,-0.00018127522347867204
202506,ES,PFT_43,Cost of risk,0.009972696455338836
202506,EU,PFT_43,Cost of risk,0.004808900115477445
202506,FI,PFT_43,Cost of risk,0.0008609756764123198
202506,FR,PFT_43,Cost of risk,0.004661890390974349
202506,GR,PFT_43,Cost of risk,0.006202591731458256
202506,HR,PFT_43,Cost of risk,-6.0833127367871226e-05
202506,HU,PFT_43,Cost of risk,0.008229060255689076
202506,IE,PFT_43,Cost of risk,0.003157326800293257
202506,IS,PFT_43,Cost of risk,0.0022135579487001338
202506,IT,PFT_43,Cost of risk,0.002969731002076823
202506,LI,PFT_43,Cost of risk,-0.00013916678963600825
202506,LT,PFT_43,Cost of risk,0.003622412477646721
202506,LU,PFT_43,Cost of risk,0.00206402875488623
202506,LV,PFT_43,Cost of risk,0.0012144580286624557
202506,MT,PFT_43,Cost of risk,0.0017510546507579297
202506,NL,PFT_43,Cost of risk,0.001490397472320555
202506,NO,PFT_43,Cost of risk,0.0009276318711523463
202506,PL,PFT_43,Cost of risk,0.005505084066127653
202506,PT,PFT_43,Cost of risk,0.0017156083274901472
202506,RO,PFT_43,Cost of risk,0.01965469751279491
202506,SE,PFT_43,Cost of risk,0.0009488013397513457
202506,SI,PFT_43,Cost of risk,0.005649587925162402
202506,SK,PFT_43,Cost of risk,0.00464125293110065
202506,AT,SVC_1,Tier 1 capital ratio,0.19521797110911837
202506,BE,SVC_1,Tier 1 capital ratio,0.18763745591794592
202506,BG,SVC_1,Tier 1 capital ratio,0.23126162958126795
202506,CY,SVC_1,Tier 1 capital ratio,0.2777439368739325
202506,CZ,SVC_1,Tier 1 capital ratio,0.17698329044714572
202506,DE,SVC_1,Tier 1 capital ratio,0.1882362773220148
202506,DK,SVC_1,Tier 1 capital ratio,0.18967117713143838
202506,EE,SVC_1,Tier 1 capital ratio,0.2258348959259522
202506,ES,SVC_1,Tier 1 capital ratio,0.14797270005799068
202506,EU,SVC_1,Tier 1 capital ratio,0.1777544174778154
202506,FI,SVC_1,Tier 1 capital ratio,0.1877999717019348
202506,FR,SVC_1,Tier 1 capital ratio,0.17231315002057213
202506,GR,SVC_1,Tier 1 capital ratio,0.17493249801850652
202506,HR,SVC_1,Tier 1 capital ratio,0.20025842694614343
202506,HU,SVC_1,Tier 1 capital ratio,0.18025997704368418
202506,IE,SVC_1,Tier 1 capital ratio,0.19860381899323645
202506,IT,SVC_1,Tier 1 capital ratio,0.17792567601111675
202506,LI,SVC_1,Tier 1 capital ratio,0.1924736395211471
202506,LT,SVC_1,Tier 1 capital ratio,0.21833169771330016
202506,LU,SVC_1,Tier 1 capital ratio,0.23769984615366124
202506,LV,SVC_1,Tier 1 capital ratio,0.2383465199164745
202506,MT,SVC_1,Tier 1 capital ratio,0.21558999990314529
202506,NL,SVC_1,Tier 1 capital ratio,0.18645535769991897
202506,NO,SVC_1,Tier 1 capital ratio,0.20265011833411847
202506,PL,SVC_1,Tier 1 capital ratio,0.1673768649921649
202506,PT,SVC_1,Tier 1 capital ratio,0.18606047600864487
202506,RO,SVC_1,Tier 1 capital ratio,0.20519892307360516
202506,SE,SVC_1,Tier 1 capital ratio,0.2026476967315101
202506,SI,SVC_1,Tier 1 capital ratio,0.16691911162238265
202506,SK,SVC_1,Tier 1 capital ratio,0.18839782328251772
202506,AT,SVC_13,Leverage ratio,0.08051581732123751
202506,BE,SVC_13,Leverage ratio,0.06810600386110954
202506,BG,SVC_13,Leverage ratio,0.10425941810740193
202506,CY,SVC_13,Leverage ratio,0.09432570821036557
202506,CZ,SVC_13,Leverage ratio,0.052090479750546766
202506,DE,SVC_13,Leverage ratio,0.058614144089612644
202506,DK,SVC_13,Leverage ratio,0.04816989402635591
202506,EE,SVC_13,Leverage ratio,0.08842367494742241
202506,ES,SVC_13,Leverage ratio,0.05588319892408951
202506,EU,SVC_13,Leverage ratio,0.05905729420782905
202506,FI,SVC_13,Leverage ratio,0.061317864878968856
202506,FR,SVC_13,Leverage ratio,0.054573278437012665
202506,GR,SVC_13,Leverage ratio,0.07919523595453684
202506,HR,SVC_13,Leverage ratio,0.08563221912253738
202506,HU,SVC_13,Leverage ratio,0.09541250725168475
202506,IE,SVC_13,Leverage ratio,0.07604532246150478
202506,IT,SVC_13,Leverage ratio,0.062446001732577444
202506,LI,SVC_13,Leverage ratio,0.07640595447023969
202506,LT,SVC_13,Leverage ratio,0.06177063087052694
202506,LU,SVC_13,Leverage ratio,0.09448647285853029
202506,LV,SVC_13,Leverage ratio,0.09086220832877356
202506,MT,SVC_13,Leverage ratio,0.06857225014628474
202506,NL,SVC_13,Leverage ratio,0.05607201769734599
202506,NO,SVC_13,Leverage ratio,0.06417062058663256
202506,PL,SVC_13,Leverage ratio,0.07526132856918553
202506,PT,SVC_13,Leverage ratio,0.07087262790837152
202506,RO,SVC_13,Leverage ratio,0.08512818407084373
202506,SE,SVC_13,Leverage ratio,0.053111615053129405
202506,SI,SVC_13,Leverage ratio,0.09604912551531655
202506,SK,SVC_13,Leverage ratio,0.07343806107236318
202506,AT,SVC_2,Total capital ratio,0.22240981632658668
202506,BE,SVC_2,Total capital ratio,0.21040566345636166
202506,BG,SVC_2,Total capital ratio,0.25240635555124386
202506,CY,SVC_2,Total capital ratio,0.3048756570462803
202506,CZ,SVC_2,Total capital ratio,0.18984956919946405
202506,DE,SVC_2,Total capital ratio,0.22374220383642388
202506,DK,SVC_2,Total capital ratio,0.21964574216018834
202506,EE,SVC_2,Total capital ratio,0.24411758924036137
202506,ES,SVC_2,Total capital ratio,0.17450061236466102
202506,EU,SVC_2,Total capital ratio,0.20390008724605246
202506,FI,SVC_2,Total capital ratio,0.20703167590063862
202506,FR,SVC_2,Total capital ratio,0.19599892391509088
202506,GR,SVC_2,Total capital ratio,0.20649115273804622
202506,HR,SVC_2,Total capital ratio,0.21125638649721845
202506,HU,SVC_2,Total capital ratio,0.19865981016744058
202506,IE,SVC_2,Total capital ratio,0.22063123107311758
202506,IT,SVC_2,Total capital ratio,0.2028756568814135
202506,LI,SVC_2,Total capital ratio,0.1924736395211471
202506,LT,SVC_2,Total capital ratio,0.23067349489093958
202506,LU,SVC_2,Total capital ratio,0.24086915386115146
202506,LV,SVC_2,Total capital ratio,0.25665014164062944
202506,MT,SVC_2,Total capital ratio,0.27218995159539044
202506,NL,SVC_2,Total capital ratio,0.214188776898714
202506,NO,SVC_2,Total capital ratio,0.22918225049130397
202506,PL,SVC_2,Total capital ratio,0.17852488519352055
202506,PT,SVC_2,Total capital ratio,0.20296788092416157
202506,RO,SVC_2,Total capital ratio,0.2311605084162249
202506,SE,SVC_2,Total capital ratio,0.226897674494254
202506,SI,SVC_2,Total capital ratio,0.18607158560572057
202506,SK,SVC_2,Total capital ratio,0.20083577393078864
202506,AT,SVC_3,CET 1 capital ratio,0.17707333270235318
202506,BE,SVC_3,CET 1 capital ratio,0.17047772654190735
202506,BG,SVC_3,CET 1 capital ratio,0.23126162958126795
202506,CY,SVC_3,CET 1 capital ratio,0.26571078027776823
202506,CZ,SVC_3,CET 1 capital ratio,0.17698329044714572
202506,DE,SVC_3,CET 1 capital ratio,0.1730202839070459
202506,DK,SVC_3,CET 1 capital ratio,0.17879240577958277
202506,EE,SVC_3,CET 1 capital ratio,0.2151083010335668
202506,ES,SVC_3,CET 1 capital ratio,0.1318200444970477
202506,EU,SVC_3,CET 1 capital ratio,0.1632954778210055
202506,FI,SVC_3,CET 1 capital ratio,0.17531197887684588
202506,FR,SVC_3,CET 1 capital ratio,0.1600804479561272
202506,GR,SVC_3,CET 1 capital ratio,0.16090809458102223
202506,HR,SVC_3,CET 1 capital ratio,0.19547501305157522
202506,HU,SVC_3,CET 1 capital ratio,0.1802599770436842
202506,IE,SVC_3,CET 1 capital ratio,0.18462341771198076
202506,IT,SVC_3,CET 1 capital ratio,0.1618120928975723
202506,LI,SVC_3,CET 1 capital ratio,0.1924736395211471
202506,LT,SVC_3,CET 1 capital ratio,0.21575698783704095
202506,LU,SVC_3,CET 1 capital ratio,0.2353312307456699
202506,LV,SVC_3,CET 1 capital ratio,0.2383465199164745
202506,MT,SVC_3,CET 1 capital ratio,0.21558999990314529
202506,NL,SVC_3,CET 1 capital ratio,0.16387171104209652
202506,NO,SVC_3,CET 1 capital ratio,0.1842211896878699
202506,PL,SVC_3,CET 1 capital ratio,0.1673768649921649
202506,PT,SVC_3,CET 1 capital ratio,0.17587421869545186
202506,RO,SVC_3,CET 1 capital ratio,0.19443643346928477
202506,SE,SVC_3,CET 1 capital ratio,0.18710812895620374
202506,SI,SVC_3,CET 1 capital ratio,0.1643681121861345
202506,SK,SVC_3,CET 1 capital ratio,0.16900960947817179
202509,AT,AQT_3.1,Non-performing debt instruments (loans and advances & debt securities) other than held for trading to total gross debt instruments (NPE ratio),0.018757231734460124
202509,BE,AQT_3.1,Non-performing debt instruments (loans and advances & debt securities) other than held for trading to total gross debt instruments (NPE ratio),0.011785209315794808
202509,BG,AQT_3.1,Non-performing debt instruments (loans and advances & debt securities) other than held for trading to total gross debt instruments (NPE ratio),0.014845565010970705
202509,CY,AQT_3.1,Non-performing debt instruments (loans and advances & debt securities) other than held for trading to total gross debt instruments (NPE ratio),0.007021879931442382
202509,CZ,AQT_3.1,Non-performing debt instruments (loans and advances & debt securities) other than held for trading to total gross debt instruments (NPE ratio),0.00845710547432173
202509,DE,AQT_3.1,Non-performing debt instruments (loans and advances & debt securities) other than held for trading to total gross debt instruments (NPE ratio),0.014036703647813422
202509,DK,AQT_3.1,Non-performing debt instruments (loans and advances & debt securities) other than held for trading to total gross debt instruments (NPE ratio),0.010839427430427316
202509,EE,AQT_3.1,Non-performing debt instruments (loans and advances & debt securities) other than held for trading to total gross debt instruments (NPE ratio),0.00722061866206446
202509,ES,AQT_3.1,Non-performing debt instruments (loans and advances & debt securities) other than held for trading to total gross debt instruments (NPE ratio),0.021678853650418918
202509,EU,AQT_3.1,Non-performing debt instruments (loans and advances & debt securities) other than held for trading to total gross debt instruments (NPE ratio),0.016020453979097182
202509,FI,AQT_3.1,Non-performing debt instruments (loans and advances & debt securities) other than held for trading to total gross debt instruments (NPE ratio),0.010186965202850189
202509,FR,AQT_3.1,Non-performing debt instruments (loans and advances & debt securities) other than held for trading to total gross debt instruments (NPE ratio),0.01899710987018106
202509,GR,AQT_3.1,Non-performing debt instruments (loans and advances & debt securities) other than held for trading to total gross debt instruments (NPE ratio),0.01974841247948459
202509,HR,AQT_3.1,Non-performing debt instruments (loans and advances & debt securities) other than held for trading to total gross debt instruments (NPE ratio),0.014585920607507224
202509,HU,AQT_3.1,Non-performing debt instruments (loans and advances & debt securities) other than held for trading to total gross debt instruments (NPE ratio),0.0211627252540871
202509,IE,AQT_3.1,Non-performing debt instruments (loans and advances & debt securities) other than held for trading to total gross debt instruments (NPE ratio),0.010937607881559147
202509,IS,AQT_3.1,Non-performing debt instruments (loans and advances & debt securities) other than held for trading to total gross debt instruments (NPE ratio),0.015550309802355047
202509,IT,AQT_3.1,Non-performing debt instruments (loans and advances & debt securities) other than held for trading to total gross debt instruments (NPE ratio),0.017329740126033926
202509,LI,AQT_3.1,Non-performing debt instruments (loans and advances & debt securities) other than held for trading to total gross debt instruments (NPE ratio),0.0034369273417768787
202509,LT,AQT_3.1,Non-performing debt instruments (loans and advances & debt securities) other than held for trading to total gross debt instruments (NPE ratio),0.0035275215136979284
202509,LU,AQT_3.1,Non-performing debt instruments (loans and advances & debt securities) other than held for trading to total gross debt instruments (NPE ratio),0.014727430612439363
202509,LV,AQT_3.1,Non-performing debt instruments (loans and advances & debt securities) other than held for trading to total gross debt instruments (NPE ratio),0.004157843680435132
202509,MT,AQT_3.1,Non-performing debt instruments (loans and advances & debt securities) other than held for trading to total gross debt instruments (NPE ratio),0.009406460669417615
202509,NL,AQT_3.1,Non-performing debt instruments (loans and advances & debt securities) other than held for trading to total gross debt instruments (NPE ratio),0.01203889303285676
202509,NO,AQT_3.1,Non-performing debt instruments (loans and advances & debt securities) other than held for trading to total gross debt instruments (NPE ratio),0.007584998130022588
202509,PL,AQT_3.1,Non-performing debt instruments (loans and advances & debt securities) other than held for trading to total gross debt instruments (NPE ratio),0.023390685340430793
202509,PT,AQT_3.1,Non-performing debt instruments (loans and advances & debt securities) other than held for trading to total gross debt instruments (NPE ratio),0.015550119999238719
202509,RO,AQT_3.1,Non-performing debt instruments (loans and advances & debt securities) other than held for trading to total gross debt instruments (NPE ratio),0.022702913345925127
202509,SE,AQT_3.1,Non-performing debt instruments (loans and advances & debt securities) other than held for trading to total gross debt instruments (NPE ratio),0.0030717539729246566
202509,SI,AQT_3.1,Non-performing debt instruments (loans and advances & debt securities) other than held for trading to total gross debt instruments (NPE ratio),0.01355967437750752
202509,SK,AQT_3.1,Non-performing debt instruments (loans and advances & debt securities) other than held for trading to total gross debt instruments (NPE ratio),0.015706142848157204
202509,AT,AQT_3.2,"Share of non‐performing loans and advances
(NPL ratio)",0.022994320360639
202509,BE,AQT_3.2,"Share of non‐performing loans and advances
(NPL ratio)",0.012956702794662177
202509,BG,AQT_3.2,"Share of non‐performing loans and advances
(NPL ratio)",0.01780944131508772
202509,CY,AQT_3.2,"Share of non‐performing loans and advances
(NPL ratio)",0.00921360410016259
202509,CZ,AQT_3.2,"Share of non‐performing loans and advances
(NPL ratio)",0.010124983980954317
202509,DE,AQT_3.2,"Share of non‐performing loans and advances
(NPL ratio)",0.015623380923815407
202509,DK,AQT_3.2,"Share of non‐performing loans and advances
(NPL ratio)",0.011891304559098705
202509,EE,AQT_3.2,"Share of non‐performing loans and advances
(NPL ratio)",0.007731713224437306
202509,ES,AQT_3.2,"Share of non‐performing loans and advances
(NPL ratio)",0.025282394978860947
202509,EU,AQT_3.2,"Share of non‐performing loans and advances
(NPL ratio)",0.018390624268068013
202509,FI,AQT_3.2,"Share of non‐performing loans and advances
(NPL ratio)",0.011641694346984557
202509,FR,AQT_3.2,"Share of non‐performing loans and advances
(NPL ratio)",0.021235252185565906
202509,GR,AQT_3.2,"Share of non‐performing loans and advances
(NPL ratio)",0.026599602545945483
202509,HR,AQT_3.2,"Share of non‐performing loans and advances
(NPL ratio)",0.018076898537061847
202509,HU,AQT_3.2,"Share of non‐performing loans and advances
(NPL ratio)",0.025957923809905702
202509,IE,AQT_3.2,"Share of non‐performing loans and advances
(NPL ratio)",0.0130568372497232
202509,IS,AQT_3.2,"Share of non‐performing loans and advances
(NPL ratio)",0.017035182847336735
202509,IT,AQT_3.2,"Share of non‐performing loans and advances
(NPL ratio)",0.022254637355562108
202509,LI,AQT_3.2,"Share of non‐performing loans and advances
(NPL ratio)",0.003997819602886996
202509,LT,AQT_3.2,"Share of non‐performing loans and advances
(NPL ratio)",0.004258054670176065
202509,LU,AQT_3.2,"Share of non‐performing loans and advances
(NPL ratio)",0.01809384348046825
202509,LV,AQT_3.2,"Share of non‐performing loans and advances
(NPL ratio)",0.004527861275322217
202509,MT,AQT_3.2,"Share of non‐performing loans and advances
(NPL ratio)",0.015518272802517875
202509,NL,AQT_3.2,"Share of non‐performing loans and advances
(NPL ratio)",0.013315291700468862
202509,NO,AQT_3.2,"Share of non‐performing loans and advances
(NPL ratio)",0.00855606910799762
202509,PL,AQT_3.2,"Share of non‐performing loans and advances
(NPL ratio)",0.03679187257492886
202509,PT,AQT_3.2,"Share of non‐performing loans and advances
(NPL ratio)",0.020498437028605144
202509,RO,AQT_3.2,"Share of non‐performing loans and advances
(NPL ratio)",0.03355246354655951
202509,SE,AQT_3.2,"Share of non‐performing loans and advances
(NPL ratio)",0.0033649228325791014
202509,SI,AQT_3.2,"Share of non‐performing loans and advances
(NPL ratio)",0.018084124094085916
202509,SK,AQT_3.2,"Share of non‐performing loans and advances
(NPL ratio)",0.01947340041581439
202509,AT,AQT_41.2,Coverage ratio of non-performing loans and advances,0.4103829631725443
202509,BE,AQT_41.2,Coverage ratio of non-performing loans and advances,0.45811811338606445
202509,BG,AQT_41.2,Coverage ratio of non-performing loans and advances,0.5960095912382742
202509,CY,AQT_41.2,Coverage ratio of non-performing loans and advances,0.5193317483211968
202509,CZ,AQT_41.2,Coverage ratio of non-performing loans and advances,0.5102381950195435
202509,DE,AQT_41.2,Coverage ratio of non-performing loans and advances,0.3435712630178477
202509,DK,AQT_41.2,Coverage ratio of non-performing loans and advances,0.2591071311275578
202509,EE,AQT_41.2,Coverage ratio of non-performing loans and advances,0.2707575134112134
202509,ES,AQT_41.2,Coverage ratio of non-performing loans and advances,0.46292936027966025
202509,EU,AQT_41.2,Coverage ratio of non-performing loans and advances,0.4193277044627672
202509,FI,AQT_41.2,Coverage ratio of non-performing loans and advances,0.22705562989912645
202509,FR,AQT_41.2,Coverage ratio of non-performing loans and advances,0.4425443874044265
202509,GR,AQT_41.2,Coverage ratio of non-performing loans and advances,0.4209613697287658
202509,HR,AQT_41.2,Coverage ratio of non-performing loans and advances,0.6526294365470541
202509,HU,AQT_41.2,Coverage ratio of non-performing loans and advances,0.6123337510886752
202509,IE,AQT_41.2,Coverage ratio of non-performing loans and advances,0.31326544514281707
202509,IS,AQT_41.2,Coverage ratio of non-performing loans and advances,0.21639186144500155
202509,IT,AQT_41.2,Coverage ratio of non-performing loans and advances,0.5262771886596771
202509,LI,AQT_41.2,Coverage ratio of non-performing loans and advances,0.30137891682384954
202509,LT,AQT_41.2,Coverage ratio of non-performing loans and advances,0.3841967739702084
202509,LU,AQT_41.2,Coverage ratio of non-performing loans and advances,0.42270103824545524
202509,LV,AQT_41.2,Coverage ratio of non-performing loans and advances,0.34247049754501263
202509,MT,AQT_41.2,Coverage ratio of non-performing loans and advances,0.34059809035116867
202509,NL,AQT_41.2,Coverage ratio of non-performing loans and advances,0.2519782086538795
202509,NO,AQT_41.2,Coverage ratio of non-performing loans and advances,0.22115246583608772
202509,PL,AQT_41.2,Coverage ratio of non-performing loans and advances,0.4998313639407937
202509,PT,AQT_41.2,Coverage ratio of non-performing loans and advances,0.6047056703963943
202509,RO,AQT_41.2,Coverage ratio of non-performing loans and advances,0.663455068549198
202509,SE,AQT_41.2,Coverage ratio of non-performing loans and advances,0.24892947630599543
202509,SI,AQT_41.2,Coverage ratio of non-performing loans and advances,0.5849808576329619
202509,SK,AQT_41.2,Coverage ratio of non-performing loans and advances,0.5413683449200724
202509,AT,AQT_42.2,Forbearance ratio - Loans and advances (gross amount) (FBL),0.02072816845535208
202509,BE,AQT_42.2,Forbearance ratio - Loans and advances (gross amount) (FBL),0.006846173502154084
202509,BG,AQT_42.2,Forbearance ratio - Loans and advances (gross amount) (FBL),0.01485833476709323
202509,CY,AQT_42.2,Forbearance ratio - Loans and advances (gross amount) (FBL),0.015040571898679325
202509,CZ,AQT_42.2,Forbearance ratio - Loans and advances (gross amount) (FBL),0.005746291516896404
202509,DE,AQT_42.2,Forbearance ratio - Loans and advances (gross amount) (FBL),0.01773014600405057
202509,DK,AQT_42.2,Forbearance ratio - Loans and advances (gross amount) (FBL),0.003972669651232374
202509,EE,AQT_42.2,Forbearance ratio - Loans and advances (gross amount) (FBL),0.012166687220948779
202509,ES,AQT_42.2,Forbearance ratio - Loans and advances (gross amount) (FBL),0.017924664069324782
202509,EU,AQT_42.2,Forbearance ratio - Loans and advances (gross amount) (FBL),0.013869574207766982
202509,FI,AQT_42.2,Forbearance ratio - Loans and advances (gross amount) (FBL),0.015084260899607365
202509,FR,AQT_42.2,Forbearance ratio - Loans and advances (gross amount) (FBL),0.011647092920715849
202509,GR,AQT_42.2,Forbearance ratio - Loans and advances (gross amount) (FBL),0.021612557513059943
202509,HR,AQT_42.2,Forbearance ratio - Loans and advances (gross amount) (FBL),0.015231152563390724
202509,HU,AQT_42.2,Forbearance ratio - Loans and advances (gross amount) (FBL),0.014087025426661855
202509,IE,AQT_42.2,Forbearance ratio - Loans and advances (gross amount) (FBL),0.014559973223835563
202509,IS,AQT_42.2,Forbearance ratio - Loans and advances (gross amount) (FBL),0.021883776385730712
202509,IT,AQT_42.2,Forbearance ratio - Loans and advances (gross amount) (FBL),0.01644439082002839
202509,LI,AQT_42.2,Forbearance ratio - Loans and advances (gross amount) (FBL),0.002732019725830532
202509,LT,AQT_42.2,Forbearance ratio - Loans and advances (gross amount) (FBL),0.003614506441595411
202509,LU,AQT_42.2,Forbearance ratio - Loans and advances (gross amount) (FBL),0.009001468659200164
202509,LV,AQT_42.2,Forbearance ratio - Loans and advances (gross amount) (FBL),0.008875139127013978
202509,MT,AQT_42.2,Forbearance ratio - Loans and advances (gross amount) (FBL),0.01705898253610451
202509,NL,AQT_42.2,Forbearance ratio - Loans and advances (gross amount) (FBL),0.013728470722035967
202509,NO,AQT_42.2,Forbearance ratio - Loans and advances (gross amount) (FBL),0.009299356411578998
202509,PL,AQT_42.2,Forbearance ratio - Loans and advances (gross amount) (FBL),0.015673588363700957
202509,PT,AQT_42.2,Forbearance ratio - Loans and advances (gross amount) (FBL),0.01760617917268971
202509,RO,AQT_42.2,Forbearance ratio - Loans and advances (gross amount) (FBL),0.014453014622595852
202509,SE,AQT_42.2,Forbearance ratio - Loans and advances (gross amount) (FBL),0.005001788334740769
202509,SI,AQT_42.2,Forbearance ratio - Loans and advances (gross amount) (FBL),0.015965109420537398
202509,SK,AQT_42.2,Forbearance ratio - Loans and advances (gross amount) (FBL),0.015166429762227845
202509,AT,FND_32,Loans and advances-to-deposits ratio for households and non-financial corporations,0.9953693553928046
202509,BE,FND_32,Loans and advances-to-deposits ratio for households and non-financial corporations,1.0311401959717548
202509,BG,FND_32,Loans and advances-to-deposits ratio for households and non-financial corporations,0.7980163768319689
202509,CY,FND_32,Loans and advances-to-deposits ratio for households and non-financial corporations,0.4733711822905525
202509,CZ,FND_32,Loans and advances-to-deposits ratio for households and non-financial corporations,0.8907832854594426
202509,DE,FND_32,Loans and advances-to-deposits ratio for households and non-financial corporations,1.1281881228331332
202509,DK,FND_32,Loans and advances-to-deposits ratio for households and non-financial corporations,2.9335094024460044
202509,EE,FND_32,Loans and advances-to-deposits ratio for households and non-financial corporations,1.0603220596748135
202509,ES,FND_32,Loans and advances-to-deposits ratio for households and non-financial corporations,0.9757448653365616
202509,EU,FND_32,Loans and advances-to-deposits ratio for households and non-financial corporations,1.0580240726098606
202509,FI,FND_32,Loans and advances-to-deposits ratio for households and non-financial corporations,1.6388923012640846
202509,FR,FND_32,Loans and advances-to-deposits ratio for households and non-financial corporations,1.0438013007607696
202509,GR,FND_32,Loans and advances-to-deposits ratio for households and non-financial corporations,0.6238893772625048
202509,HR,FND_32,Loans and advances-to-deposits ratio for households and non-financial corporations,0.7160610395980886
202509,HU,FND_32,Loans and advances-to-deposits ratio for households and non-financial corporations,0.8047822141248568
202509,IE,FND_32,Loans and advances-to-deposits ratio for households and non-financial corporations,0.688993908437916
202509,IS,FND_32,Loans and advances-to-deposits ratio for households and non-financial corporations,1.6663086968422958
202509,IT,FND_32,Loans and advances-to-deposits ratio for households and non-financial corporations,0.8879657228422159
202509,LI,FND_32,Loans and advances-to-deposits ratio for households and non-financial corporations,0.7452470322961808
202509,LT,FND_32,Loans and advances-to-deposits ratio for households and non-financial corporations,0.360453503786708
202509,LU,FND_32,Loans and advances-to-deposits ratio for households and non-financial corporations,1.2142089266188871
202509,LV,FND_32,Loans and advances-to-deposits ratio for households and non-financial corporations,0.7604208300066202
202509,MT,FND_32,Loans and advances-to-deposits ratio for households and non-financial corporations,0.5919257243091183
202509,NL,FND_32,Loans and advances-to-deposits ratio for households and non-financial corporations,1.0911306710544821
202509,NO,FND_32,Loans and advances-to-deposits ratio for households and non-financial corporations,1.6810088235120193
202509,PL,FND_32,Loans and advances-to-deposits ratio for households and non-financial corporations,0.7165531779492829
202509,PT,FND_32,Loans and advances-to-deposits ratio for households and non-financial corporations,0.7004719993714389
202509,RO,FND_32,Loans and advances-to-deposits ratio for households and non-financial corporations,0.6469897649476923
202509,SE,FND_32,Loans and advances-to-deposits ratio for households and non-financial corporations,1.7090607772426232
202509,SI,FND_32,Loans and advances-to-deposits ratio for households and non-financial corporations,0.7313955522655435
202509,SK,FND_32,Loans and advances-to-deposits ratio for households and non-financial corporations,1.1147749954924129
202509,AT,FND_33,Asset encumbrance ratio,0.18924360132301934
202509,BE,FND_33,Asset encumbrance ratio,0.11180465734897267
202509,BG,FND_33,Asset encumbrance ratio,0.032467656473782455
202509,CY,FND_33,Asset encumbrance ratio,0.0718815493629514
202509,CZ,FND_33,Asset encumbrance ratio,0.1261937308831533
202509,DE,FND_33,Asset encumbrance ratio,0.3195127679420377
202509,DK,FND_33,Asset encumbrance ratio,0.518435678935242
202509,EE,FND_33,Asset encumbrance ratio,0.0391497091027338
202509,ES,FND_33,Asset encumbrance ratio,0.1838683550662133
202509,EU,FND_33,Asset encumbrance ratio,0.24825540403918292
202509,FI,FND_33,Asset encumbrance ratio,0.2959176271426027
202509,FR,FND_33,Asset encumbrance ratio,0.2882052269907811
202509,GR,FND_33,Asset encumbrance ratio,0.07976478589221687
202509,HR,FND_33,Asset encumbrance ratio,0.014554171537559609
202509,HU,FND_33,Asset encumbrance ratio,0.07095887059180742
202509,IE,FND_33,Asset encumbrance ratio,0.24297044730824482
202509,IS,FND_33,Asset encumbrance ratio,0.18601911262895
202509,IT,FND_33,Asset encumbrance ratio,0.21172761429781045
202509,LI,FND_33,Asset encumbrance ratio,0.05351227330958501
202509,LT,FND_33,Asset encumbrance ratio,0.011020905476866951
202509,LU,FND_33,Asset encumbrance ratio,0.07755113646500483
202509,LV,FND_33,Asset encumbrance ratio,0.0059032803729676085
202509,MT,FND_33,Asset encumbrance ratio,0.05107528344639481
202509,NL,FND_33,Asset encumbrance ratio,0.15578248670326608
202509,NO,FND_33,Asset encumbrance ratio,0.18613745619351824
202509,PL,FND_33,Asset encumbrance ratio,0.024227880995944313
202509,PT,FND_33,Asset encumbrance ratio,0.07394818348958082
202509,RO,FND_33,Asset encumbrance ratio,0.01961712817864577
202509,SE,FND_33,Asset encumbrance ratio,0.20163138888294393
202509,SI,FND_33,Asset encumbrance ratio,0.032149281643986456
202509,SK,FND_33,Asset encumbrance ratio,0.1864210364147331
202509,AT,LIQ_17,Liquidity coverage ratio,1.5836707015397602
202509,BE,LIQ_17,Liquidity coverage ratio,1.9175988961133599
202509,BG,LIQ_17,Liquidity coverage ratio,2.135789110863096
202509,CY,LIQ_17,Liquidity coverage ratio,3.2893129297049115
202509,CZ,LIQ_17,Liquidity coverage ratio,1.376214478867573
202509,DE,LIQ_17,Liquidity coverage ratio,1.4697324588202083
202509,DK,LIQ_17,Liquidity coverage ratio,1.9828812016176554
202509,EE,LIQ_17,Liquidity coverage ratio,1.7598735620539716
202509,ES,LIQ_17,Liquidity coverage ratio,1.6442974218396054
202509,EU,LIQ_17,Liquidity coverage ratio,1.6065428508849624
202509,FI,LIQ_17,Liquidity coverage ratio,1.6256892878875244
202509,FR,LIQ_17,Liquidity coverage ratio,1.4623288489652992
202509,GR,LIQ_17,Liquidity coverage ratio,2.07332357432823
202509,HR,LIQ_17,Liquidity coverage ratio,2.112498172977507
202509,HU,LIQ_17,Liquidity coverage ratio,2.060023735172362
202509,IE,LIQ_17,Liquidity coverage ratio,1.717141607906351
202509,IS,LIQ_17,Liquidity coverage ratio,2.118068424848574
202509,IT,LIQ_17,Liquidity coverage ratio,1.6767049131637348
202509,LI,LIQ_17,Liquidity coverage ratio,1.7770041911541812
202509,LT,LIQ_17,Liquidity coverage ratio,3.884939311618507
202509,LU,LIQ_17,Liquidity coverage ratio,1.5398752530728228
202509,LV,LIQ_17,Liquidity coverage ratio,2.0317285864462695
202509,MT,LIQ_17,Liquidity coverage ratio,3.670250124706357
202509,NL,LIQ_17,Liquidity coverage ratio,1.5230917668404393
202509,NO,LIQ_17,Liquidity coverage ratio,1.3213366468714622
202509,PL,LIQ_17,Liquidity coverage ratio,2.3579888686813146
202509,PT,LIQ_17,Liquidity coverage ratio,2.466258823803487
202509,RO,LIQ_17,Liquidity coverage ratio,2.682352575286225
202509,SE,LIQ_17,Liquidity coverage ratio,1.6670806767595834
202509,SI,LIQ_17,Liquidity coverage ratio,2.5088663361652386
202509,SK,LIQ_17,Liquidity coverage ratio,1.5965407033352728
202509,AT,LIQ_20,Net Stable Funding Ratio,1.3800048532557099
202509,BE,LIQ_20,Net Stable Funding Ratio,1.29248214297556
202509,BG,LIQ_20,Net Stable Funding Ratio,1.640641106334655
202509,CY,LIQ_20,Net Stable Funding Ratio,1.9057642829113939
202509,CZ,LIQ_20,Net Stable Funding Ratio,1.5336733787952324
202509,DE,LIQ_20,Net Stable Funding Ratio,1.2208416798886403
202509,DK,LIQ_20,Net Stable Funding Ratio,1.247947537888128
202509,EE,LIQ_20,Net Stable Funding Ratio,1.3855850071801832
202509,ES,LIQ_20,Net Stable Funding Ratio,1.3285699657847234
202509,EU,LIQ_20,Net Stable Funding Ratio,1.2674061738841311
202509,FI,LIQ_20,Net Stable Funding Ratio,1.2416073685354687
202509,FR,LIQ_20,Net Stable Funding Ratio,1.1512726543193519
202509,GR,LIQ_20,Net Stable Funding Ratio,1.3630446603618858
202509,HR,LIQ_20,Net Stable Funding Ratio,1.710498041425901
202509,HU,LIQ_20,Net Stable Funding Ratio,1.4644657588395966
202509,IE,LIQ_20,Net Stable Funding Ratio,1.5979528278096293
202509,IS,LIQ_20,Net Stable Funding Ratio,1.2762193471722545
202509,IT,LIQ_20,Net Stable Funding Ratio,1.318182683570641
202509,LI,LIQ_20,Net Stable Funding Ratio,1.5494652828032278
202509,LT,LIQ_20,Net Stable Funding Ratio,1.8007018935894519
202509,LU,LIQ_20,Net Stable Funding Ratio,1.245301085668393
202509,LV,LIQ_20,Net Stable Funding Ratio,1.324119539875245
202509,MT,LIQ_20,Net Stable Funding Ratio,1.8701002150710688
202509,NL,LIQ_20,Net Stable Funding Ratio,1.3442147659432082
202509,NO,LIQ_20,Net Stable Funding Ratio,1.183103601838098
202509,PL,LIQ_20,Net Stable Funding Ratio,1.578767171698252
202509,PT,LIQ_20,Net Stable Funding Ratio,1.560625384568516
202509,RO,LIQ_20,Net Stable Funding Ratio,2.0087433433821706
202509,SE,LIQ_20,Net Stable Funding Ratio,1.2414856245694268
202509,SI,LIQ_20,Net Stable Funding Ratio,1.64567947787226
202509,SK,LIQ_20,Net Stable Funding Ratio,1.3141700519349078
202509,AT,PFT_21,"Return on equity (numerator annualised, denominator as average)",0.10502843881343443
202509,BE,PFT_21,"Return on equity (numerator annualised, denominator as average)",0.09735465146969773
202509,BG,PFT_21,"Return on equity (numerator annualised, denominator as average)",0.17443038372029476
202509,CY,PFT_21,"Return on equity (numerator annualised, denominator as average)",0.12953022530158226
202509,CZ,PFT_21,"Return on equity (numerator annualised, denominator as average)",0.1630742978273095
202509,DE,PFT_21,"Return on equity (numerator annualised, denominator as average)",0.07348354698393203
202509,DK,PFT_21,"Return on equity (numerator annualised, denominator as average)",0.11892792538346394
202509,EE,PFT_21,"Return on equity (numerator annualised, denominator as average)",0.14438105375412708
202509,ES,PFT_21,"Return on equity (numerator annualised, denominator as average)",0.14899647649330436
202509,EU,PFT_21,"Return on equity (numerator annualised, denominator as average)",0.10656253077847896
202509,FI,PFT_21,"Return on equity (numerator annualised, denominator as average)",0.1315603536546958
202509,FR,PFT_21,"Return on equity (numerator annualised, denominator as average)",0.06924508108358858
202509,GR,PFT_21,"Return on equity (numerator annualised, denominator as average)",0.12969186608673508
202509,HR,PFT_21,"Return on equity (numerator annualised, denominator as average)",0.16940826825395433
202509,HU,PFT_21,"Return on equity (numerator annualised, denominator as average)",0.19577724636213167
202509,IE,PFT_21,"Return on equity (numerator annualised, denominator as average)",0.1107211757566902
202509,IS,PFT_21,"Return on equity (numerator annualised, denominator as average)",0.1311289260375108
202509,IT,PFT_21,"Return on equity (numerator annualised, denominator as average)",0.152594220757168
202509,LI,PFT_21,"Return on equity (numerator annualised, denominator as average)",0.07608746505781055
202509,LT,PFT_21,"Return on equity (numerator annualised, denominator as average)",0.18105233229087148
202509,LU,PFT_21,"Return on equity (numerator annualised, denominator as average)",0.10297023327901728
202509,LV,PFT_21,"Return on equity (numerator annualised, denominator as average)",0.14671573892239415
202509,MT,PFT_21,"Return on equity (numerator annualised, denominator as average)",0.10214586897956118
202509,NL,PFT_21,"Return on equity (numerator annualised, denominator as average)",0.10604715018325342
202509,NO,PFT_21,"Return on equity (numerator annualised, denominator as average)",0.14077121545521995
202509,PL,PFT_21,"Return on equity (numerator annualised, denominator as average)",0.19718740527761003
202509,PT,PFT_21,"Return on equity (numerator annualised, denominator as average)",0.17083604766738322
202509,RO,PFT_21,"Return on equity (numerator annualised, denominator as average)",0.1973591428229339
202509,SE,PFT_21,"Return on equity (numerator annualised, denominator as average)",0.13050257564095563
202509,SI,PFT_21,"Return on equity (numerator annualised, denominator as average)",0.14727915452356513
202509,SK,PFT_21,"Return on equity (numerator annualised, denominator as average)",0.1371204856481527
202509,AT,PFT_23,Cost to income ratio,0.5291378190915744
202509,BE,PFT_23,Cost to income ratio,0.5031372995731215
202509,BG,PFT_23,Cost to income ratio,0.31509219635257096
202509,CY,PFT_23,Cost to income ratio,0.4408002316697039
202509,CZ,PFT_23,Cost to income ratio,0.4533085601715474
202509,DE,PFT_23,Cost to income ratio,0.5757652735737869
202509,DK,PFT_23,Cost to income ratio,0.44875645457196345
202509,EE,PFT_23,Cost to income ratio,0.462034531014469
202509,ES,PFT_23,Cost to income ratio,0.4232519111164785
202509,EU,PFT_23,Cost to income ratio,0.523055009282966
202509,FI,PFT_23,Cost to income ratio,0.4530683911898134
202509,FR,PFT_23,Cost to income ratio,0.6566873906294827
202509,GR,PFT_23,Cost to income ratio,0.3648812879753917
202509,HR,PFT_23,Cost to income ratio,0.3894789971834432
202509,HU,PFT_23,Cost to income ratio,0.515604016982648
202509,IE,PFT_23,Cost to income ratio,0.5086106613389061
202509,IS,PFT_23,Cost to income ratio,0.3622569537941505
202509,IT,PFT_23,Cost to income ratio,0.4627137901065402
202509,LI,PFT_23,Cost to income ratio,0.7725482630086629
202509,LT,PFT_23,Cost to income ratio,0.41100605861463596
202509,LU,PFT_23,Cost to income ratio,0.41388279604291106
202509,LV,PFT_23,Cost to income ratio,0.4361005338692447
202509,MT,PFT_23,Cost to income ratio,0.5409917254962987
202509,NL,PFT_23,Cost to income ratio,0.5352688478388941
202509,NO,PFT_23,Cost to income ratio,0.38339238700405753
202509,PL,PFT_23,Cost to income ratio,0.3465512260244396
202509,PT,PFT_23,Cost to income ratio,0.32982259690409865
202509,RO,PFT_23,Cost to income ratio,0.45163902323151073
202509,SE,PFT_23,Cost to income ratio,0.4252085960363699
202509,SI,PFT_23,Cost to income ratio,0.4852274711601125
202509,SK,PFT_23,Cost to income ratio,0.39626451680684194
202509,AT,PFT_24,Return on assets,0.010005283006647265
202509,BE,PFT_24,Return on assets,0.007133175953808878
202509,BG,PFT_24,Return on assets,0.02142020662763635
202509,CY,PFT_24,Return on assets,0.013750459532877147
202509,CZ,PFT_24,Return on assets,0.011273853333283113
202509,DE,PFT_24,Return on assets,0.004890563248026195
202509,DK,PFT_24,Return on assets,0.006945793148390058
202509,EE,PFT_24,Return on assets,0.015256818484891924
202509,ES,PFT_24,Return on assets,0.009833756057922898
202509,EU,PFT_24,Return on assets,0.0074627809122542665
202509,FI,PFT_24,Return on assets,0.00906094721237774
202509,FR,PFT_24,Return on assets,0.004468894040161411
202509,GR,PFT_24,Return on assets,0.013778461357661677
202509,HR,PFT_24,Return on assets,0.01885237432513561
202509,HU,PFT_24,Return on assets,0.023288557410218885
202509,IE,PFT_24,Return on assets,0.010979814574004957
202509,IS,PFT_24,Return on assets,0.017995700595425275
202509,IT,PFT_24,Return on assets,0.013388436716935636
202509,LI,PFT_24,Return on assets,0.007249483288695913
202509,LT,PFT_24,Return on assets,0.01222491613593862
202509,LU,PFT_24,Return on assets,0.012237405358425631
202509,LV,PFT_24,Return on assets,0.01660621231105434
202509,MT,PFT_24,Return on assets,0.008346378994855134
202509,NL,PFT_24,Return on assets,0.0065691920494389475
202509,NO,PFT_24,Return on assets,0.01230008292752498
202509,PL,PFT_24,Return on assets,0.020202254704156253
202509,PT,PFT_24,Return on assets,0.015618663352757186
202509,RO,PFT_24,Return on assets,0.018771172727270302
202509,SE,PFT_24,Return on assets,0.008241716456826935
202509,SI,PFT_24,Return on assets,0.018158626751675382
202509,SK,PFT_24,Return on assets,0.012139351404548367
202509,AT,PFT_25,Net interest income to total net operating income,0.7156336925630429
202509,BE,PFT_25,Net interest income to total net operating income,0.5896362578518938
202509,BG,PFT_25,Net interest income to total net operating income,0.689459422593123
202509,CY,PFT_25,Net interest income to total net operating income,0.78029399120275
202509,CZ,PFT_25,Net interest income to total net operating income,0.7173248574941365
202509,DE,PFT_25,Net interest income to total net operating income,0.4980331883728377
202509,DK,PFT_25,Net interest income to total net operating income,0.6329106895101705
202509,EE,PFT_25,Net interest income to total net operating income,0.8064918250787847
202509,ES,PFT_25,Net interest income to total net operating income,0.723360494762606
202509,EU,PFT_25,Net interest income to total net operating income,0.5808568366165554
202509,FI,PFT_25,Net interest income to total net operating income,0.671773219521519
202509,FR,PFT_25,Net interest income to total net operating income,0.4046950354414531
202509,GR,PFT_25,Net interest income to total net operating income,0.7546100802313344
202509,HR,PFT_25,Net interest income to total net operating income,0.6901949618811336
202509,HU,PFT_25,Net interest income to total net operating income,0.6408901655450859
202509,IE,PFT_25,Net interest income to total net operating income,0.6758841821949099
202509,IS,PFT_25,Net interest income to total net operating income,0.7395300936497866
202509,IT,PFT_25,Net interest income to total net operating income,0.5472432335577532
202509,LI,PFT_25,Net interest income to total net operating income,0.15132900359052878
202509,LT,PFT_25,Net interest income to total net operating income,0.8840685541355182
202509,LU,PFT_25,Net interest income to total net operating income,0.7305907438777245
202509,LV,PFT_25,Net interest income to total net operating income,0.7789517601147486
202509,MT,PFT_25,Net interest income to total net operating income,0.8049825532319945
202509,NL,PFT_25,Net interest income to total net operating income,0.6791131066033134
202509,NO,PFT_25,Net interest income to total net operating income,0.7480800286549811
202509,PL,PFT_25,Net interest income to total net operating income,0.7886633459555472
202509,PT,PFT_25,Net interest income to total net operating income,0.7450373016958906
202509,RO,PFT_25,Net interest income to total net operating income,0.711499147870646
202509,SE,PFT_25,Net interest income to total net operating income,0.6906161660710727
202509,SI,PFT_25,Net interest income to total net operating income,0.7191774131670856
202509,SK,PFT_25,Net interest income to total net operating income,0.7115883823648101
202509,AT,PFT_26,Net fee and comission income to total net operating income,0.30341531661787474
202509,BE,PFT_26,Net fee and comission income to total net operating income,0.2503676893415544
202509,BG,PFT_26,Net fee and comission income to total net operating income,0.23880241276988637
202509,CY,PFT_26,Net fee and comission income to total net operating income,0.1634808865780166
202509,CZ,PFT_26,Net fee and comission income to total net operating income,0.2451007196283261
202509,DE,PFT_26,Net fee and comission income to total net operating income,0.3113332361508435
202509,DK,PFT_26,Net fee and comission income to total net operating income,0.1954807224035318
202509,EE,PFT_26,Net fee and comission income to total net operating income,0.15269818591031614
202509,ES,PFT_26,Net fee and comission income to total net operating income,0.24021277667125676
202509,EU,PFT_26,Net fee and comission income to total net operating income,0.28518030941873884
202509,FI,PFT_26,Net fee and comission income to total net operating income,0.221976448062459
202509,FR,PFT_26,Net fee and comission income to total net operating income,0.34201500439970833
202509,GR,PFT_26,Net fee and comission income to total net operating income,0.19404468271288738
202509,HR,PFT_26,Net fee and comission income to total net operating income,0.2469300630754067
202509,HU,PFT_26,Net fee and comission income to total net operating income,0.3296797907503206
202509,IE,PFT_26,Net fee and comission income to total net operating income,0.19458289698970924
202509,IS,PFT_26,Net fee and comission income to total net operating income,0.18363648780559375
202509,IT,PFT_26,Net fee and comission income to total net operating income,0.325931749098361
202509,LI,PFT_26,Net fee and comission income to total net operating income,0.6012957830650538
202509,LT,PFT_26,Net fee and comission income to total net operating income,1.06977011001137
202509,LU,PFT_26,Net fee and comission income to total net operating income,0.20771498801644525
202509,LV,PFT_26,Net fee and comission income to total net operating income,0.17622466522647004
202509,MT,PFT_26,Net fee and comission income to total net operating income,0.1451691009434283
202509,NL,PFT_26,Net fee and comission income to total net operating income,0.18889951521003667
202509,NO,PFT_26,Net fee and comission income to total net operating income,0.19180591161152635
202509,PL,PFT_26,Net fee and comission income to total net operating income,0.17792631373497633
202509,PT,PFT_26,Net fee and comission income to total net operating income,0.2129777165656291
202509,RO,PFT_26,Net fee and comission income to total net operating income,0.15277291295699036
202509,SE,PFT_26,Net fee and comission income to total net operating income,0.2341340367665448
202509,SI,PFT_26,Net fee and comission income to total net operating income,0.23456295734762148
202509,SK,PFT_26,Net fee and comission income to total net operating income,0.2585922272014685
202509,AT,PFT_29,Net trading income to total net operating income,-0.05027279376155348
202509,BE,PFT_29,Net trading income to total net operating income,0.024874062096852733
202509,BG,PFT_29,Net trading income to total net operating income,-0.024781685568216312
202509,CY,PFT_29,Net trading income to total net operating income,0.0043391227760513525
202509,CZ,PFT_29,Net trading income to total net operating income,0.03629278232846446
202509,DE,PFT_29,Net trading income to total net operating income,0.1087659213378538
202509,DK,PFT_29,Net trading income to total net operating income,0.10479398488339334
202509,EE,PFT_29,Net trading income to total net operating income,0.009823409547721393
202509,ES,PFT_29,Net trading income to total net operating income,0.047676022775475
202509,EU,PFT_29,Net trading income to total net operating income,0.0691820038422677
202509,FI,PFT_29,Net trading income to total net operating income,0.08503103867551866
202509,FR,PFT_29,Net trading income to total net operating income,0.12089531934515302
202509,GR,PFT_29,Net trading income to total net operating income,0.017369504809382694
202509,HR,PFT_29,Net trading income to total net operating income,0.008878790828258175
202509,HU,PFT_29,Net trading income to total net operating income,-0.020611058752649944
202509,IE,PFT_29,Net trading income to total net operating income,0.02732739778656248
202509,IS,PFT_29,Net trading income to total net operating income,0.005129215313621106
202509,IT,PFT_29,Net trading income to total net operating income,0.03284403120768474
202509,LI,PFT_29,Net trading income to total net operating income,0.1427984053019024
202509,LT,PFT_29,Net trading income to total net operating income,0.04145785574101151
202509,LU,PFT_29,Net trading income to total net operating income,-0.016672655609868584
202509,LV,PFT_29,Net trading income to total net operating income,0.018381489225446586
202509,MT,PFT_29,Net trading income to total net operating income,0.015501082212303128
202509,NL,PFT_29,Net trading income to total net operating income,0.09793908813952557
202509,NO,PFT_29,Net trading income to total net operating income,0.042606358020968134
202509,PL,PFT_29,Net trading income to total net operating income,0.004812183031444794
202509,PT,PFT_29,Net trading income to total net operating income,0.01497723089176424
202509,RO,PFT_29,Net trading income to total net operating income,0.04185725193099444
202509,SE,PFT_29,Net trading income to total net operating income,0.010584356411784311
202509,SI,PFT_29,Net trading income to total net operating income,0.011560062733338232
202509,SK,PFT_29,Net trading income to total net operating income,0.01539144924425661
202509,AT,PFT_41,Net interest margin,0.022518474472639008
202509,BE,PFT_41,Net interest margin,0.014430343485354538
202509,BG,PFT_41,Net interest margin,0.02793938719124872
202509,CY,PFT_41,Net interest margin,0.02686588552560778
202509,CZ,PFT_41,Net interest margin,0.018447353459961853
202509,DE,PFT_41,Net interest margin,0.01134573822778985
202509,DK,PFT_41,Net interest margin,0.010889409890871232
202509,EE,PFT_41,Net interest margin,0.02800781799575057
202509,ES,PFT_41,Net interest margin,0.02602864768897322
202509,EU,PFT_41,Net interest margin,0.015791185792684074
202509,FI,PFT_41,Net interest margin,0.014938906190486644
202509,FR,PFT_41,Net interest margin,0.009231922041789133
202509,GR,PFT_41,Net interest margin,0.02818922214250643
202509,HR,PFT_41,Net interest margin,0.026089494902084398
202509,HU,PFT_41,Net interest margin,0.04431478237213335
202509,IE,PFT_41,Net interest margin,0.022834633434429964
202509,IS,PFT_41,Net interest margin,0.03228518802620838
202509,IT,PFT_41,Net interest margin,0.02087438249238915
202509,LI,PFT_41,Net interest margin,0.006669262683391885
202509,LT,PFT_41,Net interest margin,0.02748977775822461
202509,LU,PFT_41,Net interest margin,0.02026827737269337
202509,LV,PFT_41,Net interest margin,0.028536201294731233
202509,MT,PFT_41,Net interest margin,0.02304282435064178
202509,NL,PFT_41,Net interest margin,0.014923872371955754
202509,NO,PFT_41,Net interest margin,0.021270538157567537
202509,PL,PFT_41,Net interest margin,0.04433990591584043
202509,PT,PFT_41,Net interest margin,0.026979939173124686
202509,RO,PFT_41,Net interest margin,0.03497640492806178
202509,SE,PFT_41,Net interest margin,0.013880527399804153
202509,SI,PFT_41,Net interest margin,0.032252867650972177
202509,SK,PFT_41,Net interest margin,0.024318056596482934
202509,AT,PFT_43,Cost of risk,0.004641806926273249
202509,BE,PFT_43,Cost of risk,0.0019327695450762437
202509,BG,PFT_43,Cost of risk,0.006099707365132298
202509,CY,PFT_43,Cost of risk,0.007144707756074428
202509,CZ,PFT_43,Cost of risk,0.000934435076199113
202509,DE,PFT_43,Cost of risk,0.005380769498149359
202509,DK,PFT_43,Cost of risk,0.004268941245199808
202509,EE,PFT_43,Cost of risk,0.00010830742525710175
202509,ES,PFT_43,Cost of risk,0.009956695563669161
202509,EU,PFT_43,Cost of risk,0.004700198482132363
202509,FI,PFT_43,Cost of risk,0.0005895403611044395
202509,FR,PFT_43,Cost of risk,0.004673495319571799
202509,GR,PFT_43,Cost of risk,0.0053400962968950865
202509,HR,PFT_43,Cost of risk,0.0010647908257353724
202509,HU,PFT_43,Cost of risk,0.008711216248165942
202509,IE,PFT_43,Cost of risk,0.002994676161843377
202509,IS,PFT_43,Cost of risk,0.002482149743262289
202509,IT,PFT_43,Cost of risk,0.003916527418725047
202509,LI,PFT_43,Cost of risk,-0.0001223905539909458
202509,LT,PFT_43,Cost of risk,0.008276397836844444
202509,LU,PFT_43,Cost of risk,0.0019948602037716087
202509,LV,PFT_43,Cost of risk,0.0007409926064947762
202509,MT,PFT_43,Cost of risk,0.0018880170915937374
202509,NL,PFT_43,Cost of risk,0.0013794542089663481
202509,NO,PFT_43,Cost of risk,0.0009630965572308067
202509,PL,PFT_43,Cost of risk,0.005483950720853188
202509,PT,PFT_43,Cost of risk,0.0026197001517882916
202509,RO,PFT_43,Cost of risk,0.018948731019126724
202509,SE,PFT_43,Cost of risk,0.0008056959153543304
202509,SI,PFT_43,Cost of risk,0.00545172094740546
202509,SK,PFT_43,Cost of risk,0.004465687781776095
202509,AT,SVC_1,Tier 1 capital ratio,0.1919758038889059
202509,BE,SVC_1,Tier 1 capital ratio,0.19023650957159202
202509,BG,SVC_1,Tier 1 capital ratio,0.2263719176042233
202509,CY,SVC_1,Tier 1 capital ratio,0.27611797129629806
202509,CZ,SVC_1,Tier 1 capital ratio,0.17775821380318296
202509,DE,SVC_1,Tier 1 capital ratio,0.18852352931657199
202509,DK,SVC_1,Tier 1 capital ratio,0.19003248447060248
202509,EE,SVC_1,Tier 1 capital ratio,0.22002445489482161
202509,ES,SVC_1,Tier 1 capital ratio,0.14978544986241932
202509,EU,SVC_1,Tier 1 capital ratio,0.17764058998409604
202509,FI,SVC_1,Tier 1 capital ratio,0.19766588322872145
202509,FR,SVC_1,Tier 1 capital ratio,0.17215323723135256
202509,GR,SVC_1,Tier 1 capital ratio,0.1747830941746562
202509,HR,SVC_1,Tier 1 capital ratio,0.20188538173898468
202509,HU,SVC_1,Tier 1 capital ratio,0.1850104112663136
202509,IE,SVC_1,Tier 1 capital ratio,0.1928805584953765
202509,IT,SVC_1,Tier 1 capital ratio,0.17469027425410072
202509,LI,SVC_1,Tier 1 capital ratio,0.18767801731932285
202509,LT,SVC_1,Tier 1 capital ratio,0.21556720960442544
202509,LU,SVC_1,Tier 1 capital ratio,0.234859206768717
202509,LV,SVC_1,Tier 1 capital ratio,0.2291757164149994
202509,MT,SVC_1,Tier 1 capital ratio,0.21812793013071208
202509,NL,SVC_1,Tier 1 capital ratio,0.18711564064344094
202509,NO,SVC_1,Tier 1 capital ratio,0.19775447582610456
202509,PL,SVC_1,Tier 1 capital ratio,0.1635351829957636
202509,PT,SVC_1,Tier 1 capital ratio,0.18804407072538598
202509,RO,SVC_1,Tier 1 capital ratio,0.20208729422930036
202509,SE,SVC_1,Tier 1 capital ratio,0.20495514114656319
202509,SI,SVC_1,Tier 1 capital ratio,0.16297325750204744
202509,SK,SVC_1,Tier 1 capital ratio,0.18876636834697474
202509,AT,SVC_13,Leverage ratio,0.07837678316036044
202509,BE,SVC_13,Leverage ratio,0.06875203853280115
202509,BG,SVC_13,Leverage ratio,0.10064037904257994
202509,CY,SVC_13,Leverage ratio,0.09342039471729047
202509,CZ,SVC_13,Leverage ratio,0.05222863177107001
202509,DE,SVC_13,Leverage ratio,0.058357487501088746
202509,DK,SVC_13,Leverage ratio,0.048402180142121436
202509,EE,SVC_13,Leverage ratio,0.087865094196365
202509,ES,SVC_13,Leverage ratio,0.055932345813870576
202509,EU,SVC_13,Leverage ratio,0.05857964178217875
202509,FI,SVC_13,Leverage ratio,0.06392840479523397
202509,FR,SVC_13,Leverage ratio,0.053924015961555896
202509,GR,SVC_13,Leverage ratio,0.07869392521320008
202509,HR,SVC_13,Leverage ratio,0.08248622356032728
202509,HU,SVC_13,Leverage ratio,0.09614600846386885
202509,IE,SVC_13,Leverage ratio,0.07401879193137775
202509,IT,SVC_13,Leverage ratio,0.0602981658853817
202509,LI,SVC_13,Leverage ratio,0.07458949755936455
202509,LT,SVC_13,Leverage ratio,0.05996807611755633
202509,LU,SVC_13,Leverage ratio,0.09325406803653429
202509,LV,SVC_13,Leverage ratio,0.08925506408100002
202509,MT,SVC_13,Leverage ratio,0.06841564762919441
202509,NL,SVC_13,Leverage ratio,0.055862101644800655
202509,NO,SVC_13,Leverage ratio,0.06517159640703137
202509,PL,SVC_13,Leverage ratio,0.07467989479892034
202509,PT,SVC_13,Leverage ratio,0.07115368458757589
202509,RO,SVC_13,Leverage ratio,0.08390521495724937
202509,SE,SVC_13,Leverage ratio,0.05322921786902875
202509,SI,SVC_13,Leverage ratio,0.09448369134563497
202509,SK,SVC_13,Leverage ratio,0.07087190777294407
202509,AT,SVC_2,Total capital ratio,0.22029214218186804
202509,BE,SVC_2,Total capital ratio,0.21430591385763198
202509,BG,SVC_2,Total capital ratio,0.24711448461859511
202509,CY,SVC_2,Total capital ratio,0.3020642238819483
202509,CZ,SVC_2,Total capital ratio,0.19030915111912242
202509,DE,SVC_2,Total capital ratio,0.22434447064797772
202509,DK,SVC_2,Total capital ratio,0.22253228531182612
202509,EE,SVC_2,Total capital ratio,0.24019437707507063
202509,ES,SVC_2,Total capital ratio,0.1760667824530103
202509,EU,SVC_2,Total capital ratio,0.203985833169386
202509,FI,SVC_2,Total capital ratio,0.21815660476383947
202509,FR,SVC_2,Total capital ratio,0.19607040998945124
202509,GR,SVC_2,Total capital ratio,0.20300783745174028
202509,HR,SVC_2,Total capital ratio,0.21297742086737206
202509,HU,SVC_2,Total capital ratio,0.20285832379485771
202509,IE,SVC_2,Total capital ratio,0.21312006836680433
202509,IT,SVC_2,Total capital ratio,0.19921713397098503
202509,LI,SVC_2,Total capital ratio,0.18767801731932285
202509,LT,SVC_2,Total capital ratio,0.22753782931489075
202509,LU,SVC_2,Total capital ratio,0.2379797913384096
202509,LV,SVC_2,Total capital ratio,0.24685501753083405
202509,MT,SVC_2,Total capital ratio,0.27432645867341066
202509,NL,SVC_2,Total capital ratio,0.21533103285687127
202509,NO,SVC_2,Total capital ratio,0.2240051797968035
202509,PL,SVC_2,Total capital ratio,0.17718908434345668
202509,PT,SVC_2,Total capital ratio,0.204933882752822
202509,RO,SVC_2,Total capital ratio,0.2274024278112278
202509,SE,SVC_2,Total capital ratio,0.23076653539593903
202509,SI,SVC_2,Total capital ratio,0.1816798998145344
202509,SK,SVC_2,Total capital ratio,0.20056642485151377
202509,AT,SVC_3,CET 1 capital ratio,0.17483934273205032
202509,BE,SVC_3,CET 1 capital ratio,0.17390874261620495
202509,BG,SVC_3,CET 1 capital ratio,0.2263719176042233
202509,CY,SVC_3,CET 1 capital ratio,0.2642131654529312
202509,CZ,SVC_3,CET 1 capital ratio,0.17775821380318296
202509,DE,SVC_3,CET 1 capital ratio,0.17404021482238904
202509,DK,SVC_3,CET 1 capital ratio,0.17918383153496967
202509,EE,SVC_3,CET 1 capital ratio,0.20952856908364514
202509,ES,SVC_3,CET 1 capital ratio,0.13281333297795095
202509,EU,SVC_3,CET 1 capital ratio,0.16305900922127564
202509,FI,SVC_3,CET 1 capital ratio,0.18002382989325463
202509,FR,SVC_3,CET 1 capital ratio,0.15981311873827087
202509,GR,SVC_3,CET 1 capital ratio,0.16085037835262592
202509,HR,SVC_3,CET 1 capital ratio,0.1970542324442318
202509,HU,SVC_3,CET 1 capital ratio,0.18501041126631362
202509,IE,SVC_3,CET 1 capital ratio,0.18017457046605276
202509,IT,SVC_3,CET 1 capital ratio,0.15836775510727
202509,LI,SVC_3,CET 1 capital ratio,0.18767801731932285
202509,LT,SVC_3,CET 1 capital ratio,0.2130244406457656
202509,LU,SVC_3,CET 1 capital ratio,0.23252042433500153
202509,LV,SVC_3,CET 1 capital ratio,0.2291757164149994
202509,MT,SVC_3,CET 1 capital ratio,0.21812793013071208
202509,NL,SVC_3,CET 1 capital ratio,0.1640243399448031
202509,NO,SVC_3,CET 1 capital ratio,0.18003730415112182
202509,PL,SVC_3,CET 1 capital ratio,0.1635351829957636
202509,PT,SVC_3,CET 1 capital ratio,0.17398077007344295
202509,RO,SVC_3,CET 1 capital ratio,0.19144391771121408
202509,SE,SVC_3,CET 1 capital ratio,0.1885913113084663
202509,SI,SVC_3,CET 1 capital ratio,0.1604864565159817
202509,SK,SVC_3,CET 1 capital ratio,0.16918377430021939
202512,AT,AQT_3.1,Non-performing debt instruments (loans and advances & debt securities) other than held for trading to total gross debt instruments (NPE ratio),0.01891864451905428
202512,BE,AQT_3.1,Non-performing debt instruments (loans and advances & debt securities) other than held for trading to total gross debt instruments (NPE ratio),0.011914664910584126
202512,BG,AQT_3.1,Non-performing debt instruments (loans and advances & debt securities) other than held for trading to total gross debt instruments (NPE ratio),0.015624869852086417
202512,CY,AQT_3.1,Non-performing debt instruments (loans and advances & debt securities) other than held for trading to total gross debt instruments (NPE ratio),0.006445486999569727
202512,CZ,AQT_3.1,Non-performing debt instruments (loans and advances & debt securities) other than held for trading to total gross debt instruments (NPE ratio),0.008308309878510507
202512,DE,AQT_3.1,Non-performing debt instruments (loans and advances & debt securities) other than held for trading to total gross debt instruments (NPE ratio),0.014454010812564902
202512,DK,AQT_3.1,Non-performing debt instruments (loans and advances & debt securities) other than held for trading to total gross debt instruments (NPE ratio),0.010342066070721283
202512,EE,AQT_3.1,Non-performing debt instruments (loans and advances & debt securities) other than held for trading to total gross debt instruments (NPE ratio),0.00779430529356385
202512,ES,AQT_3.1,Non-performing debt instruments (loans and advances & debt securities) other than held for trading to total gross debt instruments (NPE ratio),0.021232067528408536
202512,EU,AQT_3.1,Non-performing debt instruments (loans and advances & debt securities) other than held for trading to total gross debt instruments (NPE ratio),0.015894390318408648
202512,FI,AQT_3.1,Non-performing debt instruments (loans and advances & debt securities) other than held for trading to total gross debt instruments (NPE ratio),0.009996743962558709
202512,FR,AQT_3.1,Non-performing debt instruments (loans and advances & debt securities) other than held for trading to total gross debt instruments (NPE ratio),0.019158344788005672
202512,GR,AQT_3.1,Non-performing debt instruments (loans and advances & debt securities) other than held for trading to total gross debt instruments (NPE ratio),0.018396822221190552
202512,HR,AQT_3.1,Non-performing debt instruments (loans and advances & debt securities) other than held for trading to total gross debt instruments (NPE ratio),0.014757280240851062
202512,HU,AQT_3.1,Non-performing debt instruments (loans and advances & debt securities) other than held for trading to total gross debt instruments (NPE ratio),0.021588166180733576
202512,IE,AQT_3.1,Non-performing debt instruments (loans and advances & debt securities) other than held for trading to total gross debt instruments (NPE ratio),0.009321690748372769
202512,IS,AQT_3.1,Non-performing debt instruments (loans and advances & debt securities) other than held for trading to total gross debt instruments (NPE ratio),0.013158195200046874
202512,IT,AQT_3.1,Non-performing debt instruments (loans and advances & debt securities) other than held for trading to total gross debt instruments (NPE ratio),0.015875044260856692
202512,LI,AQT_3.1,Non-performing debt instruments (loans and advances & debt securities) other than held for trading to total gross debt instruments (NPE ratio),0.00315263072414399
202512,LT,AQT_3.1,Non-performing debt instruments (loans and advances & debt securities) other than held for trading to total gross debt instruments (NPE ratio),0.0033840561457325717
202512,LU,AQT_3.1,Non-performing debt instruments (loans and advances & debt securities) other than held for trading to total gross debt instruments (NPE ratio),0.014679431970875683
202512,LV,AQT_3.1,Non-performing debt instruments (loans and advances & debt securities) other than held for trading to total gross debt instruments (NPE ratio),0.0037325119333576086
202512,MT,AQT_3.1,Non-performing debt instruments (loans and advances & debt securities) other than held for trading to total gross debt instruments (NPE ratio),0.008629206833391277
202512,NL,AQT_3.1,Non-performing debt instruments (loans and advances & debt securities) other than held for trading to total gross debt instruments (NPE ratio),0.012170242786275154
202512,NO,AQT_3.1,Non-performing debt instruments (loans and advances & debt securities) other than held for trading to total gross debt instruments (NPE ratio),0.007490966802603304
202512,PL,AQT_3.1,Non-performing debt instruments (loans and advances & debt securities) other than held for trading to total gross debt instruments (NPE ratio),0.022143384800447946
202512,PT,AQT_3.1,Non-performing debt instruments (loans and advances & debt securities) other than held for trading to total gross debt instruments (NPE ratio),0.014771345464704837
202512,RO,AQT_3.1,Non-performing debt instruments (loans and advances & debt securities) other than held for trading to total gross debt instruments (NPE ratio),0.02137856193114661
202512,SE,AQT_3.1,Non-performing debt instruments (loans and advances & debt securities) other than held for trading to total gross debt instruments (NPE ratio),0.0031930874398941817
202512,SI,AQT_3.1,Non-performing debt instruments (loans and advances & debt securities) other than held for trading to total gross debt instruments (NPE ratio),0.016580443801186756
202512,SK,AQT_3.1,Non-performing debt instruments (loans and advances & debt securities) other than held for trading to total gross debt instruments (NPE ratio),0.015433522489649989
202512,AT,AQT_3.2,"Share of non‐performing loans and advances
(NPL ratio)",0.023221059060425805
202512,BE,AQT_3.2,"Share of non‐performing loans and advances
(NPL ratio)",0.013125769349989581
202512,BG,AQT_3.2,"Share of non‐performing loans and advances
(NPL ratio)",0.01888409735972239
202512,CY,AQT_3.2,"Share of non‐performing loans and advances
(NPL ratio)",0.008499634745561944
202512,CZ,AQT_3.2,"Share of non‐performing loans and advances
(NPL ratio)",0.010023740296426971
202512,DE,AQT_3.2,"Share of non‐performing loans and advances
(NPL ratio)",0.016107275949086865
202512,DK,AQT_3.2,"Share of non‐performing loans and advances
(NPL ratio)",0.011339510240245083
202512,EE,AQT_3.2,"Share of non‐performing loans and advances
(NPL ratio)",0.0083414551961813
202512,ES,AQT_3.2,"Share of non‐performing loans and advances
(NPL ratio)",0.02481892539101468
202512,EU,AQT_3.2,"Share of non‐performing loans and advances
(NPL ratio)",0.018232974326755608
202512,FI,AQT_3.2,"Share of non‐performing loans and advances
(NPL ratio)",0.01144291973639022
202512,FR,AQT_3.2,"Share of non‐performing loans and advances
(NPL ratio)",0.021410062144422294
202512,GR,AQT_3.2,"Share of non‐performing loans and advances
(NPL ratio)",0.02467329161598977
202512,HR,AQT_3.2,"Share of non‐performing loans and advances
(NPL ratio)",0.01842626635026078
202512,HU,AQT_3.2,"Share of non‐performing loans and advances
(NPL ratio)",0.02717318133683792
202512,IE,AQT_3.2,"Share of non‐performing loans and advances
(NPL ratio)",0.01115182098663004
202512,IS,AQT_3.2,"Share of non‐performing loans and advances
(NPL ratio)",0.014341206140364693
202512,IT,AQT_3.2,"Share of non‐performing loans and advances
(NPL ratio)",0.019958786921810048
202512,LI,AQT_3.2,"Share of non‐performing loans and advances
(NPL ratio)",0.003683873821003725
202512,LT,AQT_3.2,"Share of non‐performing loans and advances
(NPL ratio)",0.004149269085462178
202512,LU,AQT_3.2,"Share of non‐performing loans and advances
(NPL ratio)",0.01818648821861548
202512,LV,AQT_3.2,"Share of non‐performing loans and advances
(NPL ratio)",0.004055555487158608
202512,MT,AQT_3.2,"Share of non‐performing loans and advances
(NPL ratio)",0.014245481439266237
202512,NL,AQT_3.2,"Share of non‐performing loans and advances
(NPL ratio)",0.013468233770127
202512,NO,AQT_3.2,"Share of non‐performing loans and advances
(NPL ratio)",0.008515464795383862
202512,PL,AQT_3.2,"Share of non‐performing loans and advances
(NPL ratio)",0.035908576953954094
202512,PT,AQT_3.2,"Share of non‐performing loans and advances
(NPL ratio)",0.019586679209638917
202512,RO,AQT_3.2,"Share of non‐performing loans and advances
(NPL ratio)",0.031142582121220102
202512,SE,AQT_3.2,"Share of non‐performing loans and advances
(NPL ratio)",0.003442452279169923
202512,SI,AQT_3.2,"Share of non‐performing loans and advances
(NPL ratio)",0.021908889075191333
202512,SK,AQT_3.2,"Share of non‐performing loans and advances
(NPL ratio)",0.01886206136857939
202512,AT,AQT_41.2,Coverage ratio of non-performing loans and advances,0.3917512034599352
202512,BE,AQT_41.2,Coverage ratio of non-performing loans and advances,0.45732641095814586
202512,BG,AQT_41.2,Coverage ratio of non-performing loans and advances,0.5773316972332257
202512,CY,AQT_41.2,Coverage ratio of non-performing loans and advances,0.5119468990284135
202512,CZ,AQT_41.2,Coverage ratio of non-performing loans and advances,0.5212656060372561
202512,DE,AQT_41.2,Coverage ratio of non-performing loans and advances,0.329433137841311
202512,DK,AQT_41.2,Coverage ratio of non-performing loans and advances,0.255551167620069
202512,EE,AQT_41.2,Coverage ratio of non-performing loans and advances,0.2732377669541695
202512,ES,AQT_41.2,Coverage ratio of non-performing loans and advances,0.46588025844633785
202512,EU,AQT_41.2,Coverage ratio of non-performing loans and advances,0.41400615603377217
202512,FI,AQT_41.2,Coverage ratio of non-performing loans and advances,0.22332822294893315
202512,FR,AQT_41.2,Coverage ratio of non-performing loans and advances,0.4414878878090795
202512,GR,AQT_41.2,Coverage ratio of non-performing loans and advances,0.3865423314136756
202512,HR,AQT_41.2,Coverage ratio of non-performing loans and advances,0.637493341771576
202512,HU,AQT_41.2,Coverage ratio of non-performing loans and advances,0.6081952903400744
202512,IE,AQT_41.2,Coverage ratio of non-performing loans and advances,0.3214629973288541
202512,IS,AQT_41.2,Coverage ratio of non-performing loans and advances,0.2178987440837074
202512,IT,AQT_41.2,Coverage ratio of non-performing loans and advances,0.5070913969156466
202512,LI,AQT_41.2,Coverage ratio of non-performing loans and advances,0.3258393750421621
202512,LT,AQT_41.2,Coverage ratio of non-performing loans and advances,0.3887029225180431
202512,LU,AQT_41.2,Coverage ratio of non-performing loans and advances,0.42458054928552014
202512,LV,AQT_41.2,Coverage ratio of non-performing loans and advances,0.3082384197668913
202512,MT,AQT_41.2,Coverage ratio of non-performing loans and advances,0.3468019602035254
202512,NL,AQT_41.2,Coverage ratio of non-performing loans and advances,0.2595478803577584
202512,NO,AQT_41.2,Coverage ratio of non-performing loans and advances,0.24386834093974594
202512,PL,AQT_41.2,Coverage ratio of non-performing loans and advances,0.5016960797523755
202512,PT,AQT_41.2,Coverage ratio of non-performing loans and advances,0.6023761547784496
202512,RO,AQT_41.2,Coverage ratio of non-performing loans and advances,0.623368055504146
202512,SE,AQT_41.2,Coverage ratio of non-performing loans and advances,0.21598805991728337
202512,SI,AQT_41.2,Coverage ratio of non-performing loans and advances,0.4951486171579954
202512,SK,AQT_41.2,Coverage ratio of non-performing loans and advances,0.5367729329272519
202512,AT,AQT_42.2,Forbearance ratio - Loans and advances (gross amount) (FBL),0.020667833941586805
202512,BE,AQT_42.2,Forbearance ratio - Loans and advances (gross amount) (FBL),0.006977598148253642
202512,BG,AQT_42.2,Forbearance ratio - Loans and advances (gross amount) (FBL),0.015705438080059912
202512,CY,AQT_42.2,Forbearance ratio - Loans and advances (gross amount) (FBL),0.013800690491212884
202512,CZ,AQT_42.2,Forbearance ratio - Loans and advances (gross amount) (FBL),0.006207163039610195
202512,DE,AQT_42.2,Forbearance ratio - Loans and advances (gross amount) (FBL),0.017132116542206866
202512,DK,AQT_42.2,Forbearance ratio - Loans and advances (gross amount) (FBL),0.004208564120531954
202512,EE,AQT_42.2,Forbearance ratio - Loans and advances (gross amount) (FBL),0.01143823066779645
202512,ES,AQT_42.2,Forbearance ratio - Loans and advances (gross amount) (FBL),0.017363550567220904
202512,EU,AQT_42.2,Forbearance ratio - Loans and advances (gross amount) (FBL),0.013497860166820986
202512,FI,AQT_42.2,Forbearance ratio - Loans and advances (gross amount) (FBL),0.014517920274789637
202512,FR,AQT_42.2,Forbearance ratio - Loans and advances (gross amount) (FBL),0.011411448281519838
202512,GR,AQT_42.2,Forbearance ratio - Loans and advances (gross amount) (FBL),0.01967383941742888
202512,HR,AQT_42.2,Forbearance ratio - Loans and advances (gross amount) (FBL),0.011262136674684653
202512,HU,AQT_42.2,Forbearance ratio - Loans and advances (gross amount) (FBL),0.012386898664495851
202512,IE,AQT_42.2,Forbearance ratio - Loans and advances (gross amount) (FBL),0.013326514694781801
202512,IS,AQT_42.2,Forbearance ratio - Loans and advances (gross amount) (FBL),0.02281944219854189
202512,IT,AQT_42.2,Forbearance ratio - Loans and advances (gross amount) (FBL),0.015335103113390921
202512,LI,AQT_42.2,Forbearance ratio - Loans and advances (gross amount) (FBL),0.0021096607389038667
202512,LT,AQT_42.2,Forbearance ratio - Loans and advances (gross amount) (FBL),0.00417888243034837
202512,LU,AQT_42.2,Forbearance ratio - Loans and advances (gross amount) (FBL),0.008166249679553038
202512,LV,AQT_42.2,Forbearance ratio - Loans and advances (gross amount) (FBL),0.006773866639486753
202512,MT,AQT_42.2,Forbearance ratio - Loans and advances (gross amount) (FBL),0.019526606511119225
202512,NL,AQT_42.2,Forbearance ratio - Loans and advances (gross amount) (FBL),0.013918416947299025
202512,NO,AQT_42.2,Forbearance ratio - Loans and advances (gross amount) (FBL),0.00948878274706888
202512,PL,AQT_42.2,Forbearance ratio - Loans and advances (gross amount) (FBL),0.015085954790898285
202512,PT,AQT_42.2,Forbearance ratio - Loans and advances (gross amount) (FBL),0.015721034557293182
202512,RO,AQT_42.2,Forbearance ratio - Loans and advances (gross amount) (FBL),0.012544898928760866
202512,SE,AQT_42.2,Forbearance ratio - Loans and advances (gross amount) (FBL),0.005108990805519717
202512,SI,AQT_42.2,Forbearance ratio - Loans and advances (gross amount) (FBL),0.017045214287016375
202512,SK,AQT_42.2,Forbearance ratio - Loans and advances (gross amount) (FBL),0.013288813149218379
202512,AT,FND_32,Loans and advances-to-deposits ratio for households and non-financial corporations,0.9761420581219145
202512,BE,FND_32,Loans and advances-to-deposits ratio for households and non-financial corporations,1.0236105298273945
202512,BG,FND_32,Loans and advances-to-deposits ratio for households and non-financial corporations,0.7700265606105142
202512,CY,FND_32,Loans and advances-to-deposits ratio for households and non-financial corporations,0.46455897967186455
202512,CZ,FND_32,Loans and advances-to-deposits ratio for households and non-financial corporations,0.8994592489208624
202512,DE,FND_32,Loans and advances-to-deposits ratio for households and non-financial corporations,1.0934658473450185
202512,DK,FND_32,Loans and advances-to-deposits ratio for households and non-financial corporations,2.823496560310432
202512,EE,FND_32,Loans and advances-to-deposits ratio for households and non-financial corporations,1.046858006752665
202512,ES,FND_32,Loans and advances-to-deposits ratio for households and non-financial corporations,0.9661430871511264
202512,EU,FND_32,Loans and advances-to-deposits ratio for households and non-financial corporations,1.0476857290496024
202512,FI,FND_32,Loans and advances-to-deposits ratio for households and non-financial corporations,1.627531562466367
202512,FR,FND_32,Loans and advances-to-deposits ratio for households and non-financial corporations,1.0397689495385258
202512,GR,FND_32,Loans and advances-to-deposits ratio for households and non-financial corporations,0.6255432707854405
202512,HR,FND_32,Loans and advances-to-deposits ratio for households and non-financial corporations,0.7315011325814944
202512,HU,FND_32,Loans and advances-to-deposits ratio for households and non-financial corporations,0.8055952413535905
202512,IE,FND_32,Loans and advances-to-deposits ratio for households and non-financial corporations,0.6821328306236093
202512,IS,FND_32,Loans and advances-to-deposits ratio for households and non-financial corporations,1.6887279944572038
202512,IT,FND_32,Loans and advances-to-deposits ratio for households and non-financial corporations,0.8793361874016103
202512,LI,FND_32,Loans and advances-to-deposits ratio for households and non-financial corporations,0.7556267834179322
202512,LT,FND_32,Loans and advances-to-deposits ratio for households and non-financial corporations,0.33633137438030775
202512,LU,FND_32,Loans and advances-to-deposits ratio for households and non-financial corporations,1.1880761964390532
202512,LV,FND_32,Loans and advances-to-deposits ratio for households and non-financial corporations,0.7406598322041698
202512,MT,FND_32,Loans and advances-to-deposits ratio for households and non-financial corporations,0.591644915394612
202512,NL,FND_32,Loans and advances-to-deposits ratio for households and non-financial corporations,1.0943415519706388
202512,NO,FND_32,Loans and advances-to-deposits ratio for households and non-financial corporations,1.6956249507642802
202512,PL,FND_32,Loans and advances-to-deposits ratio for households and non-financial corporations,0.7021362826606242
202512,PT,FND_32,Loans and advances-to-deposits ratio for households and non-financial corporations,0.7023019931150364
202512,RO,FND_32,Loans and advances-to-deposits ratio for households and non-financial corporations,0.6229551124011764
202512,SE,FND_32,Loans and advances-to-deposits ratio for households and non-financial corporations,1.709409292633683
202512,SI,FND_32,Loans and advances-to-deposits ratio for households and non-financial corporations,0.7224555301951346
202512,SK,FND_32,Loans and advances-to-deposits ratio for households and non-financial corporations,1.0631187313744923
202512,AT,FND_33,Asset encumbrance ratio,0.1841973384188655
202512,BE,FND_33,Asset encumbrance ratio,0.1083773768413521
202512,BG,FND_33,Asset encumbrance ratio,0.05511971669233745
202512,CY,FND_33,Asset encumbrance ratio,0.07192086297951329
202512,CZ,FND_33,Asset encumbrance ratio,0.1357440489575373
202512,DE,FND_33,Asset encumbrance ratio,0.31522573246824703
202512,DK,FND_33,Asset encumbrance ratio,0.5177974996614954
202512,EE,FND_33,Asset encumbrance ratio,0.03928751887465106
202512,ES,FND_33,Asset encumbrance ratio,0.18226672089540247
202512,EU,FND_33,Asset encumbrance ratio,0.24662567983760597
202512,FI,FND_33,Asset encumbrance ratio,0.29014981339197565
202512,FR,FND_33,Asset encumbrance ratio,0.2868507008129676
202512,GR,FND_33,Asset encumbrance ratio,0.08578053150238177
202512,HR,FND_33,Asset encumbrance ratio,0.014547794304413011
202512,HU,FND_33,Asset encumbrance ratio,0.07713127919338258
202512,IE,FND_33,Asset encumbrance ratio,0.237699529343386
202512,IS,FND_33,Asset encumbrance ratio,0.18480638061009366
202512,IT,FND_33,Asset encumbrance ratio,0.21283043630556697
202512,LI,FND_33,Asset encumbrance ratio,0.05495359534397777
202512,LT,FND_33,Asset encumbrance ratio,0.0117037248532786
202512,LU,FND_33,Asset encumbrance ratio,0.07841188990427939
202512,LV,FND_33,Asset encumbrance ratio,0.004562859566441268
202512,MT,FND_33,Asset encumbrance ratio,0.04521472166157427
202512,NL,FND_33,Asset encumbrance ratio,0.1514653341552299
202512,NO,FND_33,Asset encumbrance ratio,0.18913682965646916
202512,PL,FND_33,Asset encumbrance ratio,0.022693403788068348
202512,PT,FND_33,Asset encumbrance ratio,0.07293880757358323
202512,RO,FND_33,Asset encumbrance ratio,0.01554323013683064
202512,SE,FND_33,Asset encumbrance ratio,0.21575678396554004
202512,SI,FND_33,Asset encumbrance ratio,0.034147831144590066
202512,SK,FND_33,Asset encumbrance ratio,0.18660534951437402
202512,AT,LIQ_17,Liquidity coverage ratio,1.5773519201315187
202512,BE,LIQ_17,Liquidity coverage ratio,1.9470442321299375
202512,BG,LIQ_17,Liquidity coverage ratio,2.534951875877994
202512,CY,LIQ_17,Liquidity coverage ratio,3.2715968049023028
202512,CZ,LIQ_17,Liquidity coverage ratio,1.5013067227103305
202512,DE,LIQ_17,Liquidity coverage ratio,1.5605591305326252
202512,DK,LIQ_17,Liquidity coverage ratio,1.8261298313854795
202512,EE,LIQ_17,Liquidity coverage ratio,1.754310295549193
202512,ES,LIQ_17,Liquidity coverage ratio,1.6181893889280763
202512,EU,LIQ_17,Liquidity coverage ratio,1.630553033356297
202512,FI,LIQ_17,Liquidity coverage ratio,1.76724408657373
202512,FR,LIQ_17,Liquidity coverage ratio,1.4335686310328497
202512,GR,LIQ_17,Liquidity coverage ratio,1.988123635994319
202512,HR,LIQ_17,Liquidity coverage ratio,2.0543527286941243
202512,HU,LIQ_17,Liquidity coverage ratio,2.0673055744835316
202512,IE,LIQ_17,Liquidity coverage ratio,1.7031200236593365
202512,IS,LIQ_17,Liquidity coverage ratio,1.9501612519622444
202512,IT,LIQ_17,Liquidity coverage ratio,1.6919536591297415
202512,LI,LIQ_17,Liquidity coverage ratio,1.9252551310037844
202512,LT,LIQ_17,Liquidity coverage ratio,3.3429288865683295
202512,LU,LIQ_17,Liquidity coverage ratio,1.5512063531480902
202512,LV,LIQ_17,Liquidity coverage ratio,1.6509061665207458
202512,MT,LIQ_17,Liquidity coverage ratio,3.8654289450738366
202512,NL,LIQ_17,Liquidity coverage ratio,1.5784291735173601
202512,NO,LIQ_17,Liquidity coverage ratio,1.341811306038709
202512,PL,LIQ_17,Liquidity coverage ratio,2.484866593827238
202512,PT,LIQ_17,Liquidity coverage ratio,2.5807178501079315
202512,RO,LIQ_17,Liquidity coverage ratio,3.010349907726655
202512,SE,LIQ_17,Liquidity coverage ratio,1.85285946374663
202512,SI,LIQ_17,Liquidity coverage ratio,2.56673158897293
202512,SK,LIQ_17,Liquidity coverage ratio,1.7087209916718833
202512,AT,LIQ_20,Net Stable Funding Ratio,1.3742217595771922
202512,BE,LIQ_20,Net Stable Funding Ratio,1.301849358443124
202512,BG,LIQ_20,Net Stable Funding Ratio,1.6389818053212875
202512,CY,LIQ_20,Net Stable Funding Ratio,1.8457764434839825
202512,CZ,LIQ_20,Net Stable Funding Ratio,1.528409015738801
202512,DE,LIQ_20,Net Stable Funding Ratio,1.2412527529250497
202512,DK,LIQ_20,Net Stable Funding Ratio,1.2803452545446834
202512,EE,LIQ_20,Net Stable Funding Ratio,1.377984438593894
202512,ES,LIQ_20,Net Stable Funding Ratio,1.3245368852298494
202512,EU,LIQ_20,Net Stable Funding Ratio,1.268652279228839
202512,FI,LIQ_20,Net Stable Funding Ratio,1.2505762150595483
202512,FR,LIQ_20,Net Stable Funding Ratio,1.1496940220705973
202512,GR,LIQ_20,Net Stable Funding Ratio,1.364021005430435
202512,HR,LIQ_20,Net Stable Funding Ratio,1.6924045609792115
202512,HU,LIQ_20,Net Stable Funding Ratio,1.4480347913641856
202512,IE,LIQ_20,Net Stable Funding Ratio,1.5881114301403498
202512,IS,LIQ_20,Net Stable Funding Ratio,1.2392878502349887
202512,IT,LIQ_20,Net Stable Funding Ratio,1.3097268987572885
202512,LI,LIQ_20,Net Stable Funding Ratio,1.615639047882643
202512,LT,LIQ_20,Net Stable Funding Ratio,1.9598169259528941
202512,LU,LIQ_20,Net Stable Funding Ratio,1.2534492947119569
202512,LV,LIQ_20,Net Stable Funding Ratio,1.3508118899576376
202512,MT,LIQ_20,Net Stable Funding Ratio,1.9150390435206601
202512,NL,LIQ_20,Net Stable Funding Ratio,1.3408842845410487
202512,NO,LIQ_20,Net Stable Funding Ratio,1.163813267898121
202512,PL,LIQ_20,Net Stable Funding Ratio,1.6121813227991135
202512,PT,LIQ_20,Net Stable Funding Ratio,1.5617638352865428
202512,RO,LIQ_20,Net Stable Funding Ratio,2.035688221522915
202512,SE,LIQ_20,Net Stable Funding Ratio,1.2115573639749575
202512,SI,LIQ_20,Net Stable Funding Ratio,1.6599515365653719
202512,SK,LIQ_20,Net Stable Funding Ratio,1.3423016805673682
202512,AT,PFT_21,"Return on equity (numerator annualised, denominator as average)",0.11373231457299109
202512,BE,PFT_21,"Return on equity (numerator annualised, denominator as average)",0.0997617644814746
202512,BG,PFT_21,"Return on equity (numerator annualised, denominator as average)",0.16976942407805234
202512,CY,PFT_21,"Return on equity (numerator annualised, denominator as average)",0.14992589855224003
202512,CZ,PFT_21,"Return on equity (numerator annualised, denominator as average)",0.16528992754994729
202512,DE,PFT_21,"Return on equity (numerator annualised, denominator as average)",0.06705546145713033
202512,DK,PFT_21,"Return on equity (numerator annualised, denominator as average)",0.11971099677653461
202512,EE,PFT_21,"Return on equity (numerator annualised, denominator as average)",0.13882768401180898
202512,ES,PFT_21,"Return on equity (numerator annualised, denominator as average)",0.14859478360521164
202512,EU,PFT_21,"Return on equity (numerator annualised, denominator as average)",0.10358431576051744
202512,FI,PFT_21,"Return on equity (numerator annualised, denominator as average)",0.12645000645649518
202512,FR,PFT_21,"Return on equity (numerator annualised, denominator as average)",0.06540138547243908
202512,GR,PFT_21,"Return on equity (numerator annualised, denominator as average)",0.1266515553609653
202512,HR,PFT_21,"Return on equity (numerator annualised, denominator as average)",0.1572246732533208
202512,HU,PFT_21,"Return on equity (numerator annualised, denominator as average)",0.19264596350876953
202512,IE,PFT_21,"Return on equity (numerator annualised, denominator as average)",0.11046828319873712
202512,IS,PFT_21,"Return on equity (numerator annualised, denominator as average)",0.12254694588933115
202512,IT,PFT_21,"Return on equity (numerator annualised, denominator as average)",0.1486254747124944
202512,LI,PFT_21,"Return on equity (numerator annualised, denominator as average)",0.07206264215640808
202512,LT,PFT_21,"Return on equity (numerator annualised, denominator as average)",0.1616739327081265
202512,LU,PFT_21,"Return on equity (numerator annualised, denominator as average)",0.0973244734504588
202512,LV,PFT_21,"Return on equity (numerator annualised, denominator as average)",0.14291472501033073
202512,MT,PFT_21,"Return on equity (numerator annualised, denominator as average)",0.10056720428612151
202512,NL,PFT_21,"Return on equity (numerator annualised, denominator as average)",0.09891565577075585
202512,NO,PFT_21,"Return on equity (numerator annualised, denominator as average)",0.1420103108489338
202512,PL,PFT_21,"Return on equity (numerator annualised, denominator as average)",0.19702984958268724
202512,PT,PFT_21,"Return on equity (numerator annualised, denominator as average)",0.16718417215744966
202512,RO,PFT_21,"Return on equity (numerator annualised, denominator as average)",0.19461098723091078
202512,SE,PFT_21,"Return on equity (numerator annualised, denominator as average)",0.1288646540628835
202512,SI,PFT_21,"Return on equity (numerator annualised, denominator as average)",0.13465293066832035
202512,SK,PFT_21,"Return on equity (numerator annualised, denominator as average)",0.12943656501436063
202512,AT,PFT_23,Cost to income ratio,0.5330114648365287
202512,BE,PFT_23,Cost to income ratio,0.49171324649938336
202512,BG,PFT_23,Cost to income ratio,0.32892520395422936
202512,CY,PFT_23,Cost to income ratio,0.41911681143104296
202512,CZ,PFT_23,Cost to income ratio,0.45307721689789826
202512,DE,PFT_23,Cost to income ratio,0.5866045612428995
202512,DK,PFT_23,Cost to income ratio,0.452569641847545
202512,EE,PFT_23,Cost to income ratio,0.47149708401360185
202512,ES,PFT_23,Cost to income ratio,0.4250498217650676
202512,EU,PFT_23,Cost to income ratio,0.5325273140734492
202512,FI,PFT_23,Cost to income ratio,0.4634123541132195
202512,FR,PFT_23,Cost to income ratio,0.6629335310728152
202512,GR,PFT_23,Cost to income ratio,0.3669639970981981
202512,HR,PFT_23,Cost to income ratio,0.4019819349415472
202512,HU,PFT_23,Cost to income ratio,0.5163192571564128
202512,IE,PFT_23,Cost to income ratio,0.5147250245975886
202512,IS,PFT_23,Cost to income ratio,0.38361970264274875
202512,IT,PFT_23,Cost to income ratio,0.500704172296406
202512,LI,PFT_23,Cost to income ratio,0.78633489369014
202512,LT,PFT_23,Cost to income ratio,0.42529253272291795
202512,LU,PFT_23,Cost to income ratio,0.42448167155181393
202512,LV,PFT_23,Cost to income ratio,0.44368875062801605
202512,MT,PFT_23,Cost to income ratio,0.5560212201766048
202512,NL,PFT_23,Cost to income ratio,0.5524507203856966
202512,NO,PFT_23,Cost to income ratio,0.3838959770815093
202512,PL,PFT_23,Cost to income ratio,0.3544075418002927
202512,PT,PFT_23,Cost to income ratio,0.3309419572310564
202512,RO,PFT_23,Cost to income ratio,0.45644175621225025
202512,SE,PFT_23,Cost to income ratio,0.4281742499951766
202512,SI,PFT_23,Cost to income ratio,0.4988678982059023
202512,SK,PFT_23,Cost to income ratio,0.4086740751587093
202512,AT,PFT_24,Return on assets,0.01097213119515123
202512,BE,PFT_24,Return on assets,0.007372463322800171
202512,BG,PFT_24,Return on assets,0.020264980310994826
202512,CY,PFT_24,Return on assets,0.015889091791835824
202512,CZ,PFT_24,Return on assets,0.011761607593792071
202512,DE,PFT_24,Return on assets,0.004465862489161601
202512,DK,PFT_24,Return on assets,0.006997336719615307
202512,EE,PFT_24,Return on assets,0.014649222811632723
202512,ES,PFT_24,Return on assets,0.009772631303322253
202512,EU,PFT_24,Return on assets,0.007309388863420742
202512,FI,PFT_24,Return on assets,0.008804165429425997
202512,FR,PFT_24,Return on assets,0.004252643570823108
202512,GR,PFT_24,Return on assets,0.013375227920736782
202512,HR,PFT_24,Return on assets,0.017808854562463023
202512,HU,PFT_24,Return on assets,0.023215778590645348
202512,IE,PFT_24,Return on assets,0.011188074810866595
202512,IS,PFT_24,Return on assets,0.01688991807579661
202512,IT,PFT_24,Return on assets,0.0130232101593521
202512,LI,PFT_24,Return on assets,0.006791012174565201
202512,LT,PFT_24,Return on assets,0.011053276414708576
202512,LU,PFT_24,Return on assets,0.011656311507429585
202512,LV,PFT_24,Return on assets,0.01611079117058659
202512,MT,PFT_24,Return on assets,0.008196686958107262
202512,NL,PFT_24,Return on assets,0.006257287667288729
202512,NO,PFT_24,Return on assets,0.01284667920651486
202512,PL,PFT_24,Return on assets,0.020347779905680916
202512,PT,PFT_24,Return on assets,0.015527251934599447
202512,RO,PFT_24,Return on assets,0.019069335325953275
202512,SE,PFT_24,Return on assets,0.0086020069538847
202512,SI,PFT_24,Return on assets,0.0167767334629904
202512,SK,PFT_24,Return on assets,0.011287627258581269
202512,AT,PFT_25,Net interest income to total net operating income,0.706485008365016
202512,BE,PFT_25,Net interest income to total net operating income,0.5916996728413996
202512,BG,PFT_25,Net interest income to total net operating income,0.6880127153514973
202512,CY,PFT_25,Net interest income to total net operating income,0.7484388706482434
202512,CZ,PFT_25,Net interest income to total net operating income,0.7144848167452115
202512,DE,PFT_25,Net interest income to total net operating income,0.5054588175988209
202512,DK,PFT_25,Net interest income to total net operating income,0.6246734951970319
202512,EE,PFT_25,Net interest income to total net operating income,0.7946995034242831
202512,ES,PFT_25,Net interest income to total net operating income,0.7220134791495458
202512,EU,PFT_25,Net interest income to total net operating income,0.5832081097117784
202512,FI,PFT_25,Net interest income to total net operating income,0.667094392263401
202512,FR,PFT_25,Net interest income to total net operating income,0.41051186039657195
202512,GR,PFT_25,Net interest income to total net operating income,0.7433839619341476
202512,HR,PFT_25,Net interest income to total net operating income,0.6906880587646657
202512,HU,PFT_25,Net interest income to total net operating income,0.6437452138757755
202512,IE,PFT_25,Net interest income to total net operating income,0.673398452982936
202512,IS,PFT_25,Net interest income to total net operating income,0.7261884931380088
202512,IT,PFT_25,Net interest income to total net operating income,0.5541223968270571
202512,LI,PFT_25,Net interest income to total net operating income,0.15011241580104728
202512,LT,PFT_25,Net interest income to total net operating income,0.8859168542430305
202512,LU,PFT_25,Net interest income to total net operating income,0.7319325797584179
202512,LV,PFT_25,Net interest income to total net operating income,0.7752468703778468
202512,MT,PFT_25,Net interest income to total net operating income,0.8044865581803872
202512,NL,PFT_25,Net interest income to total net operating income,0.6841132026809801
202512,NO,PFT_25,Net interest income to total net operating income,0.731764074085045
202512,PL,PFT_25,Net interest income to total net operating income,0.7867850510215002
202512,PT,PFT_25,Net interest income to total net operating income,0.7316822116250523
202512,RO,PFT_25,Net interest income to total net operating income,0.707864393717762
202512,SE,PFT_25,Net interest income to total net operating income,0.6847085425539788
202512,SI,PFT_25,Net interest income to total net operating income,0.7180782109420811
202512,SK,PFT_25,Net interest income to total net operating income,0.7162277518974914
202512,AT,PFT_26,Net fee and comission income to total net operating income,0.3009867193334825
202512,BE,PFT_26,Net fee and comission income to total net operating income,0.24948308960289203
202512,BG,PFT_26,Net fee and comission income to total net operating income,0.24045049634845447
202512,CY,PFT_26,Net fee and comission income to total net operating income,0.1648453819983667
202512,CZ,PFT_26,Net fee and comission income to total net operating income,0.24773562394950202
202512,DE,PFT_26,Net fee and comission income to total net operating income,0.3175189326707437
202512,DK,PFT_26,Net fee and comission income to total net operating income,0.20929154270328612
202512,EE,PFT_26,Net fee and comission income to total net operating income,0.15499753108305284
202512,ES,PFT_26,Net fee and comission income to total net operating income,0.24185940315424126
202512,EU,PFT_26,Net fee and comission income to total net operating income,0.2886945265617656
202512,FI,PFT_26,Net fee and comission income to total net operating income,0.22560531812808332
202512,FR,PFT_26,Net fee and comission income to total net operating income,0.3460918758250284
202512,GR,PFT_26,Net fee and comission income to total net operating income,0.19880160263905944
202512,HR,PFT_26,Net fee and comission income to total net operating income,0.2492070014898612
202512,HU,PFT_26,Net fee and comission income to total net operating income,0.33187472947002794
202512,IE,PFT_26,Net fee and comission income to total net operating income,0.1948844875960684
202512,IS,PFT_26,Net fee and comission income to total net operating income,0.19037928686538944
202512,IT,PFT_26,Net fee and comission income to total net operating income,0.3324585430657631
202512,LI,PFT_26,Net fee and comission income to total net operating income,0.6149763214452101
202512,LT,PFT_26,Net fee and comission income to total net operating income,1.1272680954722998
202512,LU,PFT_26,Net fee and comission income to total net operating income,0.21138310780703679
202512,LV,PFT_26,Net fee and comission income to total net operating income,0.1763322451981963
202512,MT,PFT_26,Net fee and comission income to total net operating income,0.1493720572374712
202512,NL,PFT_26,Net fee and comission income to total net operating income,0.19044955636106525
202512,NO,PFT_26,Net fee and comission income to total net operating income,0.19406432117270836
202512,PL,PFT_26,Net fee and comission income to total net operating income,0.18173933209082163
202512,PT,PFT_26,Net fee and comission income to total net operating income,0.21129086717495024
202512,RO,PFT_26,Net fee and comission income to total net operating income,0.15362051098936186
202512,SE,PFT_26,Net fee and comission income to total net operating income,0.23787850420518472
202512,SI,PFT_26,Net fee and comission income to total net operating income,0.24017100238794648
202512,SK,PFT_26,Net fee and comission income to total net operating income,0.25964969684308353
202512,AT,PFT_29,Net trading income to total net operating income,-0.0346087527429231
202512,BE,PFT_29,Net trading income to total net operating income,0.02162393487175504
202512,BG,PFT_29,Net trading income to total net operating income,-0.00835307350545139
202512,CY,PFT_29,Net trading income to total net operating income,0.007823699398588783
202512,CZ,PFT_29,Net trading income to total net operating income,0.03944969814846511
202512,DE,PFT_29,Net trading income to total net operating income,0.09610727017628296
202512,DK,PFT_29,Net trading income to total net operating income,0.09342359724847717
202512,EE,PFT_29,Net trading income to total net operating income,0.017091317434272283
202512,ES,PFT_29,Net trading income to total net operating income,0.0440146175099754
202512,EU,PFT_29,Net trading income to total net operating income,0.06271265136794235
202512,FI,PFT_29,Net trading income to total net operating income,0.08553753529837135
202512,FR,PFT_29,Net trading income to total net operating income,0.11762237889918799
202512,GR,PFT_29,Net trading income to total net operating income,0.016104175313343586
202512,HR,PFT_29,Net trading income to total net operating income,0.01418650462558786
202512,HU,PFT_29,Net trading income to total net operating income,-0.01515565117845635
202512,IE,PFT_29,Net trading income to total net operating income,0.022617729379829806
202512,IS,PFT_29,Net trading income to total net operating income,0.022244195733308884
202512,IT,PFT_29,Net trading income to total net operating income,0.02523248396908392
202512,LI,PFT_29,Net trading income to total net operating income,0.14244083071885555
202512,LT,PFT_29,Net trading income to total net operating income,0.03944191050439016
202512,LU,PFT_29,Net trading income to total net operating income,-0.008101447989965156
202512,LV,PFT_29,Net trading income to total net operating income,0.02197115653852196
202512,MT,PFT_29,Net trading income to total net operating income,0.01434390121584082
202512,NL,PFT_29,Net trading income to total net operating income,0.05880105998264663
202512,NO,PFT_29,Net trading income to total net operating income,0.04434659498452453
202512,PL,PFT_29,Net trading income to total net operating income,0.007354522238881034
202512,PT,PFT_29,Net trading income to total net operating income,0.029259252128126925
202512,RO,PFT_29,Net trading income to total net operating income,0.04885038397226187
202512,SE,PFT_29,Net trading income to total net operating income,0.0056196286104929745
202512,SI,PFT_29,Net trading income to total net operating income,0.013047581942280338
202512,SK,PFT_29,Net trading income to total net operating income,0.019356361991530464
202512,AT,PFT_41,Net interest margin,0.02260272039712197
202512,BE,PFT_41,Net interest margin,0.014748374694344661
202512,BG,PFT_41,Net interest margin,0.02730819128371691
202512,CY,PFT_41,Net interest margin,0.02739206390116683
202512,CZ,PFT_41,Net interest margin,0.018711781225180874
202512,DE,PFT_41,Net interest margin,0.01144224265684113
202512,DK,PFT_41,Net interest margin,0.010936379163904147
202512,EE,PFT_41,Net interest margin,0.027272298998592046
202512,ES,PFT_41,Net interest margin,0.026048128506028632
202512,EU,PFT_41,Net interest margin,0.015998986741150894
202512,FI,PFT_41,Net interest margin,0.014795419116515806
202512,FR,PFT_41,Net interest margin,0.009452932596691168
202512,GR,PFT_41,Net interest margin,0.027638826018584767
202512,HR,PFT_41,Net interest margin,0.026174362100229286
202512,HU,PFT_41,Net interest margin,0.044759259262227936
202512,IE,PFT_41,Net interest margin,0.02300563184827048
202512,IS,PFT_41,Net interest margin,0.030579353401596905
202512,IT,PFT_41,Net interest margin,0.021230037655323802
202512,LI,PFT_41,Net interest margin,0.006707479624499291
202512,LT,PFT_41,Net interest margin,0.026395588047105668
202512,LU,PFT_41,Net interest margin,0.020117998816308696
202512,LV,PFT_41,Net interest margin,0.027818858736836767
202512,MT,PFT_41,Net interest margin,0.02277344660823214
202512,NL,PFT_41,Net interest margin,0.015411819723413132
202512,NO,PFT_41,Net interest margin,0.021446009374696498
202512,PL,PFT_41,Net interest margin,0.04339248045968216
202512,PT,PFT_41,Net interest margin,0.026531616816835676
202512,RO,PFT_41,Net interest margin,0.03423069927633589
202512,SE,PFT_41,Net interest margin,0.014486157836224235
202512,SI,PFT_41,Net interest margin,0.03206977661168863
202512,SK,PFT_41,Net interest margin,0.02410853054086384
202512,AT,PFT_43,Cost of risk,0.004365317674688345
202512,BE,PFT_43,Cost of risk,0.0020133606337387876
202512,BG,PFT_43,Cost of risk,0.0062567327153923115
202512,CY,PFT_43,Cost of risk,0.005854038088931031
202512,CZ,PFT_43,Cost of risk,0.001247192287908132
202512,DE,PFT_43,Cost of risk,0.005212656342458773
202512,DK,PFT_43,Cost of risk,0.0035809048569954084
202512,EE,PFT_43,Cost of risk,8.819831739332919e-05
202512,ES,PFT_43,Cost of risk,0.00991384406739722
202512,EU,PFT_43,Cost of risk,0.004782619390400332
202512,FI,PFT_43,Cost of risk,0.0006951030217979894
202512,FR,PFT_43,Cost of risk,0.00494505042316682
202512,GR,PFT_43,Cost of risk,0.004977861185502641
202512,HR,PFT_43,Cost of risk,0.0014173147572474982
202512,HU,PFT_43,Cost of risk,0.007727064649243574
202512,IE,PFT_43,Cost of risk,0.0031387187000618353
202512,IS,PFT_43,Cost of risk,0.0034473784051214534
202512,IT,PFT_43,Cost of risk,0.003733986413251948
202512,LI,PFT_43,Cost of risk,7.885114655449069e-05
202512,LT,PFT_43,Cost of risk,0.008410232694986728
202512,LU,PFT_43,Cost of risk,0.002789000532347792
202512,LV,PFT_43,Cost of risk,0.0008083045917325836
202512,MT,PFT_43,Cost of risk,0.0015315215601924656
202512,NL,PFT_43,Cost of risk,0.0018220126412696136
202512,NO,PFT_43,Cost of risk,0.0011715944296062904
202512,PL,PFT_43,Cost of risk,0.005316395048982424
202512,PT,PFT_43,Cost of risk,0.002362830333994923
202512,RO,PFT_43,Cost of risk,0.01786587632507453
202512,SE,PFT_43,Cost of risk,0.0007966408399850395
202512,SI,PFT_43,Cost of risk,0.006517606458974124
202512,SK,PFT_43,Cost of risk,0.004758732151746192
202512,AT,SVC_1,Tier 1 capital ratio,0.20069244294218716
202512,BE,SVC_1,Tier 1 capital ratio,0.19046621836653743
202512,BG,SVC_1,Tier 1 capital ratio,0.20861434929722472
202512,CY,SVC_1,Tier 1 capital ratio,0.2797549954445158
202512,CZ,SVC_1,Tier 1 capital ratio,0.18174261293219796
202512,DE,SVC_1,Tier 1 capital ratio,0.18937761360073993
202512,DK,SVC_1,Tier 1 capital ratio,0.18159283760724892
202512,EE,SVC_1,Tier 1 capital ratio,0.21201619635228713
202512,ES,SVC_1,Tier 1 capital ratio,0.14914455408827196
202512,EU,SVC_1,Tier 1 capital ratio,0.17801606671814124
202512,FI,SVC_1,Tier 1 capital ratio,0.19903016577738816
202512,FR,SVC_1,Tier 1 capital ratio,0.17336411804953147
202512,GR,SVC_1,Tier 1 capital ratio,0.17184633375455433
202512,HR,SVC_1,Tier 1 capital ratio,0.1988601597584188
202512,HU,SVC_1,Tier 1 capital ratio,0.17386837480540876
202512,IE,SVC_1,Tier 1 capital ratio,0.19410503133765739
202512,IS,SVC_1,Tier 1 capital ratio,0.21328604301661247
202512,IT,SVC_1,Tier 1 capital ratio,0.17532063559590869
202512,LI,SVC_1,Tier 1 capital ratio,0.1902550238217316
202512,LT,SVC_1,Tier 1 capital ratio,0.21940974637837313
202512,LU,SVC_1,Tier 1 capital ratio,0.2390939923640093
202512,LV,SVC_1,Tier 1 capital ratio,0.22257136065116662
202512,MT,SVC_1,Tier 1 capital ratio,0.21675609528512663
202512,NL,SVC_1,Tier 1 capital ratio,0.1875003525734754
202512,NO,SVC_1,Tier 1 capital ratio,0.1959166493310115
202512,PL,SVC_1,Tier 1 capital ratio,0.16291754011603002
202512,PT,SVC_1,Tier 1 capital ratio,0.1910043094716829
202512,RO,SVC_1,Tier 1 capital ratio,0.21012322926925037
202512,SE,SVC_1,Tier 1 capital ratio,0.19501291681320096
202512,SI,SVC_1,Tier 1 capital ratio,0.1778357479429113
202512,SK,SVC_1,Tier 1 capital ratio,0.19063636682503388
202512,AT,SVC_13,Leverage ratio,0.0812827046250597
202512,BE,SVC_13,Leverage ratio,0.06950934261797802
202512,BG,SVC_13,Leverage ratio,0.09171284580890054
202512,CY,SVC_13,Leverage ratio,0.09264041016864624
202512,CZ,SVC_13,Leverage ratio,0.05373584234624741
202512,DE,SVC_13,Leverage ratio,0.059635094613173185
202512,DK,SVC_13,Leverage ratio,0.04631859059093416
202512,EE,SVC_13,Leverage ratio,0.08468833165364834
202512,ES,SVC_13,Leverage ratio,0.05490905602088224
202512,EU,SVC_13,Leverage ratio,0.05969942168179899
202512,FI,SVC_13,Leverage ratio,0.06494054097671047
202512,FR,SVC_13,Leverage ratio,0.05526543840887204
202512,GR,SVC_13,Leverage ratio,0.07648540124289036
202512,HR,SVC_13,Leverage ratio,0.08463138475892994
202512,HU,SVC_13,Leverage ratio,0.09397813541564796
202512,IE,SVC_13,Leverage ratio,0.0765729379801453
202512,IS,SVC_13,Leverage ratio,0.12621807448723762
202512,IT,SVC_13,Leverage ratio,0.0617604136332739
202512,LI,SVC_13,Leverage ratio,0.07229465101224769
202512,LT,SVC_13,Leverage ratio,0.059906480730033615
202512,LU,SVC_13,Leverage ratio,0.09283544401818315
202512,LV,SVC_13,Leverage ratio,0.08589006489849996
202512,MT,SVC_13,Leverage ratio,0.06955679904606925
202512,NL,SVC_13,Leverage ratio,0.058291110173847374
202512,NO,SVC_13,Leverage ratio,0.0676297289480285
202512,PL,SVC_13,Leverage ratio,0.07289997558651282
202512,PT,SVC_13,Leverage ratio,0.07071677142035053
202512,RO,SVC_13,Leverage ratio,0.0838886397556045
202512,SE,SVC_13,Leverage ratio,0.05600455726466814
202512,SI,SVC_13,Leverage ratio,0.10157370241520773
202512,SK,SVC_13,Leverage ratio,0.068302533836661
202512,AT,SVC_2,Total capital ratio,0.22789055518819198
202512,BE,SVC_2,Total capital ratio,0.2140146924231305
202512,BG,SVC_2,Total capital ratio,0.2282606033593435
202512,CY,SVC_2,Total capital ratio,0.3060048055912463
202512,CZ,SVC_2,Total capital ratio,0.19404858218320936
202512,DE,SVC_2,Total capital ratio,0.22542705217961218
202512,DK,SVC_2,Total capital ratio,0.21157047850437857
202512,EE,SVC_2,Total capital ratio,0.23120508020553948
202512,ES,SVC_2,Total capital ratio,0.17685798407240377
202512,EU,SVC_2,Total capital ratio,0.20419696519412278
202512,FI,SVC_2,Total capital ratio,0.22137378280499087
202512,FR,SVC_2,Total capital ratio,0.19694263235518739
202512,GR,SVC_2,Total capital ratio,0.19947021062650072
202512,HR,SVC_2,Total capital ratio,0.2112067926970272
202512,HU,SVC_2,Total capital ratio,0.1902525873524761
202512,IE,SVC_2,Total capital ratio,0.21438607202410845
202512,IS,SVC_2,Total capital ratio,0.2389442280806722
202512,IT,SVC_2,Total capital ratio,0.19929702973675634
202512,LI,SVC_2,Total capital ratio,0.1902550238217316
202512,LT,SVC_2,Total capital ratio,0.23062248524354223
202512,LU,SVC_2,Total capital ratio,0.24296339710877796
202512,LV,SVC_2,Total capital ratio,0.2397003043033312
202512,MT,SVC_2,Total capital ratio,0.28185512694413506
202512,NL,SVC_2,Total capital ratio,0.21390877114608553
202512,NO,SVC_2,Total capital ratio,0.22165590657754536
202512,PL,SVC_2,Total capital ratio,0.17555544866570227
202512,PT,SVC_2,Total capital ratio,0.20768010810381088
202512,RO,SVC_2,Total capital ratio,0.2345383932515122
202512,SE,SVC_2,Total capital ratio,0.22040919806841042
202512,SI,SVC_2,Total capital ratio,0.19780063719052937
202512,SK,SVC_2,Total capital ratio,0.20779485564132666
202512,AT,SVC_3,CET 1 capital ratio,0.18356690240237267
202512,BE,SVC_3,CET 1 capital ratio,0.17440292889735415
202512,BG,SVC_3,CET 1 capital ratio,0.20861434929722472
202512,CY,SVC_3,CET 1 capital ratio,0.26793259142862547
202512,CZ,SVC_3,CET 1 capital ratio,0.18174261293219798
202512,DE,SVC_3,CET 1 capital ratio,0.1742209928451941
202512,DK,SVC_3,CET 1 capital ratio,0.17104415120003547
202512,EE,SVC_3,CET 1 capital ratio,0.20190212069608593
202512,ES,SVC_3,CET 1 capital ratio,0.1328548252996274
202512,EU,SVC_3,CET 1 capital ratio,0.16335187853639502
202512,FI,SVC_3,CET 1 capital ratio,0.18132867843272962
202512,FR,SVC_3,CET 1 capital ratio,0.16091273099342357
202512,GR,SVC_3,CET 1 capital ratio,0.1546136650185317
202512,HR,SVC_3,CET 1 capital ratio,0.19419572586403613
202512,HU,SVC_3,CET 1 capital ratio,0.17386837480540876
202512,IE,SVC_3,CET 1 capital ratio,0.18144562423483954
202512,IS,SVC_3,CET 1 capital ratio,0.20039019727299107
202512,IT,SVC_3,CET 1 capital ratio,0.15851195054170733
202512,LI,SVC_3,CET 1 capital ratio,0.1902550238217316
202512,LT,SVC_3,CET 1 capital ratio,0.19858547777696453
202512,LU,SVC_3,CET 1 capital ratio,0.23675019296780217
202512,LV,SVC_3,CET 1 capital ratio,0.22054907354871553
202512,MT,SVC_3,CET 1 capital ratio,0.21675609528512663
202512,NL,SVC_3,CET 1 capital ratio,0.16602287940372226
202512,NO,SVC_3,CET 1 capital ratio,0.17751288611313928
202512,PL,SVC_3,CET 1 capital ratio,0.16291754011603002
202512,PT,SVC_3,CET 1 capital ratio,0.17691831288819385
202512,RO,SVC_3,CET 1 capital ratio,0.18880886428756982
202512,SE,SVC_3,CET 1 capital ratio,0.17936163262280388
202512,SI,SVC_3,CET 1 capital ratio,0.1666573728384622
202512,SK,SVC_3,CET 1 capital ratio,0.17595466627409076
